csv,errorBound,initMode,i,query,indexUtil,Tree Node Count,Leaf tiles,Overlapped tiles,Fully Contained Tiles With Stats,Fully Contained Tiles Without Stats,Sampling Tiles,Sampling Rate,Sampling Rounds,Expanded nodes,I/Os,Time (sec),Confidence Interval,Error Bound,run
/data-nonraid/maroulis/data/taxi_data/yellow_tripdata_2014_cleaned.csv,0.01,valinor,0,"Query{op=null, rect=(-73.99..-73.94),(40.745..40.77), categoricalFilters={}, groupByCols=[], measureCols=[12], aggregateTypes=[COUNT, MIN, MAX, SUM, AVG]}",0.0,8969,10000,0,0,0,0,0.0,0,0,0,273.601504923,null,,1
/data-nonraid/maroulis/data/taxi_data/yellow_tripdata_2014_cleaned.csv,0.01,valinor,1,"Query{op=P, rect=(-73.9965..-73.9465),(40.74825..40.77325), categoricalFilters={}, groupByCols=[], measureCols=[12], aggregateTypes=[COUNT, MIN, MAX, SUM, AVG]}",0.0,9209,10180,340,270,0,149,0.010949561212354563,1,0,21658,1.105803281,"{12=[6.91477233415054E8, 6.919147697837709E8]}",{12=3.1627793691537716E-4},1
/data-nonraid/maroulis/data/taxi_data/yellow_tripdata_2014_cleaned.csv,0.01,valinor,2,"Query{op=P, rect=(-73.9895..-73.93951),(40.75175..40.776752), categoricalFilters={}, groupByCols=[], measureCols=[12], aggregateTypes=[COUNT, MIN, MAX, SUM, AVG]}",0.0,9461,10369,344,270,8,172,0.006195697315692199,1,0,21707,0.756087616,"{12=[5.718995313325857E8, 5.726966498291391E8]}",{12=6.964189726234922E-4},1
/data-nonraid/maroulis/data/taxi_data/yellow_tripdata_2014_cleaned.csv,0.01,valinor,3,"Query{op=P, rect=(-73.9895..-73.93951),(40.7495..40.7745), categoricalFilters={}, groupByCols=[], measureCols=[12], aggregateTypes=[COUNT, MIN, MAX, SUM, AVG]}",0.0,10069,10825,437,252,255,573,0.00353007057786877,1,0,21997,0.953123024,"{12=[5.782502947050416E8, 5.796174133707399E8]}",{12=0.001180720954702377},1
/data-nonraid/maroulis/data/taxi_data/yellow_tripdata_2014_cleaned.csv,0.01,valinor,4,"Query{op=P, rect=(-73.983505..-73.93351),(40.7525..40.7775), categoricalFilters={}, groupByCols=[], measureCols=[12], aggregateTypes=[COUNT, MIN, MAX, SUM, AVG]}",0.0,10513,11158,386,252,149,372,0.0034387943197465845,1,0,21868,1.036766659,"{12=[4.6656524473891747E8, 4.6796367517477405E8]}",{12=0.0014964014553832457},1
/data-nonraid/maroulis/data/taxi_data/yellow_tripdata_2014_cleaned.csv,0.01,valinor,5,"Query{op=P, rect=(-73.977005..-73.92701),(40.74925..40.77425), categoricalFilters={}, groupByCols=[], measureCols=[12], aggregateTypes=[COUNT, MIN, MAX, SUM, AVG]}",0.0,11213,11683,481,252,376,675,0.010405386949899691,1,0,22062,0.625974882,"{12=[3.246728569510299E8, 3.251201438323666E8]}",{12=6.883528766813982E-4},1
/data-nonraid/maroulis/data/taxi_data/yellow_tripdata_2014_cleaned.csv,0.01,valinor,6,"Query{op=ZI, rect=(-73.981..-73.95601),(40.753624..40.766125), categoricalFilters={}, groupByCols=[], measureCols=[12], aggregateTypes=[COUNT, MIN, MAX, SUM, AVG]}",0.0,11361,11794,86,48,16,145,0.004541212359930542,1,0,21646,0.752310158,"{12=[2.3203871047295806E8, 2.331153163635033E8]}",{12=0.0023145148239762776},1
/data-nonraid/maroulis/data/taxi_data/yellow_tripdata_2014_cleaned.csv,0.01,valinor,7,"Query{op=ZI, rect=(-73.983..-73.970505),(40.755814..40.762062), categoricalFilters={}, groupByCols=[], measureCols=[12], aggregateTypes=[COUNT, MIN, MAX, SUM, AVG]}",0.0,11481,11884,42,12,16,85,0.008394521786150941,1,0,21606,0.732721547,"{12=[7.659787241011173E7, 7.725053723837131E7]}",{12=0.0042422591806494025},1
/data-nonraid/maroulis/data/taxi_data/yellow_tripdata_2014_cleaned.csv,0.01,valinor,8,"Query{op=ZI, rect=(-73.984..-73.97775),(40.756905..40.760033), categoricalFilters={}, groupByCols=[], measureCols=[12], aggregateTypes=[COUNT, MIN, MAX, SUM, AVG]}",0.0,11625,11992,36,0,72,128,0.028722233727033537,2,0,33145,0.339680114,"{12=[1.3430371110902913E7, 1.3655026327374328E7]}",{12=0.008294329702318894},1
/data-nonraid/maroulis/data/taxi_data/yellow_tripdata_2014_cleaned.csv,0.01,valinor,9,"Query{op=P, rect=(-73.98325..-73.977005),(40.75728..40.760406), categoricalFilters={}, groupByCols=[], measureCols=[12], aggregateTypes=[COUNT, MIN, MAX, SUM, AVG]}",0.0,12033,12298,103,1,260,372,0.02365802550345384,1,0,21743,0.210544171,"{12=[1.4503640870131908E7, 1.4713323658279413E7]}",{12=0.007176747876857792},1
/data-nonraid/maroulis/data/taxi_data/yellow_tripdata_2014_cleaned.csv,0.01,valinor,10,"Query{op=P, rect=(-73.984..-73.97775),(40.75728..40.760406), categoricalFilters={}, groupByCols=[], measureCols=[12], aggregateTypes=[COUNT, MIN, MAX, SUM, AVG]}",0.0,13549,13435,380,1,1300,1469,0.02696747486108842,1,0,22278,0.202251685,"{12=[1.3672259101794383E7, 1.386755865703156E7]}",{12=0.00709153404526754},1
/data-nonraid/maroulis/data/taxi_data/yellow_tripdata_2014_cleaned.csv,0.01,valinor,11,"Query{op=P, rect=(-73.984..-73.97775),(40.75678..40.759907), categoricalFilters={}, groupByCols=[], measureCols=[12], aggregateTypes=[COUNT, MIN, MAX, SUM, AVG]}",0.0,15689,15040,1212,1,2528,2769,0.02214154800973866,1,0,20814,0.221934657,"{12=[1.3518380705727369E7, 1.3745262320213415E7]}",{12=0.008321764419750253},1
/data-nonraid/maroulis/data/taxi_data/yellow_tripdata_2014_cleaned.csv,0.01,valinor,12,"Query{op=P, rect=(-73.98475..-73.9785),(40.75678..40.759907), categoricalFilters={}, groupByCols=[], measureCols=[12], aggregateTypes=[COUNT, MIN, MAX, SUM, AVG]}",0.0,17865,16672,2296,1,3584,3798,0.021768054624567296,1,0,18512,0.181789167,"{12=[1.4129246172285546E7, 1.4374423665402096E7]}",{12=0.008601611459601448},1
/data-nonraid/maroulis/data/taxi_data/yellow_tripdata_2014_cleaned.csv,0.01,valinor,13,"Query{op=P, rect=(-73.98412..-73.977875),(40.756466..40.759594), categoricalFilters={}, groupByCols=[], measureCols=[12], aggregateTypes=[COUNT, MIN, MAX, SUM, AVG]}",0.0,20909,18955,3908,1,5668,6158,0.0222414455109322,1,0,16655,0.159401985,"{12=[1.3597948818285547E7, 1.3821413796324838E7]}",{12=0.008149896887837123},1
/data-nonraid/maroulis/data/taxi_data/yellow_tripdata_2014_cleaned.csv,0.01,valinor,14,"Query{op=P, rect=(-73.983376..-73.97713),(40.756466..40.759594), categoricalFilters={}, groupByCols=[], measureCols=[12], aggregateTypes=[COUNT, MIN, MAX, SUM, AVG]}",0.0,25337,22276,5363,1,8272,8588,0.01931669817591,1,0,16725,0.173641752,"{12=[1.4699127918042263E7, 1.4922809214358116E7]}",{12=0.0075512042077488135},1
/data-nonraid/maroulis/data/taxi_data/yellow_tripdata_2014_cleaned.csv,0.01,valinor,15,"Query{op=P, rect=(-73.98412..-73.977875),(40.756466..40.759594), categoricalFilters={}, groupByCols=[], measureCols=[12], aggregateTypes=[COUNT, MIN, MAX, SUM, AVG]}",0.0,27321,23764,9030,1,9978,10503,0.0222414455109322,1,0,6412,0.084499732,"{12=[1.3455325878779672E7, 1.3664857987525985E7]}",{12=0.007726057823916046},1
/data-nonraid/maroulis/data/taxi_data/yellow_tripdata_2014_cleaned.csv,0.01,valinor,16,"Query{op=P, rect=(-73.98487..-73.97862),(40.756466..40.759594), categoricalFilters={}, groupByCols=[], measureCols=[12], aggregateTypes=[COUNT, MIN, MAX, SUM, AVG]}",0.0,27637,24001,5997,2,5879,6211,0.031197447424685432,1,0,9551,0.283710622,"{12=[1.402666431021584E7, 1.418914599356058E7]}",{12=0.00575853330439331},1
/data-nonraid/maroulis/data/taxi_data/yellow_tripdata_2014_cleaned.csv,0.01,valinor,17,"Query{op=P, rect=(-73.98393..-73.977684),(40.756466..40.759594), categoricalFilters={}, groupByCols=[], measureCols=[12], aggregateTypes=[COUNT, MIN, MAX, SUM, AVG]}",0.0,28185,24412,10742,1,10651,11055,0.021663841396883078,1,0,1688,0.066950893,"{12=[1.3669147529577555E7, 1.3864926019928345E7]}",{12=0.007110407764357249},1
/data-nonraid/maroulis/data/taxi_data/yellow_tripdata_2014_cleaned.csv,0.01,valinor,18,"Query{op=P, rect=(-73.98393..-73.977684),(40.756092..40.75922), categoricalFilters={}, groupByCols=[], measureCols=[12], aggregateTypes=[COUNT, MIN, MAX, SUM, AVG]}",0.0,28509,24655,9739,1,9572,9931,0.020945744050388647,1,0,4447,0.079796192,"{12=[1.4025190803866105E7, 1.4233601854496608E7]}",{12=0.007375086867655921},1
/data-nonraid/maroulis/data/taxi_data/yellow_tripdata_2014_cleaned.csv,0.01,valinor,19,"Query{op=P, rect=(-73.98462..-73.97837),(40.75575..40.758877), categoricalFilters={}, groupByCols=[], measureCols=[12], aggregateTypes=[COUNT, MIN, MAX, SUM, AVG]}",0.0,28929,24970,6660,1,6687,6946,0.02187880171790713,1,0,9279,0.117692514,"{12=[1.3895443301417539E7, 1.4124369314321684E7]}",{12=0.008170147889409975},1
/data-nonraid/maroulis/data/taxi_data/yellow_tripdata_2014_cleaned.csv,0.01,valinor,20,"Query{op=P, rect=(-73.98362..-73.97737),(40.75525..40.758377), categoricalFilters={}, groupByCols=[], measureCols=[12], aggregateTypes=[COUNT, MIN, MAX, SUM, AVG]}",0.0,30505,26152,6777,0,7659,7907,0.016132468866206003,1,0,13821,0.166389756,"{12=[1.5433068373399904E7, 1.5720317208352743E7]}",{12=0.009220469287328049},1
/data-nonraid/maroulis/data/taxi_data/yellow_tripdata_2014_cleaned.csv,0.01,valinor,21,"Query{op=P, rect=(-73.98456..-73.97831),(40.75525..40.758377), categoricalFilters={}, groupByCols=[], measureCols=[12], aggregateTypes=[COUNT, MIN, MAX, SUM, AVG]}",0.0,33485,28387,6475,0,8327,8688,0.01725275464278841,1,0,14482,0.158962447,"{12=[1.4861965432595212E7, 1.5139410798178796E7]}",{12=0.0092477546179696},1
/data-nonraid/maroulis/data/taxi_data/yellow_tripdata_2014_cleaned.csv,0.01,valinor,22,"Query{op=P, rect=(-73.98575..-73.9795),(40.754654..40.757782), categoricalFilters={}, groupByCols=[], measureCols=[12], aggregateTypes=[COUNT, MIN, MAX, SUM, AVG]}",0.0,34333,29023,2765,2,3160,3345,0.030234704741484267,1,0,17046,0.213117142,"{12=[1.5837530457385922E7, 1.6015021240765518E7]}",{12=0.005572262626290515},1
/data-nonraid/maroulis/data/taxi_data/yellow_tripdata_2014_cleaned.csv,0.01,valinor,23,"Query{op=P, rect=(-73.98575..-73.9795),(40.75403..40.757156), categoricalFilters={}, groupByCols=[], measureCols=[12], aggregateTypes=[COUNT, MIN, MAX, SUM, AVG]}",0.0,34705,29302,1360,2,1390,1591,0.030257105973113745,1,0,18988,0.165656307,"{12=[1.5494554183114156E7, 1.5667563615675706E7]}",{12=0.0055519151066256755},1
/data-nonraid/maroulis/data/taxi_data/yellow_tripdata_2014_cleaned.csv,0.01,valinor,24,"Query{op=P, rect=(-73.987..-73.98075),(40.75403..40.757156), categoricalFilters={}, groupByCols=[], measureCols=[12], aggregateTypes=[COUNT, MIN, MAX, SUM, AVG]}",0.0,35613,29983,2195,1,2659,2853,0.022103008878449393,1,0,18722,0.197103648,"{12=[1.6174507055035941E7, 1.6413328486134946E7]}",{12=0.0073285453646432675},1
/data-nonraid/maroulis/data/taxi_data/yellow_tripdata_2014_cleaned.csv,0.01,valinor,25,"Query{op=P, rect=(-73.987..-73.98075),(40.753498..40.756626), categoricalFilters={}, groupByCols=[], measureCols=[12], aggregateTypes=[COUNT, MIN, MAX, SUM, AVG]}",0.0,38673,32278,2555,1,4603,4782,0.022364100710944676,1,0,19661,0.201001101,"{12=[1.473649018997913E7, 1.4978411393178077E7]}",{12=0.008141410212042267},1
/data-nonraid/maroulis/data/taxi_data/yellow_tripdata_2014_cleaned.csv,0.01,valinor,26,"Query{op=P, rect=(-73.98594..-73.97969),(40.753498..40.756626), categoricalFilters={}, groupByCols=[], measureCols=[12], aggregateTypes=[COUNT, MIN, MAX, SUM, AVG]}",0.0,41245,34207,5011,1,6551,6889,0.022016863128404934,1,0,14241,0.173277088,"{12=[1.4777107452539366E7, 1.5008452222066011E7]}",{12=0.00776701099640192},1
/data-nonraid/maroulis/data/taxi_data/yellow_tripdata_2014_cleaned.csv,0.01,valinor,27,"Query{op=P, rect=(-73.98475..-73.9785),(40.753498..40.756626), categoricalFilters={}, groupByCols=[], measureCols=[12], aggregateTypes=[COUNT, MIN, MAX, SUM, AVG]}",0.0,43853,36163,6156,1,7793,8067,0.019999242198954405,1,0,13442,0.185795509,"{12=[1.572727889279886E7, 1.5963957328804616E7]}",{12=0.007468261394120557},1
/data-nonraid/maroulis/data/taxi_data/yellow_tripdata_2014_cleaned.csv,0.01,valinor,28,"Query{op=P, rect=(-73.986..-73.97975),(40.753498..40.756626), categoricalFilters={}, groupByCols=[], measureCols=[12], aggregateTypes=[COUNT, MIN, MAX, SUM, AVG]}",0.0,44981,37009,7597,1,7967,8378,0.022133320508042884,1,0,8164,0.100596203,"{12=[1.4692768311931213E7, 1.4921979534933744E7]}",{12=0.007739766152585869},1
/data-nonraid/maroulis/data/taxi_data/yellow_tripdata_2014_cleaned.csv,0.01,valinor,29,"Query{op=P, rect=(-73.98512..-73.978874),(40.753498..40.756626), categoricalFilters={}, groupByCols=[], measureCols=[12], aggregateTypes=[COUNT, MIN, MAX, SUM, AVG]}",0.0,46101,37849,7378,2,7769,8153,0.028147860967885213,1,0,7941,0.093677441,"{12=[1.5555233892079404E7, 1.5730069844717698E7]}",{12=0.005588437117605998},1
/data-nonraid/maroulis/data/taxi_data/yellow_tripdata_2014_cleaned.csv,0.01,valinor,30,"Query{op=P, rect=(-73.984436..-73.97819),(40.753498..40.756626), categoricalFilters={}, groupByCols=[], measureCols=[12], aggregateTypes=[COUNT, MIN, MAX, SUM, AVG]}",0.0,47597,38971,8757,1,9472,9862,0.020196192143298864,1,0,7851,0.108499859,"{12=[1.5507840287595343E7, 1.5722037860907678E7]}",{12=0.006858738682674051},1
/data-nonraid/maroulis/data/taxi_data/yellow_tripdata_2014_cleaned.csv,0.01,valinor,31,"Query{op=P, rect=(-73.985435..-73.97919),(40.753498..40.756626), categoricalFilters={}, groupByCols=[], measureCols=[12], aggregateTypes=[COUNT, MIN, MAX, SUM, AVG]}",0.0,47981,39259,7683,2,7579,7969,0.02970955395270662,1,0,3312,0.04625076,"{12=[1.5185070390639897E7, 1.535567363372885E7]}",{12=0.005586086670083324},1
/data-nonraid/maroulis/data/taxi_data/yellow_tripdata_2014_cleaned.csv,0.01,valinor,32,"Query{op=P, rect=(-73.98463..-73.97838),(40.753498..40.756626), categoricalFilters={}, groupByCols=[], measureCols=[12], aggregateTypes=[COUNT, MIN, MAX, SUM, AVG]}",0.0,50129,40870,9927,1,11100,11484,0.020027328413343582,1,0,6450,0.092914727,"{12=[1.5679740557969403E7, 1.5890084998998065E7]}",{12=0.0066628319072937975},1
/data-nonraid/maroulis/data/taxi_data/yellow_tripdata_2014_cleaned.csv,0.01,valinor,33,"Query{op=P, rect=(-73.985504..-73.979256),(40.753498..40.756626), categoricalFilters={}, groupByCols=[], measureCols=[12], aggregateTypes=[COUNT, MIN, MAX, SUM, AVG]}",0.0,50209,40930,7963,2,7608,8002,0.030051571368003075,1,0,1186,0.041444407,"{12=[1.5090291531934768E7, 1.5258930371436615E7]}",{12=0.005556611633694408},1
/data-nonraid/maroulis/data/taxi_data/yellow_tripdata_2014_cleaned.csv,0.01,valinor,34,"Query{op=P, rect=(-73.98482..-73.97857),(40.753498..40.756626), categoricalFilters={}, groupByCols=[], measureCols=[12], aggregateTypes=[COUNT, MIN, MAX, SUM, AVG]}",0.0,50533,41173,8583,2,8391,8782,0.027449229406054845,1,0,2019,0.048644368,"{12=[1.5698118125463359E7, 1.5869538387431834E7]}",{12=0.005430249847607494},1
/data-nonraid/maroulis/data/taxi_data/yellow_tripdata_2014_cleaned.csv,0.01,valinor,35,"Query{op=P, rect=(-73.98419..-73.97794),(40.753498..40.756626), categoricalFilters={}, groupByCols=[], measureCols=[12], aggregateTypes=[COUNT, MIN, MAX, SUM, AVG]}",0.0,50881,41434,10786,1,10698,11019,0.020622573541133515,1,0,2991,0.073098421,"{12=[1.5248349769742316E7, 1.5451440715160208E7]}",{12=0.006615385388957876},1
/data-nonraid/maroulis/data/taxi_data/yellow_tripdata_2014_cleaned.csv,0.01,valinor,36,"Query{op=P, rect=(-73.983505..-73.97726),(40.75384..40.75697), categoricalFilters={}, groupByCols=[], measureCols=[12], aggregateTypes=[COUNT, MIN, MAX, SUM, AVG]}",0.0,52381,42559,8557,1,9341,9626,0.019872962084351423,1,0,8111,0.108787553,"{12=[1.4722163491366893E7, 1.4942047974736676E7]}",{12=0.00741244996925127},1
/data-nonraid/maroulis/data/taxi_data/yellow_tripdata_2014_cleaned.csv,0.01,valinor,37,"Query{op=P, rect=(-73.983505..-73.97726),(40.753216..40.756344), categoricalFilters={}, groupByCols=[], measureCols=[12], aggregateTypes=[COUNT, MIN, MAX, SUM, AVG]}",0.0,53149,43135,7731,1,7997,8296,0.02032063112782148,1,0,8446,0.113006156,"{12=[1.5243990067883616E7, 1.5467654308510417E7]}",{12=0.007282717847524843},1
/data-nonraid/maroulis/data/taxi_data/yellow_tripdata_2014_cleaned.csv,0.01,valinor,38,"Query{op=P, rect=(-73.98419..-73.97794),(40.753216..40.756344), categoricalFilters={}, groupByCols=[], measureCols=[12], aggregateTypes=[COUNT, MIN, MAX, SUM, AVG]}",0.0,53985,43762,10283,1,10426,10832,0.020584675002368404,1,0,3547,0.06738638,"{12=[1.5139450949603774E7, 1.5343800586955257E7]}",{12=0.0067036692954622465},1
/data-nonraid/maroulis/data/taxi_data/yellow_tripdata_2014_cleaned.csv,0.01,valinor,39,"Query{op=P, rect=(-73.98419..-73.97794),(40.752747..40.755875), categoricalFilters={}, groupByCols=[], measureCols=[12], aggregateTypes=[COUNT, MIN, MAX, SUM, AVG]}",0.0,54829,44395,8193,1,8465,8817,0.020595961074596877,1,0,7554,0.11805173,"{12=[1.5015108617583312E7, 1.5228321257171907E7]}",{12=0.007049882915778914},1
/data-nonraid/maroulis/data/taxi_data/yellow_tripdata_2014_cleaned.csv,0.01,valinor,40,"Query{op=P, rect=(-73.98419..-73.97794),(40.752308..40.755436), categoricalFilters={}, groupByCols=[], measureCols=[12], aggregateTypes=[COUNT, MIN, MAX, SUM, AVG]}",0.0,55409,44830,6440,1,6533,6865,0.018201873151099834,1,0,11705,0.242817365,"{12=[1.649336513493618E7, 1.6741811458298553E7]}",{12=0.007475402535184541},1
/data-nonraid/maroulis/data/taxi_data/yellow_tripdata_2014_cleaned.csv,0.01,valinor,41,"Query{op=P, rect=(-73.98419..-73.97794),(40.752716..40.755844), categoricalFilters={}, groupByCols=[], measureCols=[12], aggregateTypes=[COUNT, MIN, MAX, SUM, AVG]}",0.0,56029,45295,8986,1,9086,9417,0.02055351586031573,1,0,5645,0.10598053,"{12=[1.5065913738131346E7, 1.5279842479455328E7]}",{12=0.007049708690403322},1
/data-nonraid/maroulis/data/taxi_data/yellow_tripdata_2014_cleaned.csv,0.01,valinor,42,"Query{op=P, rect=(-73.98494..-73.97869),(40.752716..40.755844), categoricalFilters={}, groupByCols=[], measureCols=[12], aggregateTypes=[COUNT, MIN, MAX, SUM, AVG]}",0.0,57069,46075,6434,2,6785,7166,0.029991547309889597,1,0,7130,0.100187328,"{12=[1.4730790820976254E7, 1.4894736526809383E7]}",{12=0.005533933756132234},1
/data-nonraid/maroulis/data/taxi_data/yellow_tripdata_2014_cleaned.csv,0.01,valinor,43,"Query{op=P, rect=(-73.98569..-73.97944),(40.752716..40.755844), categoricalFilters={}, groupByCols=[], measureCols=[12], aggregateTypes=[COUNT, MIN, MAX, SUM, AVG]}",0.0,57693,46543,6225,2,6247,6617,0.031947560291254604,1,0,5992,0.069905501,"{12=[1.4326111503329193E7, 1.4487155138276676E7]}",{12=0.005589218221960929},1
/data-nonraid/maroulis/data/taxi_data/yellow_tripdata_2014_cleaned.csv,0.01,valinor,44,"Query{op=P, rect=(-73.984566..-73.97832),(40.752716..40.755844), categoricalFilters={}, groupByCols=[], measureCols=[12], aggregateTypes=[COUNT, MIN, MAX, SUM, AVG]}",0.0,58453,47113,10422,1,10497,10913,0.021095460432876332,1,0,2859,0.055778605,"{12=[1.4775824791085007E7, 1.4970824509610286E7]}",{12=0.006555350707036487},1
/data-nonraid/maroulis/data/taxi_data/yellow_tripdata_2014_cleaned.csv,0.01,valinor,45,"Query{op=P, rect=(-73.984566..-73.97832),(40.752403..40.75553), categoricalFilters={}, groupByCols=[], measureCols=[12], aggregateTypes=[COUNT, MIN, MAX, SUM, AVG]}",0.0,59081,47584,9499,1,9509,9951,0.021236409039141226,1,0,4713,0.076209203,"{12=[1.465072780986797E7, 1.4852635083892308E7]}",{12=0.006843534235449453},1
/data-nonraid/maroulis/data/taxi_data/yellow_tripdata_2014_cleaned.csv,0.01,valinor,46,"Query{op=P, rect=(-73.98525..-73.979004),(40.752403..40.75553), categoricalFilters={}, groupByCols=[], measureCols=[12], aggregateTypes=[COUNT, MIN, MAX, SUM, AVG]}",0.0,59865,48172,6555,2,6667,7064,0.03197299930197153,1,0,5299,0.05547778,"{12=[1.4158615490210185E7, 1.4310825812151542E7]}",{12=0.005346445696801583},1
/data-nonraid/maroulis/data/taxi_data/yellow_tripdata_2014_cleaned.csv,0.01,valinor,47,"Query{op=P, rect=(-73.986..-73.97975),(40.752403..40.75553), categoricalFilters={}, groupByCols=[], measureCols=[12], aggregateTypes=[COUNT, MIN, MAX, SUM, AVG]}",0.0,61873,49678,7344,1,8384,8837,0.023691688217562155,1,0,8798,0.088459418,"{12=[1.353407770306336E7, 1.3731667361600494E7]}",{12=0.007246809433174406},1
/data-nonraid/maroulis/data/taxi_data/yellow_tripdata_2014_cleaned.csv,0.01,valinor,48,"Query{op=P, rect=(-73.98694..-73.98069),(40.752403..40.75553), categoricalFilters={}, groupByCols=[], measureCols=[12], aggregateTypes=[COUNT, MIN, MAX, SUM, AVG]}",0.0,62521,50164,6259,1,6395,6712,0.027857228827674267,1,0,7894,0.081622095,"{12=[1.2080875956858497E7, 1.2261550701381728E7]}",{12=0.0074222158316360875},1
/data-nonraid/maroulis/data/taxi_data/yellow_tripdata_2014_cleaned.csv,0.01,valinor,49,"Query{op=P, rect=(-73.987625..-73.98138),(40.752403..40.75553), categoricalFilters={}, groupByCols=[], measureCols=[12], aggregateTypes=[COUNT, MIN, MAX, SUM, AVG]}",0.0,63201,50674,4024,2,4172,4504,0.03866706651649072,1,0,12063,0.097637824,"{12=[1.18199699596776E7, 1.1955222946664862E7]}",{12=0.005688828163038029},1
/data-nonraid/maroulis/data/taxi_data/yellow_tripdata_2014_cleaned.csv,0.01,valinor,50,"Query{op=P, rect=(-73.988625..-73.982376),(40.751904..40.75503), categoricalFilters={}, groupByCols=[], measureCols=[12], aggregateTypes=[COUNT, MIN, MAX, SUM, AVG]}",0.0,63953,51238,4359,1,4693,4900,0.030400312108854043,1,0,12995,0.10825037,"{12=[1.1467126059301833E7, 1.1621878996134156E7]}",{12=0.00670245151147772},1
/data-nonraid/maroulis/data/taxi_data/yellow_tripdata_2014_cleaned.csv,0.01,valinor,51,"Query{op=P, rect=(-73.98937..-73.98312),(40.751904..40.75503), categoricalFilters={}, groupByCols=[], measureCols=[12], aggregateTypes=[COUNT, MIN, MAX, SUM, AVG]}",0.0,65169,52150,4471,1,5108,5334,0.027025475899956113,1,0,12013,0.092915565,"{12=[1.2324343537257213E7, 1.2488221871738128E7]}",{12=0.006604650981454103},1
/data-nonraid/maroulis/data/taxi_data/yellow_tripdata_2014_cleaned.csv,0.01,valinor,52,"Query{op=P, rect=(-73.99049..-73.984245),(40.751904..40.75503), categoricalFilters={}, groupByCols=[], measureCols=[12], aggregateTypes=[COUNT, MIN, MAX, SUM, AVG]}",0.0,66453,53113,3319,2,3970,4207,0.03926451179039777,1,0,13683,0.135290037,"{12=[1.2159545875946121E7, 1.2276083467081828E7]}",{12=0.004769166756450152},1
/data-nonraid/maroulis/data/taxi_data/yellow_tripdata_2014_cleaned.csv,0.01,valinor,53,"Query{op=P, rect=(-73.99143..-73.98518),(40.751904..40.75503), categoricalFilters={}, groupByCols=[], measureCols=[12], aggregateTypes=[COUNT, MIN, MAX, SUM, AVG]}",0.0,68769,54850,3182,1,4608,4851,0.02990847122762255,1,0,14949,0.141305976,"{12=[1.051053274511267E7, 1.0667075516168917E7]}",{12=0.0073919004037131366},1
/data-nonraid/maroulis/data/taxi_data/yellow_tripdata_2014_cleaned.csv,0.01,valinor,54,"Query{op=P, rect=(-73.99081..-73.98456),(40.751904..40.75503), categoricalFilters={}, groupByCols=[], measureCols=[12], aggregateTypes=[COUNT, MIN, MAX, SUM, AVG]}",0.0,69653,55513,4319,2,4608,4904,0.04362595542424722,1,0,7650,0.056978062,"{12=[1.1614405002063442E7, 1.1720973487179767E7]}",{12=0.004566820510987197},1
/data-nonraid/maroulis/data/taxi_data/yellow_tripdata_2014_cleaned.csv,0.01,valinor,55,"Query{op=P, rect=(-73.991615..-73.98537),(40.751904..40.75503), categoricalFilters={}, groupByCols=[], measureCols=[12], aggregateTypes=[COUNT, MIN, MAX, SUM, AVG]}",0.0,70505,56152,5091,1,5406,5680,0.03003491111988707,1,0,8608,0.0761066,"{12=[1.0454382581108365E7, 1.0602317841997523E7]}",{12=0.007025567060204061},1
/data-nonraid/maroulis/data/taxi_data/yellow_tripdata_2014_cleaned.csv,0.01,valinor,56,"Query{op=P, rect=(-73.990616..-73.98437),(40.751404..40.75453), categoricalFilters={}, groupByCols=[], measureCols=[12], aggregateTypes=[COUNT, MIN, MAX, SUM, AVG]}",0.0,71189,56665,4048,2,4271,4507,0.03812012030997733,1,0,9033,0.073400433,"{12=[1.2486031881355759E7, 1.2609353134027462E7]}",{12=0.004914100843486123},1
/data-nonraid/maroulis/data/taxi_data/yellow_tripdata_2014_cleaned.csv,0.01,valinor,57,"Query{op=P, rect=(-73.991806..-73.98556),(40.751404..40.75453), categoricalFilters={}, groupByCols=[], measureCols=[12], aggregateTypes=[COUNT, MIN, MAX, SUM, AVG]}",0.0,72505,57652,4582,1,5224,5522,0.030070262866711876,1,0,10259,0.088048726,"{12=[1.0441684301397698E7, 1.0592069182363166E7]}",{12=0.007149693043686776},1
/data-nonraid/maroulis/data/taxi_data/yellow_tripdata_2014_cleaned.csv,0.01,valinor,58,"Query{op=P, rect=(-73.991806..-73.98556),(40.750935..40.754063), categoricalFilters={}, groupByCols=[], measureCols=[12], aggregateTypes=[COUNT, MIN, MAX, SUM, AVG]}",0.0,74009,58780,4432,1,5217,5527,0.02413267408953193,1,0,13457,0.170328347,"{12=[1.233622591566312E7, 1.2519698121872686E7]}",{12=0.007381427700394426},1
/data-nonraid/maroulis/data/taxi_data/yellow_tripdata_2014_cleaned.csv,0.01,valinor,59,"Query{op=P, rect=(-73.992615..-73.98637),(40.750935..40.754063), categoricalFilters={}, groupByCols=[], measureCols=[12], aggregateTypes=[COUNT, MIN, MAX, SUM, AVG]}",0.0,75381,59809,3495,1,4229,4497,0.02685191551299101,1,0,14801,0.143105198,"{12=[1.1277300139270514E7, 1.1438638881627522E7]}",{12=0.0071024465336247365},1
/data-nonraid/maroulis/data/taxi_data/yellow_tripdata_2014_cleaned.csv,0.01,valinor,60,"Query{op=P, rect=(-73.993805..-73.98756),(40.750935..40.754063), categoricalFilters={}, groupByCols=[], measureCols=[12], aggregateTypes=[COUNT, MIN, MAX, SUM, AVG]}",0.0,76961,60994,3001,1,3912,4156,0.0183726149228798,1,0,18250,0.363416015,"{12=[1.409752667508655E7, 1.4342653764760472E7]}",{12=0.008619041295901145},1
/data-nonraid/maroulis/data/taxi_data/yellow_tripdata_2014_cleaned.csv,0.01,valinor,61,"Query{op=P, rect=(-73.993805..-73.98756),(40.75031..40.753437), categoricalFilters={}, groupByCols=[], measureCols=[12], aggregateTypes=[COUNT, MIN, MAX, SUM, AVG]}",0.0,78605,62227,3462,0,4509,4687,0.0138680113249263,1,0,19144,0.271301019,"{12=[1.6979927442742E7, 1.729017946093509E7]}",{12=0.009053138324461989},1
/data-nonraid/maroulis/data/taxi_data/yellow_tripdata_2014_cleaned.csv,0.01,valinor,62,"Query{op=P, rect=(-73.99312..-73.98687),(40.75031..40.753437), categoricalFilters={}, groupByCols=[], measureCols=[12], aggregateTypes=[COUNT, MIN, MAX, SUM, AVG]}",0.0,80713,63808,5131,0,6439,6712,0.014378674203943235,1,0,17170,0.189461145,"{12=[1.6352837467481215E7, 1.6643617707677025E7]}",{12=0.008812469056213287},1
/data-nonraid/maroulis/data/taxi_data/yellow_tripdata_2014_cleaned.csv,0.01,valinor,63,"Query{op=P, rect=(-73.993744..-73.987495),(40.749996..40.753124), categoricalFilters={}, groupByCols=[], measureCols=[12], aggregateTypes=[COUNT, MIN, MAX, SUM, AVG]}",0.0,82161,64894,2607,1,3485,3675,0.016700373373228106,1,0,19304,0.694726184,"{12=[2.2873571282522388E7, 2.314222889165745E7]}",{12=0.005838377429451055},1
/data-nonraid/maroulis/data/taxi_data/yellow_tripdata_2014_cleaned.csv,0.01,valinor,64,"Query{op=P, rect=(-73.992935..-73.98669),(40.749996..40.753124), categoricalFilters={}, groupByCols=[], measureCols=[12], aggregateTypes=[COUNT, MIN, MAX, SUM, AVG]}",0.0,83193,65668,2855,2,3329,3556,0.01998483962605267,1,0,17882,0.631166084,"{12=[2.2103926601518653E7, 2.233061477986642E7]}",{12=0.0051016207504446685},1
/data-nonraid/maroulis/data/taxi_data/yellow_tripdata_2014_cleaned.csv,0.01,valinor,65,"Query{op=P, rect=(-73.993935..-73.987686),(40.749996..40.753124), categoricalFilters={}, groupByCols=[], measureCols=[12], aggregateTypes=[COUNT, MIN, MAX, SUM, AVG]}",0.0,84389,66565,4079,1,4680,4956,0.016138300773714358,1,0,17094,0.300530483,"{12=[2.330556605535467E7, 2.357741631571816E7]}",{12=0.0057984847937323876},1
/data-nonraid/maroulis/data/taxi_data/yellow_tripdata_2014_cleaned.csv,0.01,valinor,66,"Query{op=P, rect=(-73.992744..-73.986496),(40.75059..40.75372), categoricalFilters={}, groupByCols=[], measureCols=[12], aggregateTypes=[COUNT, MIN, MAX, SUM, AVG]}",0.0,86169,67900,5861,2,6774,7131,0.023584329003718714,1,0,12851,0.109130146,"{12=[1.3595719648895327E7, 1.3770481672375869E7]}",{12=0.006386053417823211},1
/data-nonraid/maroulis/data/taxi_data/yellow_tripdata_2014_cleaned.csv,0.01,valinor,67,"Query{op=P, rect=(-73.992744..-73.986496),(40.750248..40.753376), categoricalFilters={}, groupByCols=[], measureCols=[12], aggregateTypes=[COUNT, MIN, MAX, SUM, AVG]}",0.0,87397,68821,4572,2,5073,5408,0.034598387034140414,1,0,13355,0.115281375,"{12=[1.690991281773098E7, 1.70408117552686E7]}",{12=0.00385555652151588},1
/data-nonraid/maroulis/data/taxi_data/yellow_tripdata_2014_cleaned.csv,0.01,valinor,68,"Query{op=P, rect=(-73.991684..-73.985435),(40.75078..40.753906), categoricalFilters={}, groupByCols=[], measureCols=[12], aggregateTypes=[COUNT, MIN, MAX, SUM, AVG]}",0.0,88865,69922,9760,1,10569,10842,0.02114585647484038,1,0,4714,0.055906142,"{12=[1.3722230676711414E7, 1.3909255796919823E7]}",{12=0.006768550812019722},1
/data-nonraid/maroulis/data/taxi_data/yellow_tripdata_2014_cleaned.csv,0.01,valinor,69,"Query{op=ZO, rect=(-73.994804..-73.98231),(40.749214..40.75547), categoricalFilters={}, groupByCols=[], measureCols=[12], aggregateTypes=[COUNT, MIN, MAX, SUM, AVG]}",0.0,91505,71902,6257,9,7908,8198,0.0047353708858185704,1,0,22490,0.736161371,"{12=[8.337843368927282E7, 8.432460575301126E7]}",{12=0.005641949405836892},1
/data-nonraid/maroulis/data/taxi_data/yellow_tripdata_2014_cleaned.csv,0.01,valinor,70,"Query{op=ZO, rect=(-74.00105..-73.97606),(40.746086..40.7586), categoricalFilters={}, groupByCols=[], measureCols=[12], aggregateTypes=[COUNT, MIN, MAX, SUM, AVG]}",0.0,91785,72112,759,63,579,846,0.008635912978941951,1,0,21503,0.73045408,"{12=[2.5318749084389585E8, 2.5375114102515703E8]}",{12=0.001111870640402837},1
/data-nonraid/maroulis/data/taxi_data/yellow_tripdata_2014_cleaned.csv,0.01,valinor,71,"Query{op=ZO, rect=(-74.01355..-73.96356),(40.73983..40.764854), categoricalFilters={}, groupByCols=[], measureCols=[12], aggregateTypes=[COUNT, MIN, MAX, SUM, AVG]}",0.0,92045,72307,350,252,80,245,0.003595146232670134,1,0,21754,0.935649617,"{12=[7.384493211143095E8, 7.397389639384217E8]}",{12=8.724482781746383E-4},1
/data-nonraid/maroulis/data/taxi_data/yellow_tripdata_2014_cleaned.csv,0.01,valinor,72,"Query{op=P, rect=(-74.01755..-73.96756),(40.741833..40.766857), categoricalFilters={}, groupByCols=[], measureCols=[12], aggregateTypes=[COUNT, MIN, MAX, SUM, AVG]}",0.0,92313,72508,375,270,71,228,0.007077525077974405,1,0,21763,0.807224563,"{12=[6.892981204554687E8, 6.899236558180566E8]}",{12=4.535422608233772E-4},1
/data-nonraid/maroulis/data/taxi_data/yellow_tripdata_2014_cleaned.csv,0.01,valinor,73,"Query{op=P, rect=(-74.01305..-73.96306),(40.744083..40.769108), categoricalFilters={}, groupByCols=[], measureCols=[12], aggregateTypes=[COUNT, MIN, MAX, SUM, AVG]}",0.0,92589,72715,356,252,55,261,0.004527052859508155,1,0,21799,0.738339156,"{12=[7.028810956666516E8, 7.038776296811222E8]}",{12=7.083901428969049E-4},1
/data-nonraid/maroulis/data/taxi_data/yellow_tripdata_2014_cleaned.csv,0.01,valinor,74,"Query{op=P, rect=(-74.01305..-73.96306),(40.74158..40.766605), categoricalFilters={}, groupByCols=[], measureCols=[12], aggregateTypes=[COUNT, MIN, MAX, SUM, AVG]}",0.0,92989,73015,421,270,25,384,0.011073139090813608,1,0,21864,0.458451253,"{12=[7.306372263300866E8, 7.310288377882725E8]}",{12=2.6792129050497014E-4},1
/data-nonraid/maroulis/data/taxi_data/yellow_tripdata_2014_cleaned.csv,0.01,valinor,75,"Query{op=P, rect=(-74.007545..-73.95756),(40.744335..40.76936), categoricalFilters={}, groupByCols=[], measureCols=[12], aggregateTypes=[COUNT, MIN, MAX, SUM, AVG]}",0.0,93697,73546,486,252,387,660,0.004563942980566344,1,0,22093,0.544526842,"{12=[7.271886070616245E8, 7.281628469349432E8]}",{12=6.694189713716875E-4},1
/data-nonraid/maroulis/data/taxi_data/yellow_tripdata_2014_cleaned.csv,0.01,valinor,76,"Query{op=P, rect=(-74.00255..-73.95256),(40.741833..40.766857), categoricalFilters={}, groupByCols=[], measureCols=[12], aggregateTypes=[COUNT, MIN, MAX, SUM, AVG]}",0.0,94469,74125,516,270,218,701,0.010387161265737873,1,0,22117,0.34639381,"{12=[7.285593909589219E8, 7.289732144707894E8]}",{12=2.8392058628802974E-4},1
/data-nonraid/maroulis/data/taxi_data/yellow_tripdata_2014_cleaned.csv,0.01,valinor,77,"Query{op=P, rect=(-73.99855..-73.94856),(40.741833..40.766857), categoricalFilters={}, groupByCols=[], measureCols=[12], aggregateTypes=[COUNT, MIN, MAX, SUM, AVG]}",0.0,95981,75259,804,270,799,1512,0.014184428510982144,1,0,22602,0.298082745,"{12=[7.079176524829522E8, 7.082217723838805E8]}",{12=2.1475279593805317E-4},1
/data-nonraid/maroulis/data/taxi_data/yellow_tripdata_2014_cleaned.csv,0.01,valinor,78,"Query{op=P, rect=(-73.99205..-73.94206),(40.745087..40.77011), categoricalFilters={}, groupByCols=[], measureCols=[12], aggregateTypes=[COUNT, MIN, MAX, SUM, AVG]}",0.0,98509,77155,5721,270,6968,7251,0.004131238845027435,1,0,22571,0.685072688,"{12=[6.286698200450594E8, 6.297477564471357E8]}",{12=8.565808537742796E-4},1
/data-nonraid/maroulis/data/taxi_data/yellow_tripdata_2014_cleaned.csv,0.01,valinor,79,"Query{op=P, rect=(-73.98805..-73.938065),(40.74709..40.772114), categoricalFilters={}, groupByCols=[], measureCols=[12], aggregateTypes=[COUNT, MIN, MAX, SUM, AVG]}",0.0,99780,78109,2286,252,2316,2943,0.005411769585703985,1,0,22387,0.545651286,"{12=[5.481231604106011E8, 5.48971738887887E8]}",{12=7.734777345409826E-4},1
/data-nonraid/maroulis/data/taxi_data/yellow_tripdata_2014_cleaned.csv,0.01,valinor,80,"Query{op=P, rect=(-73.98155..-73.931564),(40.74709..40.772114), categoricalFilters={}, groupByCols=[], measureCols=[12], aggregateTypes=[COUNT, MIN, MAX, SUM, AVG]}",0.0,101612,79483,9516,255,9944,10555,0.004396150103980657,1,0,20795,0.541888006,"{12=[4.0201136366909176E8, 4.030627662213188E8]}",{12=0.001305969864377757},1
/data-nonraid/maroulis/data/taxi_data/yellow_tripdata_2014_cleaned.csv,0.01,valinor,81,"Query{op=P, rect=(-73.98155..-73.931564),(40.744587..40.76961), categoricalFilters={}, groupByCols=[], measureCols=[12], aggregateTypes=[COUNT, MIN, MAX, SUM, AVG]}",0.0,104564,81697,10341,252,11447,12070,0.004144637587128216,1,0,21143,0.552155166,"{12=[3.8941847912445813E8, 3.904266654937884E8]}",{12=0.0012928032908684957},1
/data-nonraid/maroulis/data/taxi_data/yellow_tripdata_2014_cleaned.csv,0.01,valinor,82,"Query{op=P, rect=(-73.98855..-73.93856),(40.741085..40.76611), categoricalFilters={}, groupByCols=[], measureCols=[12], aggregateTypes=[COUNT, MIN, MAX, SUM, AVG]}",0.0,108383,84562,4629,253,6545,7118,0.003950027409503177,1,0,25134,0.808412286,"{12=[5.2204250550156593E8, 5.231858515631304E8]}",{12=0.0010938720269466206},1
/data-nonraid/maroulis/data/taxi_data/yellow_tripdata_2014_cleaned.csv,0.01,valinor,83,"Query{op=P, rect=(-73.98355..-73.93356),(40.738583..40.763607), categoricalFilters={}, groupByCols=[], measureCols=[12], aggregateTypes=[COUNT, MIN, MAX, SUM, AVG]}",0.0,109770,85603,7601,270,7908,8231,0.006486863840726561,1,0,18523,0.667384227,"{12=[3.568554710812315E8, 3.5754350151665545E8]}",{12=9.630899004823196E-4},1
/data-nonraid/maroulis/data/taxi_data/yellow_tripdata_2014_cleaned.csv,0.01,valinor,84,"Query{op=P, rect=(-73.98955..-73.93956),(40.741585..40.76661), categoricalFilters={}, groupByCols=[], measureCols=[12], aggregateTypes=[COUNT, MIN, MAX, SUM, AVG]}",0.0,115770,90103,9506,270,12530,13425,0.004756999327396813,1,0,25058,0.700600895,"{12=[5.501495972284896E8, 5.510827837643161E8]}",{12=8.474020124482165E-4},1
/data-nonraid/maroulis/data/taxi_data/yellow_tripdata_2014_cleaned.csv,0.01,valinor,85,"Query{op=P, rect=(-73.996544..-73.946556),(40.738083..40.763107), categoricalFilters={}, groupByCols=[], measureCols=[12], aggregateTypes=[COUNT, MIN, MAX, SUM, AVG]}",0.0,117376,91309,882,253,1363,1798,0.0032507485605374267,1,0,23315,0.873487896,"{12=[6.320164499331332E8, 6.335297857458118E8]}",{12=0.001195796542246989},1
/data-nonraid/maroulis/data/taxi_data/yellow_tripdata_2014_cleaned.csv,0.01,valinor,86,"Query{op=P, rect=(-74.00404..-73.954056),(40.738083..40.763107), categoricalFilters={}, groupByCols=[], measureCols=[12], aggregateTypes=[COUNT, MIN, MAX, SUM, AVG]}",0.0,120536,93679,1782,252,3307,3797,0.003226017803480478,1,0,24812,0.949791879,"{12=[6.944207125400865E8, 6.959006230700567E8]}",{12=0.001064437761304087},1
/data-nonraid/maroulis/data/taxi_data/yellow_tripdata_2014_cleaned.csv,0.01,valinor,87,"Query{op=P, rect=(-74.01154..-73.961555),(40.741837..40.76686), categoricalFilters={}, groupByCols=[], measureCols=[12], aggregateTypes=[COUNT, MIN, MAX, SUM, AVG]}",0.0,126472,98131,4270,270,7298,8203,0.009131589244448424,1,0,26059,0.323035705,"{12=[7.350353416257341E8, 7.354826003165705E8]}",{12=3.0415044800179505E-4},1
/data-nonraid/maroulis/data/taxi_data/yellow_tripdata_2014_cleaned.csv,0.01,valinor,88,"Query{op=P, rect=(-74.01154..-73.961555),(40.738583..40.763607), categoricalFilters={}, groupByCols=[], measureCols=[12], aggregateTypes=[COUNT, MIN, MAX, SUM, AVG]}",0.0,129544,100435,1844,270,3138,3767,0.010208916210252751,1,0,23308,0.394539131,"{12=[7.341622989946567E8, 7.345929203004929E8]}",{12=2.931879323246622E-4},1
/data-nonraid/maroulis/data/taxi_data/yellow_tripdata_2014_cleaned.csv,0.01,valinor,89,"Query{op=P, rect=(-74.00455..-73.95456),(40.738583..40.763607), categoricalFilters={}, groupByCols=[], measureCols=[12], aggregateTypes=[COUNT, MIN, MAX, SUM, AVG]}",0.0,132204,102430,1901,270,2498,3450,0.00875512744425329,1,0,23353,0.387209468,"{12=[7.077306801991585E8, 7.082195549732689E8]}",{12=3.4526268082492637E-4},1
/data-nonraid/maroulis/data/taxi_data/yellow_tripdata_2014_cleaned.csv,0.01,valinor,90,"Query{op=P, rect=(-74.00455..-73.95456),(40.741585..40.76661), categoricalFilters={}, groupByCols=[], measureCols=[12], aggregateTypes=[COUNT, MIN, MAX, SUM, AVG]}",0.0,136824,105895,6097,270,8026,9168,0.008603989403481564,1,0,24008,0.331564407,"{12=[7.411011099175012E8, 7.415405470927122E8]}",{12=2.963879863574652E-4},1
/data-nonraid/maroulis/data/taxi_data/yellow_tripdata_2014_cleaned.csv,0.01,valinor,91,"Query{op=P, rect=(-73.99855..-73.94856),(40.744587..40.76961), categoricalFilters={}, groupByCols=[], measureCols=[12], aggregateTypes=[COUNT, MIN, MAX, SUM, AVG]}",0.0,141312,109261,2054,255,4315,4919,0.004800259082174482,1,0,25705,0.671621548,"{12=[7.120764770567864E8, 7.129504591973587E8]}",{12=6.133092072418482E-4},1
/data-nonraid/maroulis/data/taxi_data/yellow_tripdata_2014_cleaned.csv,0.01,valinor,92,"Query{op=P, rect=(-73.99455..-73.944565),(40.744587..40.76961), categoricalFilters={}, groupByCols=[], measureCols=[12], aggregateTypes=[COUNT, MIN, MAX, SUM, AVG]}",0.0,153312,118261,6941,253,14626,15448,0.003097421007645458,1,0,36645,0.816121561,"{12=[6.772913462033503E8, 6.786306828176498E8]}",{12=9.877681648601585E-4},1
/data-nonraid/maroulis/data/taxi_data/yellow_tripdata_2014_cleaned.csv,0.01,valinor,93,"Query{op=P, rect=(-73.99455..-73.944565),(40.746838..40.771862), categoricalFilters={}, groupByCols=[], measureCols=[12], aggregateTypes=[COUNT, MIN, MAX, SUM, AVG]}",0.0,157068,121078,4671,270,6519,7135,0.005748013061272683,1,0,23960,0.551995778,"{12=[6.766317733261809E8, 6.77394200872258E8]}",{12=5.630819205874965E-4},1
/data-nonraid/maroulis/data/taxi_data/yellow_tripdata_2014_cleaned.csv,0.01,valinor,94,"Query{op=P, rect=(-73.99955..-73.94956),(40.74934..40.774364), categoricalFilters={}, groupByCols=[], measureCols=[12], aggregateTypes=[COUNT, MIN, MAX, SUM, AVG]}",0.0,163500,125902,3893,253,7717,8232,0.00376994051827577,1,0,28196,0.620235322,"{12=[6.958001223153347E8, 6.969283189462539E8]}",{12=8.100621754354732E-4},1
/data-nonraid/maroulis/data/taxi_data/yellow_tripdata_2014_cleaned.csv,0.01,valinor,95,"Query{op=P, rect=(-73.99955..-73.94956),(40.75159..40.776615), categoricalFilters={}, groupByCols=[], measureCols=[12], aggregateTypes=[COUNT, MIN, MAX, SUM, AVG]}",0.0,164932,126976,3487,271,3623,4164,0.012092498276753974,1,0,19867,0.265359116,"{12=[6.458270030845339E8, 6.462033679323118E8]}",{12=2.9129721423006423E-4},1
/data-nonraid/maroulis/data/taxi_data/yellow_tripdata_2014_cleaned.csv,0.01,valinor,96,"Query{op=P, rect=(-73.99505..-73.94506),(40.75384..40.778866), categoricalFilters={}, groupByCols=[], measureCols=[12], aggregateTypes=[COUNT, MIN, MAX, SUM, AVG]}",0.0,168348,129538,12946,252,14574,15180,0.004165794629762213,1,0,21934,0.530202074,"{12=[6.121513989672873E8, 6.131469441113493E8]}",{12=8.124920348465293E-4},1
/data-nonraid/maroulis/data/taxi_data/yellow_tripdata_2014_cleaned.csv,0.01,valinor,97,"Query{op=P, rect=(-73.98805..-73.938065),(40.75384..40.778866), categoricalFilters={}, groupByCols=[], measureCols=[12], aggregateTypes=[COUNT, MIN, MAX, SUM, AVG]}",0.0,172456,132619,12831,253,14552,15513,0.005134893967728849,1,0,22036,0.441940318,"{12=[5.390724282528024E8, 5.398360638738732E8]}",{12=7.077853466197415E-4},1
/data-nonraid/maroulis/data/taxi_data/yellow_tripdata_2014_cleaned.csv,0.01,valinor,98,"Query{op=P, rect=(-73.98805..-73.938065),(40.75184..40.776863), categoricalFilters={}, groupByCols=[], measureCols=[12], aggregateTypes=[COUNT, MIN, MAX, SUM, AVG]}",0.0,175840,135157,6446,271,7515,8489,0.013430465196484213,1,0,19602,0.220057557,"{12=[5.503703525607497E8, 5.506762724205469E8]}",{12=2.7784460063390683E-4},1
/data-nonraid/maroulis/data/taxi_data/yellow_tripdata_2014_cleaned.csv,0.01,valinor,99,"Query{op=P, rect=(-73.99205..-73.94206),(40.75384..40.778866), categoricalFilters={}, groupByCols=[], measureCols=[12], aggregateTypes=[COUNT, MIN, MAX, SUM, AVG]}",0.0,179964,138250,14346,252,16403,17013,0.0036459169706166226,1,0,22589,0.508062912,"{12=[5.949054183020763E8, 5.960414543289969E8]}",{12=9.53893119019486E-4},1
