csv,errorBound,initMode,initCatBudget (Gb),initCatBudget (nodes),binCount,i,query,indexUtil,Tree Node Count,Leaf tiles,Overlapped tiles,Fully Contained Tiles,Expanded nodes,I/Os,Time (sec),Query Result,Query Result Sum
/data-nonraid/maroulis/data/synth50_c20_cc10.csv,0,valinor,,0,,0,"Query{rect=(544.0..574.0),(323.0..353.0), categoricalFilters=null, groupByCols=null, measureCol=9}",0.0,11263,11263,0,0,0,0,413.143867164,{},
/data-nonraid/maroulis/data/synth50_c20_cc10.csv,0,valinor,,0,,1,"Query{rect=(541.0..571.0),(326.0..356.0), categoricalFilters={}, groupByCols=null, measureCol=9}",0.0,11439,11395,240,196,0,11599,0.559085349,"{null=Stats{count=90282, mean=500.3566982324948, populationStandardDeviation=288.93793548346446, min=0.011508000083267689, max=999.9924926757812}}",4.5173203429826096E7
/data-nonraid/maroulis/data/synth50_c20_cc10.csv,0,valinor,,0,,2,"Query{rect=(545.8..575.8),(330.8..360.8), categoricalFilters={}, groupByCols=null, measureCol=9}",0.0,11663,11563,292,234,0,16214,0.497039986,"{null=Stats{count=89834, mean=500.90969196676315, populationStandardDeviation=288.465032100961, min=0.013408999890089035, max=999.9879760742188}}",4.49987212681422E7
/data-nonraid/maroulis/data/synth50_c20_cc10.csv,0,valinor,,0,,3,"Query{rect=(545.8..575.8),(325.4..355.4), categoricalFilters={}, groupByCols=null, measureCol=9}",0.0,11791,11659,429,340,0,22314,0.593764167,"{null=Stats{count=89909, mean=500.5038000324304, populationStandardDeviation=288.71497801508144, min=0.011508000083267689, max=999.9943237304688}}",4.499979615711578E7
/data-nonraid/maroulis/data/synth50_c20_cc10.csv,0,valinor,,0,,4,"Query{rect=(541.3..571.3),(325.4..355.4), categoricalFilters={}, groupByCols=null, measureCol=9}",0.0,11803,11668,486,368,0,14606,0.40377798,"{null=Stats{count=90169, mean=500.1453379072787, populationStandardDeviation=288.71976662881264, min=0.011508000083267689, max=999.9943237304688}}",4.509760497376141E7
/data-nonraid/maroulis/data/synth50_c20_cc10.csv,0,valinor,,0,,5,"Query{rect=(546.1..576.1),(320.6..350.6), categoricalFilters={}, groupByCols=null, measureCol=9}",0.0,12023,11833,450,385,0,19459,0.512157152,"{null=Stats{count=90033, mean=499.58722315987364, populationStandardDeviation=288.88093508548326, min=0.004091999959200621, max=999.9943237304688}}",4.49793364627529E7
/data-nonraid/maroulis/data/synth50_c20_cc10.csv,0,valinor,,0,,6,"Query{rect=(549.69995..579.69995),(320.6..350.6), categoricalFilters={}, groupByCols=null, measureCol=9}",0.0,12131,11914,532,440,0,17314,0.466467948,"{null=Stats{count=90129, mean=499.8560951451725, populationStandardDeviation=288.9961285790539, min=0.004091999959200621, max=999.9861450195312}}",4.505152999933925E7
/data-nonraid/maroulis/data/synth50_c20_cc10.csv,0,valinor,,0,,7,"Query{rect=(553.2999..583.2999),(324.2..354.2), categoricalFilters={}, groupByCols=null, measureCol=9}",0.0,12243,11998,544,459,0,17513,0.469142196,"{null=Stats{count=90094, mean=500.61958167598294, populationStandardDeviation=289.0511771050378, min=0.013408999890089035, max=999.9879760742188}}",4.510282059151601E7
/data-nonraid/maroulis/data/synth50_c20_cc10.csv,0,valinor,,0,,8,"Query{rect=(548.49994..578.49994),(324.2..354.2), categoricalFilters={}, groupByCols=null, measureCol=9}",0.0,12251,12004,621,503,0,13402,0.362388539,"{null=Stats{count=89969, mean=500.29136729774814, populationStandardDeviation=288.95206230336174, min=0.004091999959200621, max=999.9879760742188}}",4.5010714024411105E7
/data-nonraid/maroulis/data/synth50_c20_cc10.csv,0,valinor,,0,,9,"Query{rect=(548.49994..578.49994),(327.80002..357.80002), categoricalFilters={}, groupByCols=null, measureCol=9}",0.0,12315,12052,584,481,0,12059,0.326184922,"{null=Stats{count=89970, mean=501.03172629590114, populationStandardDeviation=288.6686054947088, min=0.013408999890089035, max=999.9879760742188}}",4.5077824414842226E7
/data-nonraid/maroulis/data/synth50_c20_cc10.csv,0,valinor,,0,,10,"Query{rect=(548.49994..578.49994),(324.80002..354.80002), categoricalFilters={}, groupByCols=null, measureCol=9}",0.0,12315,12052,628,508,0,6303,0.201621831,"{null=Stats{count=90019, mean=500.3200074010717, populationStandardDeviation=288.903172165987, min=0.011508000083267689, max=999.9879760742188}}",4.503830674623707E7
/data-nonraid/maroulis/data/synth50_c20_cc10.csv,0,valinor,,0,,11,"Query{rect=(544.89996..574.89996),(321.2..351.2), categoricalFilters={}, groupByCols=null, measureCol=9}",0.0,12327,12061,620,503,0,13447,0.388425015,"{null=Stats{count=90026, mean=500.20009428995706, populationStandardDeviation=288.88330503418985, min=0.004091999959200621, max=999.9943237304688}}",4.503101368854768E7
/data-nonraid/maroulis/data/synth50_c20_cc10.csv,0,valinor,,0,,12,"Query{rect=(548.49994..578.49994),(317.6..347.6), categoricalFilters={}, groupByCols=null, measureCol=9}",0.0,12427,12136,587,497,0,13121,0.375358443,"{null=Stats{count=90135, mean=500.2257716868273, populationStandardDeviation=288.9603826450751, min=0.004091999959200621, max=999.9861450195312}}",4.508784993099218E7
/data-nonraid/maroulis/data/synth50_c20_cc10.csv,0,valinor,,0,,13,"Query{rect=(544.89996..574.89996),(321.2..351.2), categoricalFilters={}, groupByCols=null, measureCol=9}",0.0,12427,12136,655,535,0,10208,0.294591812,"{null=Stats{count=90026, mean=500.20009428995724, populationStandardDeviation=288.88330503419, min=0.004091999959200621, max=999.9943237304688}}",4.503101368854769E7
/data-nonraid/maroulis/data/synth50_c20_cc10.csv,0,valinor,,0,,14,"Query{rect=(540.39996..570.39996),(316.7..346.7), categoricalFilters={}, groupByCols=null, measureCol=9}",0.0,12467,12166,614,507,0,13856,0.395714379,"{null=Stats{count=90389, mean=499.27692080787534, populationStandardDeviation=289.5378527596972, min=0.004091999959200621, max=999.9943237304688}}",4.5129141594903044E7
/data-nonraid/maroulis/data/synth50_c20_cc10.csv,0,valinor,,0,,15,"Query{rect=(536.8..566.8),(316.7..346.7), categoricalFilters={}, groupByCols=null, measureCol=9}",0.0,12571,12244,584,497,0,12423,0.357726696,"{null=Stats{count=90210, mean=499.06636639328565, populationStandardDeviation=289.75892749236584, min=0.004091999959200621, max=999.9943237304688}}",4.50207769123383E7
/data-nonraid/maroulis/data/synth50_c20_cc10.csv,0,valinor,,0,,16,"Query{rect=(533.5..563.5),(320.0..350.0), categoricalFilters={}, groupByCols=null, measureCol=9}",0.0,12703,12343,584,508,0,22948,0.618439632,"{null=Stats{count=90263, mean=499.22448484205034, populationStandardDeviation=289.62325799549757, min=0.004091999959200621, max=999.9943237304688}}",4.506149967529799E7
/data-nonraid/maroulis/data/synth50_c20_cc10.csv,0,valinor,,0,,17,"Query{rect=(533.5..563.5),(315.2..345.2), categoricalFilters={}, groupByCols=null, measureCol=9}",0.0,12767,12391,642,547,0,16648,0.446526617,"{null=Stats{count=90308, mean=498.9337801692197, populationStandardDeviation=289.74303830806184, min=0.004091999959200621, max=999.9943237304688}}",4.505771181952189E7
/data-nonraid/maroulis/data/synth50_c20_cc10.csv,0,valinor,,0,,18,"Query{rect=(538.0..568.0),(315.2..345.2), categoricalFilters={}, groupByCols=null, measureCol=9}",0.0,12823,12433,665,596,0,16186,0.470106658,"{null=Stats{count=90212, mean=498.7510981815292, populationStandardDeviation=289.7085724997184, min=0.004091999959200621, max=999.9943237304688}}",4.499333406915211E7
/data-nonraid/maroulis/data/synth50_c20_cc10.csv,0,valinor,,0,,19,"Query{rect=(538.0..568.0),(320.90002..350.90002), categoricalFilters={}, groupByCols=null, measureCol=9}",0.0,12831,12439,740,657,0,13139,0.378552614,"{null=Stats{count=90203, mean=499.3190678219092, populationStandardDeviation=289.68078497843317, min=0.004091999959200621, max=999.9943237304688}}",4.504007787473968E7
/data-nonraid/maroulis/data/synth50_c20_cc10.csv,0,valinor,,0,,20,"Query{rect=(544.0..574.0),(326.90002..356.90002), categoricalFilters={}, groupByCols=null, measureCol=9}",0.0,12835,12442,710,622,0,6852,0.208626782,"{null=Stats{count=89905, mean=501.61711911592084, populationStandardDeviation=288.87707034430497, min=0.013408999890089035, max=999.9879760742188}}",4.509788709411687E7
/data-nonraid/maroulis/data/synth50_c20_cc10.csv,0,valinor,,0,,21,"Query{rect=(544.0..574.0),(332.90002..362.90002), categoricalFilters={}, groupByCols=null, measureCol=9}",0.0,12923,12508,665,600,0,19303,0.542430737,"{null=Stats{count=89956, mean=501.31946948174914, populationStandardDeviation=288.538082260358, min=0.013408999890089035, max=999.9879760742188}}",4.509669419670022E7
/data-nonraid/maroulis/data/synth50_c20_cc10.csv,0,valinor,,0,,22,"Query{rect=(544.0..574.0),(338.00003..368.00003), categoricalFilters={}, groupByCols=null, measureCol=9}",0.0,13015,12577,621,555,0,16667,0.469988493,"{null=Stats{count=90001, mean=501.04656751948994, populationStandardDeviation=288.5706038602237, min=0.002202000003308058, max=999.9879760742188}}",4.5094692123321615E7
/data-nonraid/maroulis/data/synth50_c20_cc10.csv,0,valinor,,0,,23,"Query{rect=(538.9..568.9),(343.10004..373.10004), categoricalFilters={}, groupByCols=null, measureCol=9}",0.0,13147,12676,586,517,0,23204,0.624707292,"{null=Stats{count=89791, mean=500.1891481901141, populationStandardDeviation=288.38075624055807, min=0.002202000003308058, max=999.9913940429688}}",4.4912483805138536E7
/data-nonraid/maroulis/data/synth50_c20_cc10.csv,0,valinor,,0,,24,"Query{rect=(538.9..568.9),(348.80005..378.80005), categoricalFilters={}, groupByCols=null, measureCol=9}",0.0,13267,12766,518,435,0,19105,0.506744667,"{null=Stats{count=89959, mean=501.3223137968167, populationStandardDeviation=288.58961253525246, min=0.002202000003308058, max=999.9913940429688}}",4.509845402684783E7
/data-nonraid/maroulis/data/synth50_c20_cc10.csv,0,valinor,,0,,25,"Query{rect=(544.9..574.9),(354.80005..384.80005), categoricalFilters={}, groupByCols=null, measureCol=9}",0.0,13363,12838,467,388,0,20414,0.579000633,"{null=Stats{count=90396, mean=501.844037377253, populationStandardDeviation=288.34032313140585, min=0.002202000003308058, max=999.9889526367188}}",4.536469360275416E7
/data-nonraid/maroulis/data/synth50_c20_cc10.csv,0,valinor,,0,,26,"Query{rect=(544.9..574.9),(359.00006..389.00006), categoricalFilters={}, groupByCols=null, measureCol=9}",0.0,13671,13069,406,338,0,24539,0.687094794,"{null=Stats{count=90350, mean=501.66656617309644, populationStandardDeviation=288.68256164347684, min=0.002202000003308058, max=999.9889526367188}}",4.532557425373926E7
/data-nonraid/maroulis/data/synth50_c20_cc10.csv,0,valinor,,0,,27,"Query{rect=(544.9..574.9),(355.70007..385.70007), categoricalFilters={}, groupByCols=null, measureCol=9}",0.0,13671,13069,646,518,0,12442,0.354965453,"{null=Stats{count=90448, mean=501.5284758496112, populationStandardDeviation=288.40329692259047, min=0.002202000003308058, max=999.9889526367188}}",4.5362247583645634E7
/data-nonraid/maroulis/data/synth50_c20_cc10.csv,0,valinor,,0,,28,"Query{rect=(540.10004..570.10004),(360.50006..390.50006), categoricalFilters={}, groupByCols=null, measureCol=9}",0.0,13903,13243,551,491,0,22872,0.635951364,"{null=Stats{count=90260, mean=500.77830443775343, populationStandardDeviation=288.7594081579954, min=0.002202000003308058, max=999.9889526367188}}",4.520024975855163E7
/data-nonraid/maroulis/data/synth50_c20_cc10.csv,0,valinor,,0,,29,"Query{rect=(536.2..566.2),(360.50006..390.50006), categoricalFilters={}, groupByCols=null, measureCol=9}",0.0,14107,13396,639,574,0,25467,0.684715997,"{null=Stats{count=90204, mean=500.3676761916506, populationStandardDeviation=288.622288365792, min=0.002202000003308058, max=999.9889526367188}}",4.513516586319165E7
/data-nonraid/maroulis/data/synth50_c20_cc10.csv,0,valinor,,0,,30,"Query{rect=(540.4..570.4),(364.70007..394.70007), categoricalFilters={}, groupByCols=null, measureCol=9}",0.0,14215,13477,727,638,0,20399,0.576497791,"{null=Stats{count=90263, mean=500.59176547449266, populationStandardDeviation=288.7260491889277, min=0.002202000003308058, max=999.9889526367188}}",4.518491452702413E7
/data-nonraid/maroulis/data/synth50_c20_cc10.csv,0,valinor,,0,,31,"Query{rect=(537.10004..567.10004),(364.70007..394.70007), categoricalFilters={}, groupByCols=null, measureCol=9}",0.0,14267,13516,772,678,0,14050,0.398399131,"{null=Stats{count=90252, mean=500.4781795327289, populationStandardDeviation=288.6994332519931, min=0.002202000003308058, max=999.9889526367188}}",4.516915665918785E7
/data-nonraid/maroulis/data/synth50_c20_cc10.csv,0,valinor,,0,,32,"Query{rect=(537.10004..567.10004),(361.70007..391.70007), categoricalFilters={}, groupByCols=null, measureCol=9}",0.0,14275,13522,797,695,0,7039,0.208202681,"{null=Stats{count=90305, mean=500.6536778221878, populationStandardDeviation=288.55991978745084, min=0.002202000003308058, max=999.9889526367188}}",4.521153037573267E7
/data-nonraid/maroulis/data/synth50_c20_cc10.csv,0,valinor,,0,,33,"Query{rect=(537.10004..567.10004),(365.00006..395.00006), categoricalFilters={}, groupByCols=null, measureCol=9}",0.0,14335,13567,781,703,0,13395,0.381675056,"{null=Stats{count=90195, mean=500.47648143693834, populationStandardDeviation=288.59223070642275, min=0.002202000003308058, max=999.9889526367188}}",4.514047624320465E7
/data-nonraid/maroulis/data/synth50_c20_cc10.csv,0,valinor,,0,,34,"Query{rect=(531.10004..561.10004),(365.00006..395.00006), categoricalFilters={}, groupByCols=null, measureCol=9}",0.0,14479,13675,702,638,0,25076,0.685903161,"{null=Stats{count=89993, mean=499.50978725492865, populationStandardDeviation=289.05939681989975, min=0.01475400011986494, max=999.9889526367188}}",4.495238428443279E7
/data-nonraid/maroulis/data/synth50_c20_cc10.csv,0,valinor,,0,,35,"Query{rect=(534.4..564.4),(368.30005..398.30005), categoricalFilters={}, groupByCols=null, measureCol=9}",0.0,14591,13759,809,728,0,17119,0.468449029,"{null=Stats{count=90155, mean=500.14539178156497, populationStandardDeviation=288.809282394331, min=0.01475400011986494, max=999.9889526367188}}",4.509060779606699E7
/data-nonraid/maroulis/data/synth50_c20_cc10.csv,0,valinor,,0,,36,"Query{rect=(534.4..564.4),(372.80005..402.80005), categoricalFilters={}, groupByCols=null, measureCol=9}",0.0,14607,13771,760,676,0,21125,0.550349816,"{null=Stats{count=90131, mean=499.4307373231272, populationStandardDeviation=289.27136161290844, min=0.003089000005275011, max=999.9889526367188}}",4.501419178567077E7
/data-nonraid/maroulis/data/synth50_c20_cc10.csv,0,valinor,,0,,37,"Query{rect=(534.4..564.4),(368.60004..398.60004), categoricalFilters={}, groupByCols=null, measureCol=9}",0.0,14607,13771,850,746,0,7232,0.22142233,"{null=Stats{count=90177, mean=500.0235827636484, populationStandardDeviation=288.87852479397645, min=0.01475400011986494, max=999.9889526367188}}",4.509062662287752E7
/data-nonraid/maroulis/data/synth50_c20_cc10.csv,0,valinor,,0,,38,"Query{rect=(530.5..560.5),(372.50003..402.50003), categoricalFilters={}, groupByCols=null, measureCol=9}",0.0,14707,13846,704,629,0,22342,0.621807099,"{null=Stats{count=90007, mean=499.1900041135765, populationStandardDeviation=289.2465303113003, min=0.003089000005275011, max=999.9889526367188}}",4.493059470025068E7
/data-nonraid/maroulis/data/synth50_c20_cc10.csv,0,valinor,,0,,39,"Query{rect=(534.1..564.1),(376.10004..406.10004), categoricalFilters={}, groupByCols=null, measureCol=9}",0.0,14859,13960,694,615,0,23517,0.647568201,"{null=Stats{count=89975, mean=498.8220939689745, populationStandardDeviation=289.4196177912432, min=0.003089000005275011, max=999.9696655273438}}",4.4881517904858485E7
/data-nonraid/maroulis/data/synth50_c20_cc10.csv,0,valinor,,0,,40,"Query{rect=(537.69995..567.69995),(379.70004..409.70004), categoricalFilters={}, groupByCols=null, measureCol=9}",0.0,14971,14044,698,616,0,23070,0.635444216,"{null=Stats{count=89925, mean=497.8945080630837, populationStandardDeviation=288.73444469309015, min=0.010436000302433968, max=999.9696655273438}}",4.47731636375728E7
/data-nonraid/maroulis/data/synth50_c20_cc10.csv,0,valinor,,0,,41,"Query{rect=(543.1..573.1),(385.10004..415.10004), categoricalFilters={}, groupByCols=null, measureCol=9}",0.0,15043,14098,560,491,0,38712,1.005991633,"{null=Stats{count=90064, mean=500.1346914304445, populationStandardDeviation=289.18890046925924, min=0.010436000302433968, max=999.979248046875}}",4.504413084899155E7
/data-nonraid/maroulis/data/synth50_c20_cc10.csv,0,valinor,,0,,42,"Query{rect=(540.1..570.1),(382.10004..412.10004), categoricalFilters={}, groupByCols=null, measureCol=9}",0.0,15107,14146,738,665,0,12576,0.364191969,"{null=Stats{count=90111, mean=499.21024365202146, populationStandardDeviation=289.10064848719287, min=0.010436000302433968, max=999.979248046875}}",4.4984334265727304E7
/data-nonraid/maroulis/data/synth50_c20_cc10.csv,0,valinor,,0,,43,"Query{rect=(536.8..566.8),(382.10004..412.10004), categoricalFilters={}, groupByCols=null, measureCol=9}",0.0,15195,14212,737,652,0,13399,0.381151494,"{null=Stats{count=90074, mean=499.16209232576716, populationStandardDeviation=288.9173787640243, min=0.010436000302433968, max=999.9539184570312}}",4.4961526304151155E7
/data-nonraid/maroulis/data/synth50_c20_cc10.csv,0,valinor,,0,,44,"Query{rect=(540.39996..570.39996),(385.70004..415.70004), categoricalFilters={}, groupByCols=null, measureCol=9}",0.0,15299,14290,684,597,0,20377,0.567524046,"{null=Stats{count=90050, mean=499.76478314074905, populationStandardDeviation=289.03346371512833, min=0.010436000302433968, max=999.979248046875}}",4.500381872182445E7
/data-nonraid/maroulis/data/synth50_c20_cc10.csv,0,valinor,,0,,45,"Query{rect=(535.89996..565.89996),(390.20004..420.20004), categoricalFilters={}, groupByCols=null, measureCol=9}",0.0,15411,14374,512,445,0,24918,0.686934778,"{null=Stats{count=89686, mean=499.45624434396956, populationStandardDeviation=289.0859002302902, min=0.011048000305891037, max=999.9813842773438}}",4.479423273023325E7
/data-nonraid/maroulis/data/synth50_c20_cc10.csv,0,valinor,,0,,46,"Query{rect=(539.19995..569.19995),(390.20004..420.20004), categoricalFilters={}, groupByCols=null, measureCol=9}",0.0,15463,14413,597,525,0,9283,0.258848531,"{null=Stats{count=89832, mean=499.5371365130695, populationStandardDeviation=288.93424391684766, min=0.010436000302433968, max=999.9813842773438}}",4.487442004724206E7
/data-nonraid/maroulis/data/synth50_c20_cc10.csv,0,valinor,,0,,47,"Query{rect=(534.39996..564.39996),(395.00003..425.00003), categoricalFilters={}, groupByCols=null, measureCol=9}",0.0,15623,14533,512,447,0,27341,0.72519661,"{null=Stats{count=89917, mean=499.48023114877236, populationStandardDeviation=289.365540805068, min=0.003089000005275011, max=999.9813842773438}}",4.491176394420417E7
/data-nonraid/maroulis/data/synth50_c20_cc10.csv,0,valinor,,0,,48,"Query{rect=(537.99994..567.99994),(391.40002..421.40002), categoricalFilters={}, groupByCols=null, measureCol=9}",0.0,15631,14539,621,527,0,7880,0.237665731,"{null=Stats{count=89836, mean=499.5586298406101, populationStandardDeviation=289.0095907171463, min=0.010436000302433968, max=999.9813842773438}}",4.487834907036105E7
/data-nonraid/maroulis/data/synth50_c20_cc10.csv,0,valinor,,0,,49,"Query{rect=(543.39996..573.39996),(396.80002..426.80002), categoricalFilters={}, groupByCols=null, measureCol=9}",0.0,15731,14614,553,486,0,22422,0.623631393,"{null=Stats{count=89753, mean=499.3388550390767, populationStandardDeviation=288.8465906702267, min=0.011048000305891037, max=999.9813842773438}}",4.481716025632225E7
/data-nonraid/maroulis/data/synth50_c20_cc10.csv,0,valinor,,0,,50,"Query{rect=(538.89996..568.89996),(396.80002..426.80002), categoricalFilters={}, groupByCols=null, measureCol=9}",0.0,15747,14626,615,524,0,11109,0.316793373,"{null=Stats{count=90008, mean=499.34195984287146, populationStandardDeviation=288.4030444120297, min=0.011048000305891037, max=999.9813842773438}}",4.494477112153717E7
/data-nonraid/maroulis/data/synth50_c20_cc10.csv,0,valinor,,0,,51,"Query{rect=(535.89996..565.89996),(399.80002..429.80002), categoricalFilters={}, groupByCols=null, measureCol=9}",0.0,15803,14668,585,504,0,15134,0.424060353,"{null=Stats{count=89767, mean=499.77242900045445, populationStandardDeviation=288.6646271082759, min=0.011048000305891037, max=999.9813842773438}}",4.486307163408379E7
/data-nonraid/maroulis/data/synth50_c20_cc10.csv,0,valinor,,0,,52,"Query{rect=(539.8..569.8),(403.7..433.7), categoricalFilters={}, groupByCols=null, measureCol=9}",0.0,15823,14683,551,481,0,22536,0.614457681,"{null=Stats{count=89916, mean=500.5007277461275, populationStandardDeviation=288.5348339279683, min=0.0058280001394450665, max=999.9813842773438}}",4.50030234360208E7
/data-nonraid/maroulis/data/synth50_c20_cc10.csv,0,valinor,,0,,53,"Query{rect=(535.0..565.0),(403.7..433.7), categoricalFilters={}, groupByCols=null, measureCol=9}",0.0,15847,14701,534,483,0,16296,0.437876205,"{null=Stats{count=89900, mean=500.7337304513395, populationStandardDeviation=289.012060283866, min=0.011048000305891037, max=999.9869995117188}}",4.501596236757542E7
/data-nonraid/maroulis/data/synth50_c20_cc10.csv,0,valinor,,0,,54,"Query{rect=(535.0..565.0),(398.0..428.0), categoricalFilters={}, groupByCols=null, measureCol=9}",0.0,15847,14701,600,529,0,7235,0.200938473,"{null=Stats{count=89884, mean=499.91856269968025, populationStandardDeviation=289.11131706508064, min=0.011048000305891037, max=999.9813842773438}}",4.493468008969806E7
/data-nonraid/maroulis/data/synth50_c20_cc10.csv,0,valinor,,0,,55,"Query{rect=(530.5..560.5),(393.5..423.5), categoricalFilters={}, groupByCols=null, measureCol=9}",0.0,15911,14749,581,496,0,16505,0.463014983,"{null=Stats{count=89874, mean=498.8318047979975, populationStandardDeviation=289.49405919118055, min=8.340000058524311E-4, max=999.9656372070312}}",4.483200962441523E7
/data-nonraid/maroulis/data/synth50_c20_cc10.csv,0,valinor,,0,,56,"Query{rect=(534.4..564.4),(393.5..423.5), categoricalFilters={}, groupByCols=null, measureCol=9}",0.0,15911,14749,625,529,0,7271,0.213506465,"{null=Stats{count=89946, mean=499.4204091089543, populationStandardDeviation=289.3943612744306, min=0.003089000005275011, max=999.9813842773438}}",4.4920868117714E7
/data-nonraid/maroulis/data/synth50_c20_cc10.csv,0,valinor,,0,,57,"Query{rect=(528.7..558.7),(393.5..423.5), categoricalFilters={}, groupByCols=null, measureCol=9}",0.0,15927,14761,579,506,0,17299,0.482774263,"{null=Stats{count=89902, mean=499.04470892620094, populationStandardDeviation=289.6161610032321, min=8.340000058524311E-4, max=999.9727172851562}}",4.4865117421883315E7
/data-nonraid/maroulis/data/synth50_c20_cc10.csv,0,valinor,,0,,58,"Query{rect=(522.7..552.7),(399.5..429.5), categoricalFilters={}, groupByCols=null, measureCol=9}",0.0,15999,14815,477,409,0,28692,0.772334123,"{null=Stats{count=90090, mean=498.8087931301172, populationStandardDeviation=289.21012332359305, min=8.340000058524311E-4, max=999.9656372070312}}",4.493768417309225E7
/data-nonraid/maroulis/data/synth50_c20_cc10.csv,0,valinor,,0,,59,"Query{rect=(519.4..549.4),(399.5..429.5), categoricalFilters={}, groupByCols=null, measureCol=9}",0.0,16143,14923,456,389,0,24283,0.656732134,"{null=Stats{count=90150, mean=499.1023790192095, populationStandardDeviation=289.3793497111092, min=8.340000058524311E-4, max=999.9396362304688}}",4.4994079468581736E7
/data-nonraid/maroulis/data/synth50_c20_cc10.csv,0,valinor,,0,,60,"Query{rect=(516.4..546.4),(402.5..432.5), categoricalFilters={}, groupByCols=null, measureCol=9}",0.0,16199,14965,444,408,0,21083,0.553180024,"{null=Stats{count=90387, mean=498.85235510292074, populationStandardDeviation=289.0995497589717, min=8.340000058524311E-4, max=999.9869995117188}}",4.50897678206877E7
/data-nonraid/maroulis/data/synth50_c20_cc10.csv,0,valinor,,0,,61,"Query{rect=(512.5..542.5),(402.5..432.5), categoricalFilters={}, groupByCols=null, measureCol=9}",0.0,16335,15067,388,347,0,31670,0.863120718,"{null=Stats{count=90226, mean=498.86390736523356, populationStandardDeviation=289.145987286826, min=8.340000058524311E-4, max=999.9869995117188}}",4.501049490593556E7
/data-nonraid/maroulis/data/synth50_c20_cc10.csv,0,valinor,,0,,62,"Query{rect=(512.5..542.5),(407.3..437.3), categoricalFilters={}, groupByCols=null, measureCol=9}",0.0,16487,15181,430,381,0,30157,0.826506751,"{null=Stats{count=90175, mean=498.89404800909995, populationStandardDeviation=288.7386662476958, min=0.0010179999517276883, max=999.9869995117188}}",4.498777077922059E7
/data-nonraid/maroulis/data/synth50_c20_cc10.csv,0,valinor,,0,,63,"Query{rect=(512.5..542.5),(401.59998..431.59998), categoricalFilters={}, groupByCols=null, measureCol=9}",0.0,16511,15199,544,478,0,9886,0.275805402,"{null=Stats{count=90230, mean=499.2914686796395, populationStandardDeviation=289.26958063258235, min=8.340000058524311E-4, max=999.9869995117188}}",4.505106921896387E7
/data-nonraid/maroulis/data/synth50_c20_cc10.csv,0,valinor,,0,,64,"Query{rect=(515.8..545.8),(404.89996..434.89996), categoricalFilters={}, groupByCols=null, measureCol=9}",0.0,16527,15211,577,485,0,9006,0.253134196,"{null=Stats{count=90274, mean=499.079204777624, populationStandardDeviation=288.80239930765293, min=0.0010179999517276883, max=999.9869995117188}}",4.505387613209523E7
/data-nonraid/maroulis/data/synth50_c20_cc10.csv,0,valinor,,0,,65,"Query{rect=(515.8..545.8),(409.99997..439.99997), categoricalFilters={}, groupByCols=null, measureCol=9}",0.0,16635,15292,512,435,0,19230,0.520880201,"{null=Stats{count=90407, mean=498.87121795721174, populationStandardDeviation=288.74595984343296, min=1.939999929163605E-4, max=999.9869995117188}}",4.510145020185764E7
/data-nonraid/maroulis/data/synth50_c20_cc10.csv,0,valinor,,0,,66,"Query{rect=(515.8..545.8),(413.59998..443.59998), categoricalFilters={}, groupByCols=null, measureCol=9}",0.0,16667,15316,522,455,0,22761,0.593399414,"{null=Stats{count=90468, mean=498.1502855000331, populationStandardDeviation=288.7327622494431, min=1.939999929163605E-4, max=999.9869995117188}}",4.5066660028616995E7
/data-nonraid/maroulis/data/synth50_c20_cc10.csv,0,valinor,,0,,67,"Query{rect=(521.2..551.2),(408.19998..438.19998), categoricalFilters={}, groupByCols=null, measureCol=9}",0.0,16695,15337,581,490,0,12987,0.371659706,"{null=Stats{count=90234, mean=499.08395522770144, populationStandardDeviation=288.90444594696515, min=1.939999929163605E-4, max=999.9869995117188}}",4.503434161601641E7
/data-nonraid/maroulis/data/synth50_c20_cc10.csv,0,valinor,,0,,68,"Query{rect=(524.2..554.2),(408.19998..438.19998), categoricalFilters={}, groupByCols=null, measureCol=9}",0.0,16719,15355,581,490,0,10279,0.295237317,"{null=Stats{count=90143, mean=500.0890305046792, populationStandardDeviation=288.5939537722546, min=1.939999929163605E-4, max=999.9869995117188}}",4.50795254767833E7
/data-nonraid/maroulis/data/synth50_c20_cc10.csv,0,valinor,,0,,69,"Query{rect=(524.2..554.2),(412.09998..442.09998), categoricalFilters={}, groupByCols=null, measureCol=9}",0.0,16755,15382,556,482,0,14269,0.40204737,"{null=Stats{count=90407, mean=500.2624889422707, populationStandardDeviation=288.5410453534927, min=1.939999929163605E-4, max=999.9869995117188}}",4.522723083780386E7
/data-nonraid/maroulis/data/synth50_c20_cc10.csv,0,valinor,,0,,70,"Query{rect=(519.10004..549.10004),(412.09998..442.09998), categoricalFilters={}, groupByCols=null, measureCol=9}",0.0,16807,15421,564,482,0,10964,0.312738425,"{null=Stats{count=90383, mean=498.76930424638454, populationStandardDeviation=288.58372919022133, min=1.939999929163605E-4, max=999.9869995117188}}",4.508026602570097E7
/data-nonraid/maroulis/data/synth50_c20_cc10.csv,0,valinor,,0,,71,"Query{rect=(519.10004..549.10004),(416.59998..446.59998), categoricalFilters={}, groupByCols=null, measureCol=9}",0.0,16899,15490,524,453,0,25078,0.687313899,"{null=Stats{count=90070, mean=498.7171335492413, populationStandardDeviation=288.5415204737654, min=1.939999929163605E-4, max=999.9869995117188}}",4.491945221878016E7
/data-nonraid/maroulis/data/synth50_c20_cc10.csv,0,valinor,,0,,72,"Query{rect=(519.10004..549.10004),(420.8..450.8), categoricalFilters={}, groupByCols=null, measureCol=9}",0.0,17027,15586,518,449,0,22635,0.615238343,"{null=Stats{count=90137, mean=499.07964593959736, populationStandardDeviation=288.56325797352673, min=1.939999929163605E-4, max=999.9947509765625}}",4.4985542046057485E7
/data-nonraid/maroulis/data/synth50_c20_cc10.csv,0,valinor,,0,,73,"Query{rect=(523.00006..553.00006),(416.9..446.9), categoricalFilters={}, groupByCols=null, measureCol=9}",0.0,17035,15592,597,507,0,10996,0.299270125,"{null=Stats{count=90116, mean=499.2875087595338, populationStandardDeviation=288.62048933749423, min=1.939999929163605E-4, max=999.9869995117188}}",4.499379313937415E7
/data-nonraid/maroulis/data/synth50_c20_cc10.csv,0,valinor,,0,,74,"Query{rect=(523.00006..553.00006),(420.5..450.5), categoricalFilters={}, groupByCols=null, measureCol=9}",0.0,17095,15637,585,511,0,10765,0.310461463,"{null=Stats{count=90276, mean=499.4252671355813, populationStandardDeviation=288.65497127660933, min=1.939999929163605E-4, max=999.9947509765625}}",4.508611541593174E7
/data-nonraid/maroulis/data/synth50_c20_cc10.csv,0,valinor,,0,,75,"Query{rect=(518.50006..548.50006),(425.0..455.0), categoricalFilters={}, groupByCols=null, measureCol=9}",0.0,17199,15715,525,471,0,19197,0.532737515,"{null=Stats{count=89682, mean=499.65048281830855, populationStandardDeviation=288.7406515378297, min=1.939999929163605E-4, max=999.9947509765625}}",4.4809654600111544E7
/data-nonraid/maroulis/data/synth50_c20_cc10.csv,0,valinor,,0,,76,"Query{rect=(513.10004..543.10004),(425.0..455.0), categoricalFilters={}, groupByCols=null, measureCol=9}",0.0,17251,15754,552,495,0,18853,0.524879621,"{null=Stats{count=89862, mean=499.4158113002571, populationStandardDeviation=288.4532742941474, min=0.0010179999517276883, max=999.9869995117188}}",4.48785036350637E7
/data-nonraid/maroulis/data/synth50_c20_cc10.csv,0,valinor,,0,,77,"Query{rect=(517.60004..547.60004),(425.0..455.0), categoricalFilters={}, groupByCols=null, measureCol=9}",0.0,17251,15754,603,531,0,7952,0.228836706,"{null=Stats{count=89674, mean=499.3537406760778, populationStandardDeviation=288.7300816755548, min=1.939999929163605E-4, max=999.9947509765625}}",4.47790473413866E7
/data-nonraid/maroulis/data/synth50_c20_cc10.csv,0,valinor,,0,,78,"Query{rect=(517.60004..547.60004),(428.0..458.0), categoricalFilters={}, groupByCols=null, measureCol=9}",0.0,17279,15775,560,485,0,17934,0.495247615,"{null=Stats{count=89580, mean=499.0930717407834, populationStandardDeviation=289.12710537461356, min=1.939999929163605E-4, max=999.9947509765625}}",4.4708757366539374E7
/data-nonraid/maroulis/data/synth50_c20_cc10.csv,0,valinor,,0,,79,"Query{rect=(512.2..542.2),(433.4..463.4), categoricalFilters={}, groupByCols=null, measureCol=9}",0.0,17447,15901,453,396,0,34677,0.915528561,"{null=Stats{count=89638, mean=499.4265490272388, populationStandardDeviation=288.8331566054819, min=6.680000224150717E-4, max=999.9854736328125}}",4.4767597001703635E7
/data-nonraid/maroulis/data/synth50_c20_cc10.csv,0,valinor,,0,,80,"Query{rect=(512.2..542.2),(438.8..468.8), categoricalFilters={}, groupByCols=null, measureCol=9}",0.0,17519,15955,434,370,0,34459,0.936283628,"{null=Stats{count=89838, mean=499.9671864166305, populationStandardDeviation=289.087634760651, min=6.680000224150717E-4, max=999.9827880859375}}",4.491605209329725E7
/data-nonraid/maroulis/data/synth50_c20_cc10.csv,0,valinor,,0,,81,"Query{rect=(508.30002..538.3),(442.69998..472.69998), categoricalFilters={}, groupByCols=null, measureCol=9}",0.0,17667,16066,380,333,0,38411,1.039804169,"{null=Stats{count=89817, mean=499.6221590423092, populationStandardDeviation=289.2048711702916, min=6.680000224150717E-4, max=999.9900512695312}}",4.4874563458703086E7
/data-nonraid/maroulis/data/synth50_c20_cc10.csv,0,valinor,,0,,82,"Query{rect=(502.90002..532.89996),(448.09998..478.09998), categoricalFilters={}, groupByCols=null, measureCol=9}",0.0,17771,16144,325,276,0,42258,1.103355156,"{null=Stats{count=89896, mean=499.5160123988422, populationStandardDeviation=289.5780279559628, min=6.680000224150717E-4, max=999.9900512695312}}",4.490449145060632E7
/data-nonraid/maroulis/data/synth50_c20_cc10.csv,0,valinor,,0,,83,"Query{rect=(502.90002..532.89996),(442.69998..472.69998), categoricalFilters={}, groupByCols=null, measureCol=9}",0.0,17899,16240,437,370,0,14770,0.415942146,"{null=Stats{count=89940, mean=499.9672239650101, populationStandardDeviation=289.2997423488814, min=6.680000224150717E-4, max=999.9900512695312}}",4.4967052123413004E7
/data-nonraid/maroulis/data/synth50_c20_cc10.csv,0,valinor,,0,,84,"Query{rect=(497.50003..527.5),(442.69998..472.69998), categoricalFilters={}, groupByCols=null, measureCol=9}",0.0,17991,16309,406,343,0,30415,0.833753427,"{null=Stats{count=90041, mean=500.2113158955052, populationStandardDeviation=288.84929146668816, min=6.680000224150717E-4, max=999.9900512695312}}",4.503952709454718E7
/data-nonraid/maroulis/data/synth50_c20_cc10.csv,0,valinor,,0,,85,"Query{rect=(497.50003..527.5),(448.09998..478.09998), categoricalFilters={}, groupByCols=null, measureCol=9}",0.0,18107,16396,420,358,0,28635,0.777797226,"{null=Stats{count=90012, mean=499.7865706116027, populationStandardDeviation=289.22139473242726, min=6.680000224150717E-4, max=999.9900512695312}}",4.498678879389159E7
/data-nonraid/maroulis/data/synth50_c20_cc10.csv,0,valinor,,0,,86,"Query{rect=(502.30002..532.3),(443.3..473.3), categoricalFilters={}, groupByCols=null, measureCol=9}",0.0,18115,16402,517,423,0,9874,0.27626771,"{null=Stats{count=89881, mean=499.275953462227, populationStandardDeviation=289.1758527207013, min=6.680000224150717E-4, max=999.9900512695312}}",4.487542197313842E7
/data-nonraid/maroulis/data/synth50_c20_cc10.csv,0,valinor,,0,,87,"Query{rect=(502.30002..532.3),(437.9..467.9), categoricalFilters={}, groupByCols=null, measureCol=9}",0.0,18143,16423,531,445,0,12943,0.356790515,"{null=Stats{count=89895, mean=498.88200630768154, populationStandardDeviation=289.4377588226274, min=6.680000224150717E-4, max=999.9918212890625}}",4.484699795702903E7
/data-nonraid/maroulis/data/synth50_c20_cc10.csv,0,valinor,,0,,88,"Query{rect=(502.30002..532.3),(440.9..470.9), categoricalFilters={}, groupByCols=null, measureCol=9}",0.0,18179,16450,547,460,0,8549,0.235125941,"{null=Stats{count=89789, mean=498.89896975348586, populationStandardDeviation=289.3263679861566, min=6.680000224150717E-4, max=999.9900512695312}}",4.479563959519574E7
/data-nonraid/maroulis/data/synth50_c20_cc10.csv,0,valinor,,0,,89,"Query{rect=(497.2..527.2),(440.9..470.9), categoricalFilters={}, groupByCols=null, measureCol=9}",0.0,18271,16519,510,430,0,15428,0.435694023,"{null=Stats{count=90011, mean=499.6034650967634, populationStandardDeviation=289.0365845360008, min=6.680000224150717E-4, max=999.9900512695312}}",4.496980749682477E7
/data-nonraid/maroulis/data/synth50_c20_cc10.csv,0,valinor,,0,,90,"Query{rect=(497.2..527.2),(444.8..474.8), categoricalFilters={}, groupByCols=null, measureCol=9}",0.0,18287,16531,557,464,0,13334,0.37671952,"{null=Stats{count=90118, mean=499.77018456879495, populationStandardDeviation=289.2244342623237, min=6.680000224150717E-4, max=999.9900512695312}}",4.503828949297066E7
/data-nonraid/maroulis/data/synth50_c20_cc10.csv,0,valinor,,0,,91,"Query{rect=(501.40002..531.4),(444.8..474.8), categoricalFilters={}, groupByCols=null, measureCol=9}",0.0,18287,16531,556,460,0,8645,0.248284196,"{null=Stats{count=89937, mean=499.44175000175966, populationStandardDeviation=289.3488332272465, min=6.680000224150717E-4, max=999.9900512695312}}",4.4918292669908255E7
/data-nonraid/maroulis/data/synth50_c20_cc10.csv,0,valinor,,0,,92,"Query{rect=(496.60004..526.60004),(449.59998..479.59998), categoricalFilters={}, groupByCols=null, measureCol=9}",0.0,18303,16543,552,458,0,12471,0.352245462,"{null=Stats{count=89989, mean=499.6874108405834, populationStandardDeviation=289.0750342801266, min=0.004184999968856573, max=999.9900512695312}}",4.496637041413326E7
/data-nonraid/maroulis/data/synth50_c20_cc10.csv,0,valinor,,0,,93,"Query{rect=(496.60004..526.60004),(445.69998..475.69998), categoricalFilters={}, groupByCols=null, measureCol=9}",0.0,18303,16543,562,466,0,7532,0.220457276,"{null=Stats{count=90307, mean=499.5377594149981, populationStandardDeviation=289.26400395863624, min=6.680000224150717E-4, max=999.9900512695312}}",4.511175643949024E7
/data-nonraid/maroulis/data/synth50_c20_cc10.csv,0,valinor,,0,,94,"Query{rect=(490.60004..520.60004),(451.69998..481.69998), categoricalFilters={}, groupByCols=null, measureCol=9}",0.0,18359,16585,441,392,0,31051,0.828922845,"{null=Stats{count=90089, mean=499.46870210410316, populationStandardDeviation=289.1611983732545, min=0.014599000103771687, max=999.9998779296875}}",4.499663590385655E7
/data-nonraid/maroulis/data/synth50_c20_cc10.csv,0,valinor,,0,,95,"Query{rect=(490.60004..520.60004),(457.69998..487.69998), categoricalFilters={}, groupByCols=null, measureCol=9}",0.0,18495,16687,374,319,0,37346,0.959050664,"{null=Stats{count=90036, mean=498.3869987129167, populationStandardDeviation=289.04445982164003, min=0.00698099983856082, max=999.9998779296875}}",4.487277181611617E7
/data-nonraid/maroulis/data/synth50_c20_cc10.csv,0,valinor,,0,,96,"Query{rect=(495.70004..525.7),(462.8..492.8), categoricalFilters={}, groupByCols=null, measureCol=9}",0.0,18659,16810,383,327,0,34615,0.947900046,"{null=Stats{count=90093, mean=499.41149091013585, populationStandardDeviation=289.12873196668585, min=0.004184999968856573, max=999.9998779296875}}",4.499347945056687E7
/data-nonraid/maroulis/data/synth50_c20_cc10.csv,0,valinor,,0,,97,"Query{rect=(489.70004..519.7),(456.8..486.8), categoricalFilters={}, groupByCols=null, measureCol=9}",0.0,18727,16861,510,444,0,22658,0.631134401,"{null=Stats{count=90265, mean=498.2322104580453, populationStandardDeviation=289.00225615696576, min=0.00698099983856082, max=999.9998779296875}}",4.497293047699546E7
/data-nonraid/maroulis/data/synth50_c20_cc10.csv,0,valinor,,0,,98,"Query{rect=(486.40005..516.4),(460.09998..490.09998), categoricalFilters={}, groupByCols=null, measureCol=9}",0.0,18807,16921,472,420,0,19214,0.524579914,"{null=Stats{count=89950, mean=497.438676914062, populationStandardDeviation=288.9323930691418, min=0.0038950000889599323, max=999.9979858398438}}",4.4744608988419876E7
/data-nonraid/maroulis/data/synth50_c20_cc10.csv,0,valinor,,0,,99,"Query{rect=(489.70004..519.7),(460.09998..490.09998), categoricalFilters={}, groupByCols=null, measureCol=9}",0.0,18907,16996,553,481,0,10257,0.284469872,"{null=Stats{count=90004, mean=497.9335974051617, populationStandardDeviation=289.102725891978, min=0.00698099983856082, max=999.9998779296875}}",4.481601550085417E7
