csv,version,i,rowCount,Time (sec),Query,errorBound,Query Result,Query Result Sum
/data-nonraid/maroulis/data/taxi_data/yellow_tripdata_2014_cleaned.csv,directCSV,0,1,256.761236207,"select count(CAST(column12 AS FLOAT)) as count_column12, min(CAST(column12 AS FLOAT)) as min_column12, max(CAST(column12 AS FLOAT)) as max_column12, sum(CAST(column12 AS FLOAT)) as sum_column12, avg(CAST(column12 AS FLOAT)) as avg_column12 from read_csv_auto('/data-nonraid/maroulis/data/taxi_data/yellow_tripdata_2014_cleaned.csv', ignore_errors = true) where CAST(column05 AS FLOAT) > CAST(-73.99 AS FLOAT) AND CAST(column05 AS FLOAT) < CAST(-73.94 AS FLOAT) AND CAST(column06 AS FLOAT) > CAST(40.745 AS FLOAT) AND CAST(column06 AS FLOAT) < CAST(40.77 AS FLOAT) AND (column12 >= 0.0 AND column12 <= 400.0 AND column04 <= 1000.0);",0,"{12=StatsDuckDB{count=50882999, min=0.0000, max=400.0000, sum=577650087.2219, mean=11.3525, sumOfSquares=NaN}}",{12=5.77650087221878E8}
/data-nonraid/maroulis/data/taxi_data/yellow_tripdata_2014_cleaned.csv,directCSV,1,1,16.591883059,"select count(CAST(column12 AS FLOAT)) as count_column12, min(CAST(column12 AS FLOAT)) as min_column12, max(CAST(column12 AS FLOAT)) as max_column12, sum(CAST(column12 AS FLOAT)) as sum_column12, avg(CAST(column12 AS FLOAT)) as avg_column12 from read_csv_auto('/data-nonraid/maroulis/data/taxi_data/yellow_tripdata_2014_cleaned.csv', ignore_errors = true) where CAST(column05 AS FLOAT) > CAST(-73.9965 AS FLOAT) AND CAST(column05 AS FLOAT) < CAST(-73.9465 AS FLOAT) AND CAST(column06 AS FLOAT) > CAST(40.74825 AS FLOAT) AND CAST(column06 AS FLOAT) < CAST(40.77325 AS FLOAT) AND (column12 >= 0.0 AND column12 <= 400.0 AND column04 <= 1000.0);",0,"{12=StatsDuckDB{count=61050478, min=0.0000, max=400.0000, sum=691785375.3120, mean=11.3314, sumOfSquares=NaN}}",{12=6.917853753120354E8}
/data-nonraid/maroulis/data/taxi_data/yellow_tripdata_2014_cleaned.csv,directCSV,2,1,16.391198963,"select count(CAST(column12 AS FLOAT)) as count_column12, min(CAST(column12 AS FLOAT)) as min_column12, max(CAST(column12 AS FLOAT)) as max_column12, sum(CAST(column12 AS FLOAT)) as sum_column12, avg(CAST(column12 AS FLOAT)) as avg_column12 from read_csv_auto('/data-nonraid/maroulis/data/taxi_data/yellow_tripdata_2014_cleaned.csv', ignore_errors = true) where CAST(column05 AS FLOAT) > CAST(-73.9895 AS FLOAT) AND CAST(column05 AS FLOAT) < CAST(-73.93951 AS FLOAT) AND CAST(column06 AS FLOAT) > CAST(40.75175 AS FLOAT) AND CAST(column06 AS FLOAT) < CAST(40.776752 AS FLOAT) AND (column12 >= 0.0 AND column12 <= 400.0 AND column04 <= 1000.0);",0,"{12=StatsDuckDB{count=51024908, min=0.0000, max=400.0000, sum=572406401.6216, mean=11.2182, sumOfSquares=NaN}}",{12=5.724064016215575E8}
/data-nonraid/maroulis/data/taxi_data/yellow_tripdata_2014_cleaned.csv,directCSV,3,1,16.405588619,"select count(CAST(column12 AS FLOAT)) as count_column12, min(CAST(column12 AS FLOAT)) as min_column12, max(CAST(column12 AS FLOAT)) as max_column12, sum(CAST(column12 AS FLOAT)) as sum_column12, avg(CAST(column12 AS FLOAT)) as avg_column12 from read_csv_auto('/data-nonraid/maroulis/data/taxi_data/yellow_tripdata_2014_cleaned.csv', ignore_errors = true) where CAST(column05 AS FLOAT) > CAST(-73.9895 AS FLOAT) AND CAST(column05 AS FLOAT) < CAST(-73.93951 AS FLOAT) AND CAST(column06 AS FLOAT) > CAST(40.7495 AS FLOAT) AND CAST(column06 AS FLOAT) < CAST(40.7745 AS FLOAT) AND (column12 >= 0.0 AND column12 <= 400.0 AND column04 <= 1000.0);",0,"{12=StatsDuckDB{count=51311256, min=0.0000, max=400.0000, sum=578739184.2317, mean=11.2790, sumOfSquares=NaN}}",{12=5.787391842316954E8}
/data-nonraid/maroulis/data/taxi_data/yellow_tripdata_2014_cleaned.csv,directCSV,4,1,16.213494062,"select count(CAST(column12 AS FLOAT)) as count_column12, min(CAST(column12 AS FLOAT)) as min_column12, max(CAST(column12 AS FLOAT)) as max_column12, sum(CAST(column12 AS FLOAT)) as sum_column12, avg(CAST(column12 AS FLOAT)) as avg_column12 from read_csv_auto('/data-nonraid/maroulis/data/taxi_data/yellow_tripdata_2014_cleaned.csv', ignore_errors = true) where CAST(column05 AS FLOAT) > CAST(-73.983505 AS FLOAT) AND CAST(column05 AS FLOAT) < CAST(-73.93351 AS FLOAT) AND CAST(column06 AS FLOAT) > CAST(40.7525 AS FLOAT) AND CAST(column06 AS FLOAT) < CAST(40.7775 AS FLOAT) AND (column12 >= 0.0 AND column12 <= 400.0 AND column04 <= 1000.0);",0,"{12=StatsDuckDB{count=42232347, min=0.0000, max=400.0000, sum=467825625.3112, mean=11.0774, sumOfSquares=NaN}}",{12=4.6782562531117094E8}
/data-nonraid/maroulis/data/taxi_data/yellow_tripdata_2014_cleaned.csv,directCSV,5,1,15.998174942,"select count(CAST(column12 AS FLOAT)) as count_column12, min(CAST(column12 AS FLOAT)) as min_column12, max(CAST(column12 AS FLOAT)) as max_column12, sum(CAST(column12 AS FLOAT)) as sum_column12, avg(CAST(column12 AS FLOAT)) as avg_column12 from read_csv_auto('/data-nonraid/maroulis/data/taxi_data/yellow_tripdata_2014_cleaned.csv', ignore_errors = true) where CAST(column05 AS FLOAT) > CAST(-73.977005 AS FLOAT) AND CAST(column05 AS FLOAT) < CAST(-73.92701 AS FLOAT) AND CAST(column06 AS FLOAT) > CAST(40.74925 AS FLOAT) AND CAST(column06 AS FLOAT) < CAST(40.77425 AS FLOAT) AND (column12 >= 0.0 AND column12 <= 400.0 AND column04 <= 1000.0);",0,"{12=StatsDuckDB{count=29559883, min=0.0000, max=400.0000, sum=324792791.7508, mean=10.9876, sumOfSquares=NaN}}",{12=3.247927917508007E8}
/data-nonraid/maroulis/data/taxi_data/yellow_tripdata_2014_cleaned.csv,directCSV,6,1,16.021099798,"select count(CAST(column12 AS FLOAT)) as count_column12, min(CAST(column12 AS FLOAT)) as min_column12, max(CAST(column12 AS FLOAT)) as max_column12, sum(CAST(column12 AS FLOAT)) as sum_column12, avg(CAST(column12 AS FLOAT)) as avg_column12 from read_csv_auto('/data-nonraid/maroulis/data/taxi_data/yellow_tripdata_2014_cleaned.csv', ignore_errors = true) where CAST(column05 AS FLOAT) > CAST(-73.981 AS FLOAT) AND CAST(column05 AS FLOAT) < CAST(-73.95601 AS FLOAT) AND CAST(column06 AS FLOAT) > CAST(40.753624 AS FLOAT) AND CAST(column06 AS FLOAT) < CAST(40.766125 AS FLOAT) AND (column12 >= 0.0 AND column12 <= 400.0 AND column04 <= 1000.0);",0,"{12=StatsDuckDB{count=20866088, min=0.0000, max=400.0000, sum=232730197.8107, mean=11.1535, sumOfSquares=NaN}}",{12=2.327301978107454E8}
/data-nonraid/maroulis/data/taxi_data/yellow_tripdata_2014_cleaned.csv,directCSV,7,1,16.075112713,"select count(CAST(column12 AS FLOAT)) as count_column12, min(CAST(column12 AS FLOAT)) as min_column12, max(CAST(column12 AS FLOAT)) as max_column12, sum(CAST(column12 AS FLOAT)) as sum_column12, avg(CAST(column12 AS FLOAT)) as avg_column12 from read_csv_auto('/data-nonraid/maroulis/data/taxi_data/yellow_tripdata_2014_cleaned.csv', ignore_errors = true) where CAST(column05 AS FLOAT) > CAST(-73.983 AS FLOAT) AND CAST(column05 AS FLOAT) < CAST(-73.970505 AS FLOAT) AND CAST(column06 AS FLOAT) > CAST(40.755814 AS FLOAT) AND CAST(column06 AS FLOAT) < CAST(40.762062 AS FLOAT) AND (column12 >= 0.0 AND column12 <= 400.0 AND column04 <= 1000.0);",0,"{12=StatsDuckDB{count=6552236, min=0.0000, max=400.0000, sum=77010821.6103, mean=11.7534, sumOfSquares=NaN}}",{12=7.701082161030722E7}
/data-nonraid/maroulis/data/taxi_data/yellow_tripdata_2014_cleaned.csv,directCSV,8,1,16.060392897,"select count(CAST(column12 AS FLOAT)) as count_column12, min(CAST(column12 AS FLOAT)) as min_column12, max(CAST(column12 AS FLOAT)) as max_column12, sum(CAST(column12 AS FLOAT)) as sum_column12, avg(CAST(column12 AS FLOAT)) as avg_column12 from read_csv_auto('/data-nonraid/maroulis/data/taxi_data/yellow_tripdata_2014_cleaned.csv', ignore_errors = true) where CAST(column05 AS FLOAT) > CAST(-73.984 AS FLOAT) AND CAST(column05 AS FLOAT) < CAST(-73.97775 AS FLOAT) AND CAST(column06 AS FLOAT) > CAST(40.756905 AS FLOAT) AND CAST(column06 AS FLOAT) < CAST(40.760033 AS FLOAT) AND (column12 >= 0.0 AND column12 <= 400.0 AND column04 <= 1000.0);",0,"{12=StatsDuckDB{count=1151695, min=0.0000, max=350.0000, sum=13502933.7801, mean=11.7244, sumOfSquares=NaN}}",{12=1.3502933780051231E7}
/data-nonraid/maroulis/data/taxi_data/yellow_tripdata_2014_cleaned.csv,directCSV,9,1,15.927214206,"select count(CAST(column12 AS FLOAT)) as count_column12, min(CAST(column12 AS FLOAT)) as min_column12, max(CAST(column12 AS FLOAT)) as max_column12, sum(CAST(column12 AS FLOAT)) as sum_column12, avg(CAST(column12 AS FLOAT)) as avg_column12 from read_csv_auto('/data-nonraid/maroulis/data/taxi_data/yellow_tripdata_2014_cleaned.csv', ignore_errors = true) where CAST(column05 AS FLOAT) > CAST(-73.98325 AS FLOAT) AND CAST(column05 AS FLOAT) < CAST(-73.977005 AS FLOAT) AND CAST(column06 AS FLOAT) > CAST(40.75728 AS FLOAT) AND CAST(column06 AS FLOAT) < CAST(40.760406 AS FLOAT) AND (column12 >= 0.0 AND column12 <= 400.0 AND column04 <= 1000.0);",0,"{12=StatsDuckDB{count=1276398, min=0.0000, max=350.0000, sum=14550872.0900, mean=11.3999, sumOfSquares=NaN}}",{12=1.4550872090046883E7}
/data-nonraid/maroulis/data/taxi_data/yellow_tripdata_2014_cleaned.csv,directCSV,10,1,16.072447336,"select count(CAST(column12 AS FLOAT)) as count_column12, min(CAST(column12 AS FLOAT)) as min_column12, max(CAST(column12 AS FLOAT)) as max_column12, sum(CAST(column12 AS FLOAT)) as sum_column12, avg(CAST(column12 AS FLOAT)) as avg_column12 from read_csv_auto('/data-nonraid/maroulis/data/taxi_data/yellow_tripdata_2014_cleaned.csv', ignore_errors = true) where CAST(column05 AS FLOAT) > CAST(-73.984 AS FLOAT) AND CAST(column05 AS FLOAT) < CAST(-73.97775 AS FLOAT) AND CAST(column06 AS FLOAT) > CAST(40.75728 AS FLOAT) AND CAST(column06 AS FLOAT) < CAST(40.760406 AS FLOAT) AND (column12 >= 0.0 AND column12 <= 400.0 AND column04 <= 1000.0);",0,"{12=StatsDuckDB{count=1164549, min=0.0000, max=350.0000, sum=13666019.4001, mean=11.7350, sumOfSquares=NaN}}",{12=1.366601940005207E7}
/data-nonraid/maroulis/data/taxi_data/yellow_tripdata_2014_cleaned.csv,directCSV,11,1,16.154819164,"select count(CAST(column12 AS FLOAT)) as count_column12, min(CAST(column12 AS FLOAT)) as min_column12, max(CAST(column12 AS FLOAT)) as max_column12, sum(CAST(column12 AS FLOAT)) as sum_column12, avg(CAST(column12 AS FLOAT)) as avg_column12 from read_csv_auto('/data-nonraid/maroulis/data/taxi_data/yellow_tripdata_2014_cleaned.csv', ignore_errors = true) where CAST(column05 AS FLOAT) > CAST(-73.984 AS FLOAT) AND CAST(column05 AS FLOAT) < CAST(-73.97775 AS FLOAT) AND CAST(column06 AS FLOAT) > CAST(40.75678 AS FLOAT) AND CAST(column06 AS FLOAT) < CAST(40.759907 AS FLOAT) AND (column12 >= 0.0 AND column12 <= 400.0 AND column04 <= 1000.0);",0,"{12=StatsDuckDB{count=1153094, min=0.0000, max=350.0000, sum=13528597.6201, mean=11.7324, sumOfSquares=NaN}}",{12=1.3528597620053291E7}
/data-nonraid/maroulis/data/taxi_data/yellow_tripdata_2014_cleaned.csv,directCSV,12,1,16.074076904,"select count(CAST(column12 AS FLOAT)) as count_column12, min(CAST(column12 AS FLOAT)) as min_column12, max(CAST(column12 AS FLOAT)) as max_column12, sum(CAST(column12 AS FLOAT)) as sum_column12, avg(CAST(column12 AS FLOAT)) as avg_column12 from read_csv_auto('/data-nonraid/maroulis/data/taxi_data/yellow_tripdata_2014_cleaned.csv', ignore_errors = true) where CAST(column05 AS FLOAT) > CAST(-73.98475 AS FLOAT) AND CAST(column05 AS FLOAT) < CAST(-73.9785 AS FLOAT) AND CAST(column06 AS FLOAT) > CAST(40.75678 AS FLOAT) AND CAST(column06 AS FLOAT) < CAST(40.759907 AS FLOAT) AND (column12 >= 0.0 AND column12 <= 400.0 AND column04 <= 1000.0);",0,"{12=StatsDuckDB{count=1169803, min=0.0000, max=290.0000, sum=14179749.1901, mean=12.1215, sumOfSquares=NaN}}",{12=1.4179749190071583E7}
/data-nonraid/maroulis/data/taxi_data/yellow_tripdata_2014_cleaned.csv,directCSV,13,1,16.238769921,"select count(CAST(column12 AS FLOAT)) as count_column12, min(CAST(column12 AS FLOAT)) as min_column12, max(CAST(column12 AS FLOAT)) as max_column12, sum(CAST(column12 AS FLOAT)) as sum_column12, avg(CAST(column12 AS FLOAT)) as avg_column12 from read_csv_auto('/data-nonraid/maroulis/data/taxi_data/yellow_tripdata_2014_cleaned.csv', ignore_errors = true) where CAST(column05 AS FLOAT) > CAST(-73.98412 AS FLOAT) AND CAST(column05 AS FLOAT) < CAST(-73.977875 AS FLOAT) AND CAST(column06 AS FLOAT) > CAST(40.756466 AS FLOAT) AND CAST(column06 AS FLOAT) < CAST(40.759594 AS FLOAT) AND (column12 >= 0.0 AND column12 <= 400.0 AND column04 <= 1000.0);",0,"{12=StatsDuckDB{count=1148720, min=0.0000, max=350.0000, sum=13548911.2901, mean=11.7948, sumOfSquares=NaN}}",{12=1.354891129006052E7}
/data-nonraid/maroulis/data/taxi_data/yellow_tripdata_2014_cleaned.csv,directCSV,14,1,16.254428742,"select count(CAST(column12 AS FLOAT)) as count_column12, min(CAST(column12 AS FLOAT)) as min_column12, max(CAST(column12 AS FLOAT)) as max_column12, sum(CAST(column12 AS FLOAT)) as sum_column12, avg(CAST(column12 AS FLOAT)) as avg_column12 from read_csv_auto('/data-nonraid/maroulis/data/taxi_data/yellow_tripdata_2014_cleaned.csv', ignore_errors = true) where CAST(column05 AS FLOAT) > CAST(-73.983376 AS FLOAT) AND CAST(column05 AS FLOAT) < CAST(-73.97713 AS FLOAT) AND CAST(column06 AS FLOAT) > CAST(40.756466 AS FLOAT) AND CAST(column06 AS FLOAT) < CAST(40.759594 AS FLOAT) AND (column12 >= 0.0 AND column12 <= 400.0 AND column04 <= 1000.0);",0,"{12=StatsDuckDB{count=1295507, min=0.0000, max=350.0000, sum=14756560.9101, mean=11.3906, sumOfSquares=NaN}}",{12=1.4756560910054684E7}
/data-nonraid/maroulis/data/taxi_data/yellow_tripdata_2014_cleaned.csv,directCSV,15,1,16.383789534,"select count(CAST(column12 AS FLOAT)) as count_column12, min(CAST(column12 AS FLOAT)) as min_column12, max(CAST(column12 AS FLOAT)) as max_column12, sum(CAST(column12 AS FLOAT)) as sum_column12, avg(CAST(column12 AS FLOAT)) as avg_column12 from read_csv_auto('/data-nonraid/maroulis/data/taxi_data/yellow_tripdata_2014_cleaned.csv', ignore_errors = true) where CAST(column05 AS FLOAT) > CAST(-73.98412 AS FLOAT) AND CAST(column05 AS FLOAT) < CAST(-73.977875 AS FLOAT) AND CAST(column06 AS FLOAT) > CAST(40.756466 AS FLOAT) AND CAST(column06 AS FLOAT) < CAST(40.759594 AS FLOAT) AND (column12 >= 0.0 AND column12 <= 400.0 AND column04 <= 1000.0);",0,"{12=StatsDuckDB{count=1148720, min=0.0000, max=350.0000, sum=13548911.2901, mean=11.7948, sumOfSquares=NaN}}",{12=1.354891129006052E7}
/data-nonraid/maroulis/data/taxi_data/yellow_tripdata_2014_cleaned.csv,directCSV,16,1,16.371843844,"select count(CAST(column12 AS FLOAT)) as count_column12, min(CAST(column12 AS FLOAT)) as min_column12, max(CAST(column12 AS FLOAT)) as max_column12, sum(CAST(column12 AS FLOAT)) as sum_column12, avg(CAST(column12 AS FLOAT)) as avg_column12 from read_csv_auto('/data-nonraid/maroulis/data/taxi_data/yellow_tripdata_2014_cleaned.csv', ignore_errors = true) where CAST(column05 AS FLOAT) > CAST(-73.98487 AS FLOAT) AND CAST(column05 AS FLOAT) < CAST(-73.97862 AS FLOAT) AND CAST(column06 AS FLOAT) > CAST(40.756466 AS FLOAT) AND CAST(column06 AS FLOAT) < CAST(40.759594 AS FLOAT) AND (column12 >= 0.0 AND column12 <= 400.0 AND column04 <= 1000.0);",0,"{12=StatsDuckDB{count=1153847, min=0.0000, max=290.0000, sum=14080500.9001, mean=12.2031, sumOfSquares=NaN}}",{12=1.4080500900081158E7}
/data-nonraid/maroulis/data/taxi_data/yellow_tripdata_2014_cleaned.csv,directCSV,17,1,16.425690946,"select count(CAST(column12 AS FLOAT)) as count_column12, min(CAST(column12 AS FLOAT)) as min_column12, max(CAST(column12 AS FLOAT)) as max_column12, sum(CAST(column12 AS FLOAT)) as sum_column12, avg(CAST(column12 AS FLOAT)) as avg_column12 from read_csv_auto('/data-nonraid/maroulis/data/taxi_data/yellow_tripdata_2014_cleaned.csv', ignore_errors = true) where CAST(column05 AS FLOAT) > CAST(-73.98393 AS FLOAT) AND CAST(column05 AS FLOAT) < CAST(-73.977684 AS FLOAT) AND CAST(column06 AS FLOAT) > CAST(40.756466 AS FLOAT) AND CAST(column06 AS FLOAT) < CAST(40.759594 AS FLOAT) AND (column12 >= 0.0 AND column12 <= 400.0 AND column04 <= 1000.0);",0,"{12=StatsDuckDB{count=1174568, min=0.0000, max=350.0000, sum=13719616.1301, mean=11.6806, sumOfSquares=NaN}}",{12=1.3719616130057335E7}
/data-nonraid/maroulis/data/taxi_data/yellow_tripdata_2014_cleaned.csv,directCSV,18,1,16.433498215,"select count(CAST(column12 AS FLOAT)) as count_column12, min(CAST(column12 AS FLOAT)) as min_column12, max(CAST(column12 AS FLOAT)) as max_column12, sum(CAST(column12 AS FLOAT)) as sum_column12, avg(CAST(column12 AS FLOAT)) as avg_column12 from read_csv_auto('/data-nonraid/maroulis/data/taxi_data/yellow_tripdata_2014_cleaned.csv', ignore_errors = true) where CAST(column05 AS FLOAT) > CAST(-73.98393 AS FLOAT) AND CAST(column05 AS FLOAT) < CAST(-73.977684 AS FLOAT) AND CAST(column06 AS FLOAT) > CAST(40.756092 AS FLOAT) AND CAST(column06 AS FLOAT) < CAST(40.75922 AS FLOAT) AND (column12 >= 0.0 AND column12 <= 400.0 AND column04 <= 1000.0);",0,"{12=StatsDuckDB{count=1208691, min=0.0000, max=350.0000, sum=14092467.3101, mean=11.6593, sumOfSquares=NaN}}",{12=1.4092467310069084E7}
/data-nonraid/maroulis/data/taxi_data/yellow_tripdata_2014_cleaned.csv,directCSV,19,1,16.368520941,"select count(CAST(column12 AS FLOAT)) as count_column12, min(CAST(column12 AS FLOAT)) as min_column12, max(CAST(column12 AS FLOAT)) as max_column12, sum(CAST(column12 AS FLOAT)) as sum_column12, avg(CAST(column12 AS FLOAT)) as avg_column12 from read_csv_auto('/data-nonraid/maroulis/data/taxi_data/yellow_tripdata_2014_cleaned.csv', ignore_errors = true) where CAST(column05 AS FLOAT) > CAST(-73.98462 AS FLOAT) AND CAST(column05 AS FLOAT) < CAST(-73.97837 AS FLOAT) AND CAST(column06 AS FLOAT) > CAST(40.75575 AS FLOAT) AND CAST(column06 AS FLOAT) < CAST(40.758877 AS FLOAT) AND (column12 >= 0.0 AND column12 <= 400.0 AND column04 <= 1000.0);",0,"{12=StatsDuckDB{count=1164789, min=0.0000, max=290.0000, sum=14038214.2401, mean=12.0522, sumOfSquares=NaN}}",{12=1.403821424007988E7}
/data-nonraid/maroulis/data/taxi_data/yellow_tripdata_2014_cleaned.csv,directCSV,20,1,16.599988918,"select count(CAST(column12 AS FLOAT)) as count_column12, min(CAST(column12 AS FLOAT)) as min_column12, max(CAST(column12 AS FLOAT)) as max_column12, sum(CAST(column12 AS FLOAT)) as sum_column12, avg(CAST(column12 AS FLOAT)) as avg_column12 from read_csv_auto('/data-nonraid/maroulis/data/taxi_data/yellow_tripdata_2014_cleaned.csv', ignore_errors = true) where CAST(column05 AS FLOAT) > CAST(-73.98362 AS FLOAT) AND CAST(column05 AS FLOAT) < CAST(-73.97737 AS FLOAT) AND CAST(column06 AS FLOAT) > CAST(40.75525 AS FLOAT) AND CAST(column06 AS FLOAT) < CAST(40.758377 AS FLOAT) AND (column12 >= 0.0 AND column12 <= 400.0 AND column04 <= 1000.0);",0,"{12=StatsDuckDB{count=1336578, min=0.0000, max=400.0000, sum=15498300.9501, mean=11.5955, sumOfSquares=NaN}}",{12=1.5498300950077057E7}
/data-nonraid/maroulis/data/taxi_data/yellow_tripdata_2014_cleaned.csv,directCSV,21,1,16.639155177,"select count(CAST(column12 AS FLOAT)) as count_column12, min(CAST(column12 AS FLOAT)) as min_column12, max(CAST(column12 AS FLOAT)) as max_column12, sum(CAST(column12 AS FLOAT)) as sum_column12, avg(CAST(column12 AS FLOAT)) as avg_column12 from read_csv_auto('/data-nonraid/maroulis/data/taxi_data/yellow_tripdata_2014_cleaned.csv', ignore_errors = true) where CAST(column05 AS FLOAT) > CAST(-73.98456 AS FLOAT) AND CAST(column05 AS FLOAT) < CAST(-73.97831 AS FLOAT) AND CAST(column06 AS FLOAT) > CAST(40.75525 AS FLOAT) AND CAST(column06 AS FLOAT) < CAST(40.758377 AS FLOAT) AND (column12 >= 0.0 AND column12 <= 400.0 AND column04 <= 1000.0);",0,"{12=StatsDuckDB{count=1249789, min=0.0000, max=400.0000, sum=15020169.8101, mean=12.0182, sumOfSquares=NaN}}",{12=1.5020169810091019E7}
/data-nonraid/maroulis/data/taxi_data/yellow_tripdata_2014_cleaned.csv,directCSV,22,1,16.652119006,"select count(CAST(column12 AS FLOAT)) as count_column12, min(CAST(column12 AS FLOAT)) as min_column12, max(CAST(column12 AS FLOAT)) as max_column12, sum(CAST(column12 AS FLOAT)) as sum_column12, avg(CAST(column12 AS FLOAT)) as avg_column12 from read_csv_auto('/data-nonraid/maroulis/data/taxi_data/yellow_tripdata_2014_cleaned.csv', ignore_errors = true) where CAST(column05 AS FLOAT) > CAST(-73.98575 AS FLOAT) AND CAST(column05 AS FLOAT) < CAST(-73.9795 AS FLOAT) AND CAST(column06 AS FLOAT) > CAST(40.754654 AS FLOAT) AND CAST(column06 AS FLOAT) < CAST(40.757782 AS FLOAT) AND (column12 >= 0.0 AND column12 <= 400.0 AND column04 <= 1000.0);",0,"{12=StatsDuckDB{count=1310430, min=0.0000, max=400.0000, sum=15942340.2201, mean=12.1657, sumOfSquares=NaN}}",{12=1.5942340220096359E7}
/data-nonraid/maroulis/data/taxi_data/yellow_tripdata_2014_cleaned.csv,directCSV,23,1,16.670958036,"select count(CAST(column12 AS FLOAT)) as count_column12, min(CAST(column12 AS FLOAT)) as min_column12, max(CAST(column12 AS FLOAT)) as max_column12, sum(CAST(column12 AS FLOAT)) as sum_column12, avg(CAST(column12 AS FLOAT)) as avg_column12 from read_csv_auto('/data-nonraid/maroulis/data/taxi_data/yellow_tripdata_2014_cleaned.csv', ignore_errors = true) where CAST(column05 AS FLOAT) > CAST(-73.98575 AS FLOAT) AND CAST(column05 AS FLOAT) < CAST(-73.9795 AS FLOAT) AND CAST(column06 AS FLOAT) > CAST(40.75403 AS FLOAT) AND CAST(column06 AS FLOAT) < CAST(40.757156 AS FLOAT) AND (column12 >= 0.0 AND column12 <= 400.0 AND column04 <= 1000.0);",0,"{12=StatsDuckDB{count=1309902, min=0.0000, max=400.0000, sum=15581689.7901, mean=11.8953, sumOfSquares=NaN}}",{12=1.5581689790086756E7}
/data-nonraid/maroulis/data/taxi_data/yellow_tripdata_2014_cleaned.csv,directCSV,24,1,16.719969449,"select count(CAST(column12 AS FLOAT)) as count_column12, min(CAST(column12 AS FLOAT)) as min_column12, max(CAST(column12 AS FLOAT)) as max_column12, sum(CAST(column12 AS FLOAT)) as sum_column12, avg(CAST(column12 AS FLOAT)) as avg_column12 from read_csv_auto('/data-nonraid/maroulis/data/taxi_data/yellow_tripdata_2014_cleaned.csv', ignore_errors = true) where CAST(column05 AS FLOAT) > CAST(-73.987 AS FLOAT) AND CAST(column05 AS FLOAT) < CAST(-73.98075 AS FLOAT) AND CAST(column06 AS FLOAT) > CAST(40.75403 AS FLOAT) AND CAST(column06 AS FLOAT) < CAST(40.757156 AS FLOAT) AND (column12 >= 0.0 AND column12 <= 400.0 AND column04 <= 1000.0);",0,"{12=StatsDuckDB{count=1375723, min=0.0000, max=300.0000, sum=16374922.4601, mean=11.9028, sumOfSquares=NaN}}",{12=1.6374922460084448E7}
/data-nonraid/maroulis/data/taxi_data/yellow_tripdata_2014_cleaned.csv,directCSV,25,1,16.635500857,"select count(CAST(column12 AS FLOAT)) as count_column12, min(CAST(column12 AS FLOAT)) as min_column12, max(CAST(column12 AS FLOAT)) as max_column12, sum(CAST(column12 AS FLOAT)) as sum_column12, avg(CAST(column12 AS FLOAT)) as avg_column12 from read_csv_auto('/data-nonraid/maroulis/data/taxi_data/yellow_tripdata_2014_cleaned.csv', ignore_errors = true) where CAST(column05 AS FLOAT) > CAST(-73.987 AS FLOAT) AND CAST(column05 AS FLOAT) < CAST(-73.98075 AS FLOAT) AND CAST(column06 AS FLOAT) > CAST(40.753498 AS FLOAT) AND CAST(column06 AS FLOAT) < CAST(40.756626 AS FLOAT) AND (column12 >= 0.0 AND column12 <= 400.0 AND column04 <= 1000.0);",0,"{12=StatsDuckDB{count=1254817, min=0.0000, max=395.2000, sum=14773251.2001, mean=11.7732, sumOfSquares=NaN}}",{12=1.4773251200084219E7}
/data-nonraid/maroulis/data/taxi_data/yellow_tripdata_2014_cleaned.csv,directCSV,26,1,16.620817499,"select count(CAST(column12 AS FLOAT)) as count_column12, min(CAST(column12 AS FLOAT)) as min_column12, max(CAST(column12 AS FLOAT)) as max_column12, sum(CAST(column12 AS FLOAT)) as sum_column12, avg(CAST(column12 AS FLOAT)) as avg_column12 from read_csv_auto('/data-nonraid/maroulis/data/taxi_data/yellow_tripdata_2014_cleaned.csv', ignore_errors = true) where CAST(column05 AS FLOAT) > CAST(-73.98594 AS FLOAT) AND CAST(column05 AS FLOAT) < CAST(-73.97969 AS FLOAT) AND CAST(column06 AS FLOAT) > CAST(40.753498 AS FLOAT) AND CAST(column06 AS FLOAT) < CAST(40.756626 AS FLOAT) AND (column12 >= 0.0 AND column12 <= 400.0 AND column04 <= 1000.0);",0,"{12=StatsDuckDB{count=1270023, min=0.0000, max=395.2000, sum=14837071.3901, mean=11.6825, sumOfSquares=NaN}}",{12=1.4837071390092382E7}
/data-nonraid/maroulis/data/taxi_data/yellow_tripdata_2014_cleaned.csv,directCSV,27,1,16.806452823,"select count(CAST(column12 AS FLOAT)) as count_column12, min(CAST(column12 AS FLOAT)) as min_column12, max(CAST(column12 AS FLOAT)) as max_column12, sum(CAST(column12 AS FLOAT)) as sum_column12, avg(CAST(column12 AS FLOAT)) as avg_column12 from read_csv_auto('/data-nonraid/maroulis/data/taxi_data/yellow_tripdata_2014_cleaned.csv', ignore_errors = true) where CAST(column05 AS FLOAT) > CAST(-73.98475 AS FLOAT) AND CAST(column05 AS FLOAT) < CAST(-73.9785 AS FLOAT) AND CAST(column06 AS FLOAT) > CAST(40.753498 AS FLOAT) AND CAST(column06 AS FLOAT) < CAST(40.756626 AS FLOAT) AND (column12 >= 0.0 AND column12 <= 400.0 AND column04 <= 1000.0);",0,"{12=StatsDuckDB{count=1377304, min=0.0000, max=400.0000, sum=15779384.0001, mean=11.4567, sumOfSquares=NaN}}",{12=1.5779384000088463E7}
/data-nonraid/maroulis/data/taxi_data/yellow_tripdata_2014_cleaned.csv,directCSV,28,1,16.862765593,"select count(CAST(column12 AS FLOAT)) as count_column12, min(CAST(column12 AS FLOAT)) as min_column12, max(CAST(column12 AS FLOAT)) as max_column12, sum(CAST(column12 AS FLOAT)) as sum_column12, avg(CAST(column12 AS FLOAT)) as avg_column12 from read_csv_auto('/data-nonraid/maroulis/data/taxi_data/yellow_tripdata_2014_cleaned.csv', ignore_errors = true) where CAST(column05 AS FLOAT) > CAST(-73.986 AS FLOAT) AND CAST(column05 AS FLOAT) < CAST(-73.97975 AS FLOAT) AND CAST(column06 AS FLOAT) > CAST(40.753498 AS FLOAT) AND CAST(column06 AS FLOAT) < CAST(40.756626 AS FLOAT) AND (column12 >= 0.0 AND column12 <= 400.0 AND column04 <= 1000.0);",0,"{12=StatsDuckDB{count=1264870, min=0.0000, max=395.2000, sum=14792259.3901, mean=11.6947, sumOfSquares=NaN}}",{12=1.4792259390092382E7}
/data-nonraid/maroulis/data/taxi_data/yellow_tripdata_2014_cleaned.csv,directCSV,29,1,16.708618201,"select count(CAST(column12 AS FLOAT)) as count_column12, min(CAST(column12 AS FLOAT)) as min_column12, max(CAST(column12 AS FLOAT)) as max_column12, sum(CAST(column12 AS FLOAT)) as sum_column12, avg(CAST(column12 AS FLOAT)) as avg_column12 from read_csv_auto('/data-nonraid/maroulis/data/taxi_data/yellow_tripdata_2014_cleaned.csv', ignore_errors = true) where CAST(column05 AS FLOAT) > CAST(-73.98512 AS FLOAT) AND CAST(column05 AS FLOAT) < CAST(-73.978874 AS FLOAT) AND CAST(column06 AS FLOAT) > CAST(40.753498 AS FLOAT) AND CAST(column06 AS FLOAT) < CAST(40.756626 AS FLOAT) AND (column12 >= 0.0 AND column12 <= 400.0 AND column04 <= 1000.0);",0,"{12=StatsDuckDB{count=1355854, min=0.0000, max=400.0000, sum=15619510.0901, mean=11.5201, sumOfSquares=NaN}}",{12=1.5619510090086708E7}
/data-nonraid/maroulis/data/taxi_data/yellow_tripdata_2014_cleaned.csv,directCSV,30,1,16.795627641,"select count(CAST(column12 AS FLOAT)) as count_column12, min(CAST(column12 AS FLOAT)) as min_column12, max(CAST(column12 AS FLOAT)) as max_column12, sum(CAST(column12 AS FLOAT)) as sum_column12, avg(CAST(column12 AS FLOAT)) as avg_column12 from read_csv_auto('/data-nonraid/maroulis/data/taxi_data/yellow_tripdata_2014_cleaned.csv', ignore_errors = true) where CAST(column05 AS FLOAT) > CAST(-73.984436 AS FLOAT) AND CAST(column05 AS FLOAT) < CAST(-73.97819 AS FLOAT) AND CAST(column06 AS FLOAT) > CAST(40.753498 AS FLOAT) AND CAST(column06 AS FLOAT) < CAST(40.756626 AS FLOAT) AND (column12 >= 0.0 AND column12 <= 400.0 AND column04 <= 1000.0);",0,"{12=StatsDuckDB{count=1366790, min=0.0000, max=400.0000, sum=15615247.4901, mean=11.4248, sumOfSquares=NaN}}",{12=1.561524749008728E7}
/data-nonraid/maroulis/data/taxi_data/yellow_tripdata_2014_cleaned.csv,directCSV,31,1,16.887972864,"select count(CAST(column12 AS FLOAT)) as count_column12, min(CAST(column12 AS FLOAT)) as min_column12, max(CAST(column12 AS FLOAT)) as max_column12, sum(CAST(column12 AS FLOAT)) as sum_column12, avg(CAST(column12 AS FLOAT)) as avg_column12 from read_csv_auto('/data-nonraid/maroulis/data/taxi_data/yellow_tripdata_2014_cleaned.csv', ignore_errors = true) where CAST(column05 AS FLOAT) > CAST(-73.985435 AS FLOAT) AND CAST(column05 AS FLOAT) < CAST(-73.97919 AS FLOAT) AND CAST(column06 AS FLOAT) > CAST(40.753498 AS FLOAT) AND CAST(column06 AS FLOAT) < CAST(40.756626 AS FLOAT) AND (column12 >= 0.0 AND column12 <= 400.0 AND column04 <= 1000.0);",0,"{12=StatsDuckDB{count=1315587, min=0.0000, max=400.0000, sum=15243673.2701, mean=11.5870, sumOfSquares=NaN}}",{12=1.5243673270084152E7}
/data-nonraid/maroulis/data/taxi_data/yellow_tripdata_2014_cleaned.csv,directCSV,32,1,16.918139942,"select count(CAST(column12 AS FLOAT)) as count_column12, min(CAST(column12 AS FLOAT)) as min_column12, max(CAST(column12 AS FLOAT)) as max_column12, sum(CAST(column12 AS FLOAT)) as sum_column12, avg(CAST(column12 AS FLOAT)) as avg_column12 from read_csv_auto('/data-nonraid/maroulis/data/taxi_data/yellow_tripdata_2014_cleaned.csv', ignore_errors = true) where CAST(column05 AS FLOAT) > CAST(-73.98463 AS FLOAT) AND CAST(column05 AS FLOAT) < CAST(-73.97838 AS FLOAT) AND CAST(column06 AS FLOAT) > CAST(40.753498 AS FLOAT) AND CAST(column06 AS FLOAT) < CAST(40.756626 AS FLOAT) AND (column12 >= 0.0 AND column12 <= 400.0 AND column04 <= 1000.0);",0,"{12=StatsDuckDB{count=1375792, min=0.0000, max=400.0000, sum=15744525.0901, mean=11.4440, sumOfSquares=NaN}}",{12=1.5744525090087662E7}
/data-nonraid/maroulis/data/taxi_data/yellow_tripdata_2014_cleaned.csv,directCSV,33,1,16.739487086,"select count(CAST(column12 AS FLOAT)) as count_column12, min(CAST(column12 AS FLOAT)) as min_column12, max(CAST(column12 AS FLOAT)) as max_column12, sum(CAST(column12 AS FLOAT)) as sum_column12, avg(CAST(column12 AS FLOAT)) as avg_column12 from read_csv_auto('/data-nonraid/maroulis/data/taxi_data/yellow_tripdata_2014_cleaned.csv', ignore_errors = true) where CAST(column05 AS FLOAT) > CAST(-73.985504 AS FLOAT) AND CAST(column05 AS FLOAT) < CAST(-73.979256 AS FLOAT) AND CAST(column06 AS FLOAT) > CAST(40.753498 AS FLOAT) AND CAST(column06 AS FLOAT) < CAST(40.756626 AS FLOAT) AND (column12 >= 0.0 AND column12 <= 400.0 AND column04 <= 1000.0);",0,"{12=StatsDuckDB{count=1307327, min=0.0000, max=400.0000, sum=15165764.7501, mean=11.6006, sumOfSquares=NaN}}",{12=1.5165764750087509E7}
/data-nonraid/maroulis/data/taxi_data/yellow_tripdata_2014_cleaned.csv,directCSV,34,1,16.765742531,"select count(CAST(column12 AS FLOAT)) as count_column12, min(CAST(column12 AS FLOAT)) as min_column12, max(CAST(column12 AS FLOAT)) as max_column12, sum(CAST(column12 AS FLOAT)) as sum_column12, avg(CAST(column12 AS FLOAT)) as avg_column12 from read_csv_auto('/data-nonraid/maroulis/data/taxi_data/yellow_tripdata_2014_cleaned.csv', ignore_errors = true) where CAST(column05 AS FLOAT) > CAST(-73.98482 AS FLOAT) AND CAST(column05 AS FLOAT) < CAST(-73.97857 AS FLOAT) AND CAST(column06 AS FLOAT) > CAST(40.753498 AS FLOAT) AND CAST(column06 AS FLOAT) < CAST(40.756626 AS FLOAT) AND (column12 >= 0.0 AND column12 <= 400.0 AND column04 <= 1000.0);",0,"{12=StatsDuckDB{count=1375351, min=0.0000, max=400.0000, sum=15774439.3401, mean=11.4694, sumOfSquares=NaN}}",{12=1.5774439340086708E7}
/data-nonraid/maroulis/data/taxi_data/yellow_tripdata_2014_cleaned.csv,directCSV,35,1,16.666028948,"select count(CAST(column12 AS FLOAT)) as count_column12, min(CAST(column12 AS FLOAT)) as min_column12, max(CAST(column12 AS FLOAT)) as max_column12, sum(CAST(column12 AS FLOAT)) as sum_column12, avg(CAST(column12 AS FLOAT)) as avg_column12 from read_csv_auto('/data-nonraid/maroulis/data/taxi_data/yellow_tripdata_2014_cleaned.csv', ignore_errors = true) where CAST(column05 AS FLOAT) > CAST(-73.98419 AS FLOAT) AND CAST(column05 AS FLOAT) < CAST(-73.97794 AS FLOAT) AND CAST(column06 AS FLOAT) > CAST(40.753498 AS FLOAT) AND CAST(column06 AS FLOAT) < CAST(40.756626 AS FLOAT) AND (column12 >= 0.0 AND column12 <= 400.0 AND column04 <= 1000.0);",0,"{12=StatsDuckDB{count=1344716, min=0.0000, max=400.0000, sum=15347601.9901, mean=11.4133, sumOfSquares=NaN}}",{12=1.5347601990089187E7}
/data-nonraid/maroulis/data/taxi_data/yellow_tripdata_2014_cleaned.csv,directCSV,36,1,16.904853495,"select count(CAST(column12 AS FLOAT)) as count_column12, min(CAST(column12 AS FLOAT)) as min_column12, max(CAST(column12 AS FLOAT)) as max_column12, sum(CAST(column12 AS FLOAT)) as sum_column12, avg(CAST(column12 AS FLOAT)) as avg_column12 from read_csv_auto('/data-nonraid/maroulis/data/taxi_data/yellow_tripdata_2014_cleaned.csv', ignore_errors = true) where CAST(column05 AS FLOAT) > CAST(-73.983505 AS FLOAT) AND CAST(column05 AS FLOAT) < CAST(-73.97726 AS FLOAT) AND CAST(column06 AS FLOAT) > CAST(40.75384 AS FLOAT) AND CAST(column06 AS FLOAT) < CAST(40.75697 AS FLOAT) AND (column12 >= 0.0 AND column12 <= 400.0 AND column04 <= 1000.0);",0,"{12=StatsDuckDB{count=1282087, min=0.0000, max=400.0000, sum=14771564.2401, mean=11.5215, sumOfSquares=NaN}}",{12=1.4771564240061054E7}
/data-nonraid/maroulis/data/taxi_data/yellow_tripdata_2014_cleaned.csv,directCSV,37,1,16.991029118,"select count(CAST(column12 AS FLOAT)) as count_column12, min(CAST(column12 AS FLOAT)) as min_column12, max(CAST(column12 AS FLOAT)) as max_column12, sum(CAST(column12 AS FLOAT)) as sum_column12, avg(CAST(column12 AS FLOAT)) as avg_column12 from read_csv_auto('/data-nonraid/maroulis/data/taxi_data/yellow_tripdata_2014_cleaned.csv', ignore_errors = true) where CAST(column05 AS FLOAT) > CAST(-73.983505 AS FLOAT) AND CAST(column05 AS FLOAT) < CAST(-73.97726 AS FLOAT) AND CAST(column06 AS FLOAT) > CAST(40.753216 AS FLOAT) AND CAST(column06 AS FLOAT) < CAST(40.756344 AS FLOAT) AND (column12 >= 0.0 AND column12 <= 400.0 AND column04 <= 1000.0);",0,"{12=StatsDuckDB{count=1360252, min=0.0000, max=400.0000, sum=15346322.9101, mean=11.2820, sumOfSquares=NaN}}",{12=1.5346322910053024E7}
/data-nonraid/maroulis/data/taxi_data/yellow_tripdata_2014_cleaned.csv,directCSV,38,1,16.980238115,"select count(CAST(column12 AS FLOAT)) as count_column12, min(CAST(column12 AS FLOAT)) as min_column12, max(CAST(column12 AS FLOAT)) as max_column12, sum(CAST(column12 AS FLOAT)) as sum_column12, avg(CAST(column12 AS FLOAT)) as avg_column12 from read_csv_auto('/data-nonraid/maroulis/data/taxi_data/yellow_tripdata_2014_cleaned.csv', ignore_errors = true) where CAST(column05 AS FLOAT) > CAST(-73.98419 AS FLOAT) AND CAST(column05 AS FLOAT) < CAST(-73.97794 AS FLOAT) AND CAST(column06 AS FLOAT) > CAST(40.753216 AS FLOAT) AND CAST(column06 AS FLOAT) < CAST(40.756344 AS FLOAT) AND (column12 >= 0.0 AND column12 <= 400.0 AND column04 <= 1000.0);",0,"{12=StatsDuckDB{count=1346641, min=0.0000, max=400.0000, sum=15251960.0901, mean=11.3259, sumOfSquares=NaN}}",{12=1.5251960090072403E7}
/data-nonraid/maroulis/data/taxi_data/yellow_tripdata_2014_cleaned.csv,directCSV,39,1,16.869906465,"select count(CAST(column12 AS FLOAT)) as count_column12, min(CAST(column12 AS FLOAT)) as min_column12, max(CAST(column12 AS FLOAT)) as max_column12, sum(CAST(column12 AS FLOAT)) as sum_column12, avg(CAST(column12 AS FLOAT)) as avg_column12 from read_csv_auto('/data-nonraid/maroulis/data/taxi_data/yellow_tripdata_2014_cleaned.csv', ignore_errors = true) where CAST(column05 AS FLOAT) > CAST(-73.98419 AS FLOAT) AND CAST(column05 AS FLOAT) < CAST(-73.97794 AS FLOAT) AND CAST(column06 AS FLOAT) > CAST(40.752747 AS FLOAT) AND CAST(column06 AS FLOAT) < CAST(40.755875 AS FLOAT) AND (column12 >= 0.0 AND column12 <= 400.0 AND column04 <= 1000.0);",0,"{12=StatsDuckDB{count=1346067, min=0.0100, max=400.0000, sum=15109707.5201, mean=11.2251, sumOfSquares=NaN}}",{12=1.5109707520069847E7}
/data-nonraid/maroulis/data/taxi_data/yellow_tripdata_2014_cleaned.csv,directCSV,40,1,16.791922613,"select count(CAST(column12 AS FLOAT)) as count_column12, min(CAST(column12 AS FLOAT)) as min_column12, max(CAST(column12 AS FLOAT)) as max_column12, sum(CAST(column12 AS FLOAT)) as sum_column12, avg(CAST(column12 AS FLOAT)) as avg_column12 from read_csv_auto('/data-nonraid/maroulis/data/taxi_data/yellow_tripdata_2014_cleaned.csv', ignore_errors = true) where CAST(column05 AS FLOAT) > CAST(-73.98419 AS FLOAT) AND CAST(column05 AS FLOAT) < CAST(-73.97794 AS FLOAT) AND CAST(column06 AS FLOAT) > CAST(40.752308 AS FLOAT) AND CAST(column06 AS FLOAT) < CAST(40.755436 AS FLOAT) AND (column12 >= 0.0 AND column12 <= 400.0 AND column04 <= 1000.0);",0,"{12=StatsDuckDB{count=1483768, min=0.0000, max=395.2000, sum=16573081.5100, mean=11.1696, sumOfSquares=NaN}}",{12=1.657308151004507E7}
/data-nonraid/maroulis/data/taxi_data/yellow_tripdata_2014_cleaned.csv,directCSV,41,1,16.875809325,"select count(CAST(column12 AS FLOAT)) as count_column12, min(CAST(column12 AS FLOAT)) as min_column12, max(CAST(column12 AS FLOAT)) as max_column12, sum(CAST(column12 AS FLOAT)) as sum_column12, avg(CAST(column12 AS FLOAT)) as avg_column12 from read_csv_auto('/data-nonraid/maroulis/data/taxi_data/yellow_tripdata_2014_cleaned.csv', ignore_errors = true) where CAST(column05 AS FLOAT) > CAST(-73.98419 AS FLOAT) AND CAST(column05 AS FLOAT) < CAST(-73.97794 AS FLOAT) AND CAST(column06 AS FLOAT) > CAST(40.752716 AS FLOAT) AND CAST(column06 AS FLOAT) < CAST(40.755844 AS FLOAT) AND (column12 >= 0.0 AND column12 <= 400.0 AND column04 <= 1000.0);",0,"{12=StatsDuckDB{count=1348229, min=0.0100, max=400.0000, sum=15128362.6401, mean=11.2209, sumOfSquares=NaN}}",{12=1.5128362640068302E7}
/data-nonraid/maroulis/data/taxi_data/yellow_tripdata_2014_cleaned.csv,directCSV,42,1,16.954008025,"select count(CAST(column12 AS FLOAT)) as count_column12, min(CAST(column12 AS FLOAT)) as min_column12, max(CAST(column12 AS FLOAT)) as max_column12, sum(CAST(column12 AS FLOAT)) as sum_column12, avg(CAST(column12 AS FLOAT)) as avg_column12 from read_csv_auto('/data-nonraid/maroulis/data/taxi_data/yellow_tripdata_2014_cleaned.csv', ignore_errors = true) where CAST(column05 AS FLOAT) > CAST(-73.98494 AS FLOAT) AND CAST(column05 AS FLOAT) < CAST(-73.97869 AS FLOAT) AND CAST(column06 AS FLOAT) > CAST(40.752716 AS FLOAT) AND CAST(column06 AS FLOAT) < CAST(40.755844 AS FLOAT) AND (column12 >= 0.0 AND column12 <= 400.0 AND column04 <= 1000.0);",0,"{12=StatsDuckDB{count=1308763, min=0.0100, max=400.0000, sum=14761436.6501, mean=11.2789, sumOfSquares=NaN}}",{12=1.4761436650067577E7}
/data-nonraid/maroulis/data/taxi_data/yellow_tripdata_2014_cleaned.csv,directCSV,43,1,16.939882384,"select count(CAST(column12 AS FLOAT)) as count_column12, min(CAST(column12 AS FLOAT)) as min_column12, max(CAST(column12 AS FLOAT)) as max_column12, sum(CAST(column12 AS FLOAT)) as sum_column12, avg(CAST(column12 AS FLOAT)) as avg_column12 from read_csv_auto('/data-nonraid/maroulis/data/taxi_data/yellow_tripdata_2014_cleaned.csv', ignore_errors = true) where CAST(column05 AS FLOAT) > CAST(-73.98569 AS FLOAT) AND CAST(column05 AS FLOAT) < CAST(-73.97944 AS FLOAT) AND CAST(column06 AS FLOAT) > CAST(40.752716 AS FLOAT) AND CAST(column06 AS FLOAT) < CAST(40.755844 AS FLOAT) AND (column12 >= 0.0 AND column12 <= 400.0 AND column04 <= 1000.0);",0,"{12=StatsDuckDB{count=1264745, min=0.0100, max=400.0000, sum=14402579.5501, mean=11.3877, sumOfSquares=NaN}}",{12=1.4402579550080786E7}
/data-nonraid/maroulis/data/taxi_data/yellow_tripdata_2014_cleaned.csv,directCSV,44,1,17.033457448,"select count(CAST(column12 AS FLOAT)) as count_column12, min(CAST(column12 AS FLOAT)) as min_column12, max(CAST(column12 AS FLOAT)) as max_column12, sum(CAST(column12 AS FLOAT)) as sum_column12, avg(CAST(column12 AS FLOAT)) as avg_column12 from read_csv_auto('/data-nonraid/maroulis/data/taxi_data/yellow_tripdata_2014_cleaned.csv', ignore_errors = true) where CAST(column05 AS FLOAT) > CAST(-73.984566 AS FLOAT) AND CAST(column05 AS FLOAT) < CAST(-73.97832 AS FLOAT) AND CAST(column06 AS FLOAT) > CAST(40.752716 AS FLOAT) AND CAST(column06 AS FLOAT) < CAST(40.755844 AS FLOAT) AND (column12 >= 0.0 AND column12 <= 400.0 AND column04 <= 1000.0);",0,"{12=StatsDuckDB{count=1321278, min=0.0100, max=400.0000, sum=14859479.3901, mean=11.2463, sumOfSquares=NaN}}",{12=1.4859479390069256E7}
/data-nonraid/maroulis/data/taxi_data/yellow_tripdata_2014_cleaned.csv,directCSV,45,1,16.963891384,"select count(CAST(column12 AS FLOAT)) as count_column12, min(CAST(column12 AS FLOAT)) as min_column12, max(CAST(column12 AS FLOAT)) as max_column12, sum(CAST(column12 AS FLOAT)) as sum_column12, avg(CAST(column12 AS FLOAT)) as avg_column12 from read_csv_auto('/data-nonraid/maroulis/data/taxi_data/yellow_tripdata_2014_cleaned.csv', ignore_errors = true) where CAST(column05 AS FLOAT) > CAST(-73.984566 AS FLOAT) AND CAST(column05 AS FLOAT) < CAST(-73.97832 AS FLOAT) AND CAST(column06 AS FLOAT) > CAST(40.752403 AS FLOAT) AND CAST(column06 AS FLOAT) < CAST(40.75553 AS FLOAT) AND (column12 >= 0.0 AND column12 <= 400.0 AND column04 <= 1000.0);",0,"{12=StatsDuckDB{count=1314494, min=0.0100, max=395.2000, sum=14735495.4500, mean=11.2100, sumOfSquares=NaN}}",{12=1.4735495450047512E7}
/data-nonraid/maroulis/data/taxi_data/yellow_tripdata_2014_cleaned.csv,directCSV,46,1,17.002852649,"select count(CAST(column12 AS FLOAT)) as count_column12, min(CAST(column12 AS FLOAT)) as min_column12, max(CAST(column12 AS FLOAT)) as max_column12, sum(CAST(column12 AS FLOAT)) as sum_column12, avg(CAST(column12 AS FLOAT)) as avg_column12 from read_csv_auto('/data-nonraid/maroulis/data/taxi_data/yellow_tripdata_2014_cleaned.csv', ignore_errors = true) where CAST(column05 AS FLOAT) > CAST(-73.98525 AS FLOAT) AND CAST(column05 AS FLOAT) < CAST(-73.979004 AS FLOAT) AND CAST(column06 AS FLOAT) > CAST(40.752403 AS FLOAT) AND CAST(column06 AS FLOAT) < CAST(40.75553 AS FLOAT) AND (column12 >= 0.0 AND column12 <= 400.0 AND column04 <= 1000.0);",0,"{12=StatsDuckDB{count=1264208, min=0.0100, max=395.2000, sum=14238836.9200, mean=11.2630, sumOfSquares=NaN}}",{12=1.4238836920038242E7}
/data-nonraid/maroulis/data/taxi_data/yellow_tripdata_2014_cleaned.csv,directCSV,47,1,16.940682254,"select count(CAST(column12 AS FLOAT)) as count_column12, min(CAST(column12 AS FLOAT)) as min_column12, max(CAST(column12 AS FLOAT)) as max_column12, sum(CAST(column12 AS FLOAT)) as sum_column12, avg(CAST(column12 AS FLOAT)) as avg_column12 from read_csv_auto('/data-nonraid/maroulis/data/taxi_data/yellow_tripdata_2014_cleaned.csv', ignore_errors = true) where CAST(column05 AS FLOAT) > CAST(-73.986 AS FLOAT) AND CAST(column05 AS FLOAT) < CAST(-73.97975 AS FLOAT) AND CAST(column06 AS FLOAT) > CAST(40.752403 AS FLOAT) AND CAST(column06 AS FLOAT) < CAST(40.75553 AS FLOAT) AND (column12 >= 0.0 AND column12 <= 400.0 AND column04 <= 1000.0);",0,"{12=StatsDuckDB{count=1200790, min=0.0100, max=395.2000, sum=13651067.0801, mean=11.3684, sumOfSquares=NaN}}",{12=1.3651067080058107E7}
/data-nonraid/maroulis/data/taxi_data/yellow_tripdata_2014_cleaned.csv,directCSV,48,1,16.899126226,"select count(CAST(column12 AS FLOAT)) as count_column12, min(CAST(column12 AS FLOAT)) as min_column12, max(CAST(column12 AS FLOAT)) as max_column12, sum(CAST(column12 AS FLOAT)) as sum_column12, avg(CAST(column12 AS FLOAT)) as avg_column12 from read_csv_auto('/data-nonraid/maroulis/data/taxi_data/yellow_tripdata_2014_cleaned.csv', ignore_errors = true) where CAST(column05 AS FLOAT) > CAST(-73.98694 AS FLOAT) AND CAST(column05 AS FLOAT) < CAST(-73.98069 AS FLOAT) AND CAST(column06 AS FLOAT) > CAST(40.752403 AS FLOAT) AND CAST(column06 AS FLOAT) < CAST(40.75553 AS FLOAT) AND (column12 >= 0.0 AND column12 <= 400.0 AND column04 <= 1000.0);",0,"{12=StatsDuckDB{count=1064698, min=0.0000, max=395.2000, sum=12219526.9201, mean=11.4770, sumOfSquares=NaN}}",{12=1.221952692005063E7}
/data-nonraid/maroulis/data/taxi_data/yellow_tripdata_2014_cleaned.csv,directCSV,49,1,16.962995475,"select count(CAST(column12 AS FLOAT)) as count_column12, min(CAST(column12 AS FLOAT)) as min_column12, max(CAST(column12 AS FLOAT)) as max_column12, sum(CAST(column12 AS FLOAT)) as sum_column12, avg(CAST(column12 AS FLOAT)) as avg_column12 from read_csv_auto('/data-nonraid/maroulis/data/taxi_data/yellow_tripdata_2014_cleaned.csv', ignore_errors = true) where CAST(column05 AS FLOAT) > CAST(-73.987625 AS FLOAT) AND CAST(column05 AS FLOAT) < CAST(-73.98138 AS FLOAT) AND CAST(column06 AS FLOAT) > CAST(40.752403 AS FLOAT) AND CAST(column06 AS FLOAT) < CAST(40.75553 AS FLOAT) AND (column12 >= 0.0 AND column12 <= 400.0 AND column04 <= 1000.0);",0,"{12=StatsDuckDB{count=1034997, min=0.0000, max=300.0000, sum=11864086.9500, mean=11.4629, sumOfSquares=NaN}}",{12=1.1864086950044641E7}
/data-nonraid/maroulis/data/taxi_data/yellow_tripdata_2014_cleaned.csv,directCSV,50,1,17.075360609,"select count(CAST(column12 AS FLOAT)) as count_column12, min(CAST(column12 AS FLOAT)) as min_column12, max(CAST(column12 AS FLOAT)) as max_column12, sum(CAST(column12 AS FLOAT)) as sum_column12, avg(CAST(column12 AS FLOAT)) as avg_column12 from read_csv_auto('/data-nonraid/maroulis/data/taxi_data/yellow_tripdata_2014_cleaned.csv', ignore_errors = true) where CAST(column05 AS FLOAT) > CAST(-73.988625 AS FLOAT) AND CAST(column05 AS FLOAT) < CAST(-73.982376 AS FLOAT) AND CAST(column06 AS FLOAT) > CAST(40.751904 AS FLOAT) AND CAST(column06 AS FLOAT) < CAST(40.75503 AS FLOAT) AND (column12 >= 0.0 AND column12 <= 400.0 AND column04 <= 1000.0);",0,"{12=StatsDuckDB{count=1030431, min=0.0000, max=300.0000, sum=11649377.5900, mean=11.3053, sumOfSquares=NaN}}",{12=1.1649377590026388E7}
/data-nonraid/maroulis/data/taxi_data/yellow_tripdata_2014_cleaned.csv,directCSV,51,1,17.046042016,"select count(CAST(column12 AS FLOAT)) as count_column12, min(CAST(column12 AS FLOAT)) as min_column12, max(CAST(column12 AS FLOAT)) as max_column12, sum(CAST(column12 AS FLOAT)) as sum_column12, avg(CAST(column12 AS FLOAT)) as avg_column12 from read_csv_auto('/data-nonraid/maroulis/data/taxi_data/yellow_tripdata_2014_cleaned.csv', ignore_errors = true) where CAST(column05 AS FLOAT) > CAST(-73.98937 AS FLOAT) AND CAST(column05 AS FLOAT) < CAST(-73.98312 AS FLOAT) AND CAST(column06 AS FLOAT) > CAST(40.751904 AS FLOAT) AND CAST(column06 AS FLOAT) < CAST(40.75503 AS FLOAT) AND (column12 >= 0.0 AND column12 <= 400.0 AND column04 <= 1000.0);",0,"{12=StatsDuckDB{count=1119003, min=0.0000, max=395.0000, sum=12519344.5200, mean=11.1879, sumOfSquares=NaN}}",{12=1.2519344520024786E7}
/data-nonraid/maroulis/data/taxi_data/yellow_tripdata_2014_cleaned.csv,directCSV,52,1,16.951398524,"select count(CAST(column12 AS FLOAT)) as count_column12, min(CAST(column12 AS FLOAT)) as min_column12, max(CAST(column12 AS FLOAT)) as max_column12, sum(CAST(column12 AS FLOAT)) as sum_column12, avg(CAST(column12 AS FLOAT)) as avg_column12 from read_csv_auto('/data-nonraid/maroulis/data/taxi_data/yellow_tripdata_2014_cleaned.csv', ignore_errors = true) where CAST(column05 AS FLOAT) > CAST(-73.99049 AS FLOAT) AND CAST(column05 AS FLOAT) < CAST(-73.984245 AS FLOAT) AND CAST(column06 AS FLOAT) > CAST(40.751904 AS FLOAT) AND CAST(column06 AS FLOAT) < CAST(40.75503 AS FLOAT) AND (column12 >= 0.0 AND column12 <= 400.0 AND column04 <= 1000.0);",0,"{12=StatsDuckDB{count=1113154, min=0.0000, max=395.0000, sum=12322385.4200, mean=11.0698, sumOfSquares=NaN}}",{12=1.2322385420036077E7}
/data-nonraid/maroulis/data/taxi_data/yellow_tripdata_2014_cleaned.csv,directCSV,53,1,16.993173028,"select count(CAST(column12 AS FLOAT)) as count_column12, min(CAST(column12 AS FLOAT)) as min_column12, max(CAST(column12 AS FLOAT)) as max_column12, sum(CAST(column12 AS FLOAT)) as sum_column12, avg(CAST(column12 AS FLOAT)) as avg_column12 from read_csv_auto('/data-nonraid/maroulis/data/taxi_data/yellow_tripdata_2014_cleaned.csv', ignore_errors = true) where CAST(column05 AS FLOAT) > CAST(-73.99143 AS FLOAT) AND CAST(column05 AS FLOAT) < CAST(-73.98518 AS FLOAT) AND CAST(column06 AS FLOAT) > CAST(40.751904 AS FLOAT) AND CAST(column06 AS FLOAT) < CAST(40.75503 AS FLOAT) AND (column12 >= 0.0 AND column12 <= 400.0 AND column04 <= 1000.0);",0,"{12=StatsDuckDB{count=963790, min=0.0000, max=395.0000, sum=10654786.3000, mean=11.0551, sumOfSquares=NaN}}",{12=1.0654786300045729E7}
/data-nonraid/maroulis/data/taxi_data/yellow_tripdata_2014_cleaned.csv,directCSV,54,1,16.941336149,"select count(CAST(column12 AS FLOAT)) as count_column12, min(CAST(column12 AS FLOAT)) as min_column12, max(CAST(column12 AS FLOAT)) as max_column12, sum(CAST(column12 AS FLOAT)) as sum_column12, avg(CAST(column12 AS FLOAT)) as avg_column12 from read_csv_auto('/data-nonraid/maroulis/data/taxi_data/yellow_tripdata_2014_cleaned.csv', ignore_errors = true) where CAST(column05 AS FLOAT) > CAST(-73.99081 AS FLOAT) AND CAST(column05 AS FLOAT) < CAST(-73.98456 AS FLOAT) AND CAST(column06 AS FLOAT) > CAST(40.751904 AS FLOAT) AND CAST(column06 AS FLOAT) < CAST(40.75503 AS FLOAT) AND (column12 >= 0.0 AND column12 <= 400.0 AND column04 <= 1000.0);",0,"{12=StatsDuckDB{count=1058253, min=0.0000, max=395.0000, sum=11712722.3200, mean=11.0680, sumOfSquares=NaN}}",{12=1.171272232003951E7}
/data-nonraid/maroulis/data/taxi_data/yellow_tripdata_2014_cleaned.csv,directCSV,55,1,17.110914665,"select count(CAST(column12 AS FLOAT)) as count_column12, min(CAST(column12 AS FLOAT)) as min_column12, max(CAST(column12 AS FLOAT)) as max_column12, sum(CAST(column12 AS FLOAT)) as sum_column12, avg(CAST(column12 AS FLOAT)) as avg_column12 from read_csv_auto('/data-nonraid/maroulis/data/taxi_data/yellow_tripdata_2014_cleaned.csv', ignore_errors = true) where CAST(column05 AS FLOAT) > CAST(-73.991615 AS FLOAT) AND CAST(column05 AS FLOAT) < CAST(-73.98537 AS FLOAT) AND CAST(column06 AS FLOAT) > CAST(40.751904 AS FLOAT) AND CAST(column06 AS FLOAT) < CAST(40.75503 AS FLOAT) AND (column12 >= 0.0 AND column12 <= 400.0 AND column04 <= 1000.0);",0,"{12=StatsDuckDB{count=960755, min=0.0000, max=395.0000, sum=10604962.0600, mean=11.0382, sumOfSquares=NaN}}",{12=1.0604962060041666E7}
/data-nonraid/maroulis/data/taxi_data/yellow_tripdata_2014_cleaned.csv,directCSV,56,1,16.940104073,"select count(CAST(column12 AS FLOAT)) as count_column12, min(CAST(column12 AS FLOAT)) as min_column12, max(CAST(column12 AS FLOAT)) as max_column12, sum(CAST(column12 AS FLOAT)) as sum_column12, avg(CAST(column12 AS FLOAT)) as avg_column12 from read_csv_auto('/data-nonraid/maroulis/data/taxi_data/yellow_tripdata_2014_cleaned.csv', ignore_errors = true) where CAST(column05 AS FLOAT) > CAST(-73.990616 AS FLOAT) AND CAST(column05 AS FLOAT) < CAST(-73.98437 AS FLOAT) AND CAST(column06 AS FLOAT) > CAST(40.751404 AS FLOAT) AND CAST(column06 AS FLOAT) < CAST(40.75453 AS FLOAT) AND (column12 >= 0.0 AND column12 <= 400.0 AND column04 <= 1000.0);",0,"{12=StatsDuckDB{count=1129640, min=0.0000, max=395.0000, sum=12609668.5200, mean=11.1626, sumOfSquares=NaN}}",{12=1.2609668520043135E7}
/data-nonraid/maroulis/data/taxi_data/yellow_tripdata_2014_cleaned.csv,directCSV,57,1,16.917162103,"select count(CAST(column12 AS FLOAT)) as count_column12, min(CAST(column12 AS FLOAT)) as min_column12, max(CAST(column12 AS FLOAT)) as max_column12, sum(CAST(column12 AS FLOAT)) as sum_column12, avg(CAST(column12 AS FLOAT)) as avg_column12 from read_csv_auto('/data-nonraid/maroulis/data/taxi_data/yellow_tripdata_2014_cleaned.csv', ignore_errors = true) where CAST(column05 AS FLOAT) > CAST(-73.991806 AS FLOAT) AND CAST(column05 AS FLOAT) < CAST(-73.98556 AS FLOAT) AND CAST(column06 AS FLOAT) > CAST(40.751404 AS FLOAT) AND CAST(column06 AS FLOAT) < CAST(40.75453 AS FLOAT) AND (column12 >= 0.0 AND column12 <= 400.0 AND column04 <= 1000.0);",0,"{12=StatsDuckDB{count=959911, min=0.0000, max=395.0000, sum=10598616.4100, mean=11.0412, sumOfSquares=NaN}}",{12=1.0598616410035133E7}
/data-nonraid/maroulis/data/taxi_data/yellow_tripdata_2014_cleaned.csv,directCSV,58,1,16.987041843,"select count(CAST(column12 AS FLOAT)) as count_column12, min(CAST(column12 AS FLOAT)) as min_column12, max(CAST(column12 AS FLOAT)) as max_column12, sum(CAST(column12 AS FLOAT)) as sum_column12, avg(CAST(column12 AS FLOAT)) as avg_column12 from read_csv_auto('/data-nonraid/maroulis/data/taxi_data/yellow_tripdata_2014_cleaned.csv', ignore_errors = true) where CAST(column05 AS FLOAT) > CAST(-73.991806 AS FLOAT) AND CAST(column05 AS FLOAT) < CAST(-73.98556 AS FLOAT) AND CAST(column06 AS FLOAT) > CAST(40.750935 AS FLOAT) AND CAST(column06 AS FLOAT) < CAST(40.754063 AS FLOAT) AND (column12 >= 0.0 AND column12 <= 400.0 AND column04 <= 1000.0);",0,"{12=StatsDuckDB{count=1136337, min=0.0000, max=395.0000, sum=12418918.9800, mean=10.9289, sumOfSquares=NaN}}",{12=1.241891898004055E7}
/data-nonraid/maroulis/data/taxi_data/yellow_tripdata_2014_cleaned.csv,directCSV,59,1,16.975195963,"select count(CAST(column12 AS FLOAT)) as count_column12, min(CAST(column12 AS FLOAT)) as min_column12, max(CAST(column12 AS FLOAT)) as max_column12, sum(CAST(column12 AS FLOAT)) as sum_column12, avg(CAST(column12 AS FLOAT)) as avg_column12 from read_csv_auto('/data-nonraid/maroulis/data/taxi_data/yellow_tripdata_2014_cleaned.csv', ignore_errors = true) where CAST(column05 AS FLOAT) > CAST(-73.992615 AS FLOAT) AND CAST(column05 AS FLOAT) < CAST(-73.98637 AS FLOAT) AND CAST(column06 AS FLOAT) > CAST(40.750935 AS FLOAT) AND CAST(column06 AS FLOAT) < CAST(40.754063 AS FLOAT) AND (column12 >= 0.0 AND column12 <= 400.0 AND column04 <= 1000.0);",0,"{12=StatsDuckDB{count=1045855, min=0.0000, max=395.0000, sum=11403763.9900, mean=10.9038, sumOfSquares=NaN}}",{12=1.1403763990024328E7}
/data-nonraid/maroulis/data/taxi_data/yellow_tripdata_2014_cleaned.csv,directCSV,60,1,17.012394883,"select count(CAST(column12 AS FLOAT)) as count_column12, min(CAST(column12 AS FLOAT)) as min_column12, max(CAST(column12 AS FLOAT)) as max_column12, sum(CAST(column12 AS FLOAT)) as sum_column12, avg(CAST(column12 AS FLOAT)) as avg_column12 from read_csv_auto('/data-nonraid/maroulis/data/taxi_data/yellow_tripdata_2014_cleaned.csv', ignore_errors = true) where CAST(column05 AS FLOAT) > CAST(-73.993805 AS FLOAT) AND CAST(column05 AS FLOAT) < CAST(-73.98756 AS FLOAT) AND CAST(column06 AS FLOAT) > CAST(40.750935 AS FLOAT) AND CAST(column06 AS FLOAT) < CAST(40.754063 AS FLOAT) AND (column12 >= 0.0 AND column12 <= 400.0 AND column04 <= 1000.0);",0,"{12=StatsDuckDB{count=1269757, min=0.0000, max=395.0000, sum=14182072.2800, mean=11.1691, sumOfSquares=NaN}}",{12=1.4182072280035276E7}
/data-nonraid/maroulis/data/taxi_data/yellow_tripdata_2014_cleaned.csv,directCSV,61,1,17.078682954,"select count(CAST(column12 AS FLOAT)) as count_column12, min(CAST(column12 AS FLOAT)) as min_column12, max(CAST(column12 AS FLOAT)) as max_column12, sum(CAST(column12 AS FLOAT)) as sum_column12, avg(CAST(column12 AS FLOAT)) as avg_column12 from read_csv_auto('/data-nonraid/maroulis/data/taxi_data/yellow_tripdata_2014_cleaned.csv', ignore_errors = true) where CAST(column05 AS FLOAT) > CAST(-73.993805 AS FLOAT) AND CAST(column05 AS FLOAT) < CAST(-73.98756 AS FLOAT) AND CAST(column06 AS FLOAT) > CAST(40.75031 AS FLOAT) AND CAST(column06 AS FLOAT) < CAST(40.753437 AS FLOAT) AND (column12 >= 0.0 AND column12 <= 400.0 AND column04 <= 1000.0);",0,"{12=StatsDuckDB{count=1554823, min=0.0000, max=322.8400, sum=17278212.2100, mean=11.1127, sumOfSquares=NaN}}",{12=1.7278212210026998E7}
/data-nonraid/maroulis/data/taxi_data/yellow_tripdata_2014_cleaned.csv,directCSV,62,1,17.040540698,"select count(CAST(column12 AS FLOAT)) as count_column12, min(CAST(column12 AS FLOAT)) as min_column12, max(CAST(column12 AS FLOAT)) as max_column12, sum(CAST(column12 AS FLOAT)) as sum_column12, avg(CAST(column12 AS FLOAT)) as avg_column12 from read_csv_auto('/data-nonraid/maroulis/data/taxi_data/yellow_tripdata_2014_cleaned.csv', ignore_errors = true) where CAST(column05 AS FLOAT) > CAST(-73.99312 AS FLOAT) AND CAST(column05 AS FLOAT) < CAST(-73.98687 AS FLOAT) AND CAST(column06 AS FLOAT) > CAST(40.75031 AS FLOAT) AND CAST(column06 AS FLOAT) < CAST(40.753437 AS FLOAT) AND (column12 >= 0.0 AND column12 <= 400.0 AND column04 <= 1000.0);",0,"{12=StatsDuckDB{count=1499603, min=0.0000, max=322.8400, sum=16494307.1000, mean=10.9991, sumOfSquares=NaN}}",{12=1.6494307100021848E7}
/data-nonraid/maroulis/data/taxi_data/yellow_tripdata_2014_cleaned.csv,directCSV,63,1,17.079993117,"select count(CAST(column12 AS FLOAT)) as count_column12, min(CAST(column12 AS FLOAT)) as min_column12, max(CAST(column12 AS FLOAT)) as max_column12, sum(CAST(column12 AS FLOAT)) as sum_column12, avg(CAST(column12 AS FLOAT)) as avg_column12 from read_csv_auto('/data-nonraid/maroulis/data/taxi_data/yellow_tripdata_2014_cleaned.csv', ignore_errors = true) where CAST(column05 AS FLOAT) > CAST(-73.993744 AS FLOAT) AND CAST(column05 AS FLOAT) < CAST(-73.987495 AS FLOAT) AND CAST(column06 AS FLOAT) > CAST(40.749996 AS FLOAT) AND CAST(column06 AS FLOAT) < CAST(40.753124 AS FLOAT) AND (column12 >= 0.0 AND column12 <= 400.0 AND column04 <= 1000.0);",0,"{12=StatsDuckDB{count=2054441, min=0.0000, max=380.0100, sum=22951691.1700, mean=11.1717, sumOfSquares=NaN}}",{12=2.2951691170037527E7}
/data-nonraid/maroulis/data/taxi_data/yellow_tripdata_2014_cleaned.csv,directCSV,64,1,16.915314687,"select count(CAST(column12 AS FLOAT)) as count_column12, min(CAST(column12 AS FLOAT)) as min_column12, max(CAST(column12 AS FLOAT)) as max_column12, sum(CAST(column12 AS FLOAT)) as sum_column12, avg(CAST(column12 AS FLOAT)) as avg_column12 from read_csv_auto('/data-nonraid/maroulis/data/taxi_data/yellow_tripdata_2014_cleaned.csv', ignore_errors = true) where CAST(column05 AS FLOAT) > CAST(-73.992935 AS FLOAT) AND CAST(column05 AS FLOAT) < CAST(-73.98669 AS FLOAT) AND CAST(column06 AS FLOAT) > CAST(40.749996 AS FLOAT) AND CAST(column06 AS FLOAT) < CAST(40.753124 AS FLOAT) AND (column12 >= 0.0 AND column12 <= 400.0 AND column04 <= 1000.0);",0,"{12=StatsDuckDB{count=2007624, min=0.0000, max=380.0100, sum=22232186.1400, mean=11.0739, sumOfSquares=NaN}}",{12=2.223218614002896E7}
/data-nonraid/maroulis/data/taxi_data/yellow_tripdata_2014_cleaned.csv,directCSV,65,1,17.077636597,"select count(CAST(column12 AS FLOAT)) as count_column12, min(CAST(column12 AS FLOAT)) as min_column12, max(CAST(column12 AS FLOAT)) as max_column12, sum(CAST(column12 AS FLOAT)) as sum_column12, avg(CAST(column12 AS FLOAT)) as avg_column12 from read_csv_auto('/data-nonraid/maroulis/data/taxi_data/yellow_tripdata_2014_cleaned.csv', ignore_errors = true) where CAST(column05 AS FLOAT) > CAST(-73.993935 AS FLOAT) AND CAST(column05 AS FLOAT) < CAST(-73.987686 AS FLOAT) AND CAST(column06 AS FLOAT) > CAST(40.749996 AS FLOAT) AND CAST(column06 AS FLOAT) < CAST(40.753124 AS FLOAT) AND (column12 >= 0.0 AND column12 <= 400.0 AND column04 <= 1000.0);",0,"{12=StatsDuckDB{count=2099409, min=0.0000, max=380.0100, sum=23560243.7100, mean=11.2223, sumOfSquares=NaN}}",{12=2.3560243710039396E7}
/data-nonraid/maroulis/data/taxi_data/yellow_tripdata_2014_cleaned.csv,directCSV,66,1,16.868695204,"select count(CAST(column12 AS FLOAT)) as count_column12, min(CAST(column12 AS FLOAT)) as min_column12, max(CAST(column12 AS FLOAT)) as max_column12, sum(CAST(column12 AS FLOAT)) as sum_column12, avg(CAST(column12 AS FLOAT)) as avg_column12 from read_csv_auto('/data-nonraid/maroulis/data/taxi_data/yellow_tripdata_2014_cleaned.csv', ignore_errors = true) where CAST(column05 AS FLOAT) > CAST(-73.992744 AS FLOAT) AND CAST(column05 AS FLOAT) < CAST(-73.986496 AS FLOAT) AND CAST(column06 AS FLOAT) > CAST(40.75059 AS FLOAT) AND CAST(column06 AS FLOAT) < CAST(40.75372 AS FLOAT) AND (column12 >= 0.0 AND column12 <= 400.0 AND column04 <= 1000.0);",0,"{12=StatsDuckDB{count=1253257, min=0.0000, max=395.0000, sum=13648165.8700, mean=10.8902, sumOfSquares=NaN}}",{12=1.364816587001729E7}
/data-nonraid/maroulis/data/taxi_data/yellow_tripdata_2014_cleaned.csv,directCSV,67,1,17.010759588,"select count(CAST(column12 AS FLOAT)) as count_column12, min(CAST(column12 AS FLOAT)) as min_column12, max(CAST(column12 AS FLOAT)) as max_column12, sum(CAST(column12 AS FLOAT)) as sum_column12, avg(CAST(column12 AS FLOAT)) as avg_column12 from read_csv_auto('/data-nonraid/maroulis/data/taxi_data/yellow_tripdata_2014_cleaned.csv', ignore_errors = true) where CAST(column05 AS FLOAT) > CAST(-73.992744 AS FLOAT) AND CAST(column05 AS FLOAT) < CAST(-73.986496 AS FLOAT) AND CAST(column06 AS FLOAT) > CAST(40.750248 AS FLOAT) AND CAST(column06 AS FLOAT) < CAST(40.753376 AS FLOAT) AND (column12 >= 0.0 AND column12 <= 400.0 AND column04 <= 1000.0);",0,"{12=StatsDuckDB{count=1551908, min=0.0000, max=322.8400, sum=17062801.7100, mean=10.9947, sumOfSquares=NaN}}",{12=1.7062801710017443E7}
/data-nonraid/maroulis/data/taxi_data/yellow_tripdata_2014_cleaned.csv,directCSV,68,1,17.021454833,"select count(CAST(column12 AS FLOAT)) as count_column12, min(CAST(column12 AS FLOAT)) as min_column12, max(CAST(column12 AS FLOAT)) as max_column12, sum(CAST(column12 AS FLOAT)) as sum_column12, avg(CAST(column12 AS FLOAT)) as avg_column12 from read_csv_auto('/data-nonraid/maroulis/data/taxi_data/yellow_tripdata_2014_cleaned.csv', ignore_errors = true) where CAST(column05 AS FLOAT) > CAST(-73.991684 AS FLOAT) AND CAST(column05 AS FLOAT) < CAST(-73.985435 AS FLOAT) AND CAST(column06 AS FLOAT) > CAST(40.75078 AS FLOAT) AND CAST(column06 AS FLOAT) < CAST(40.753906 AS FLOAT) AND (column12 >= 0.0 AND column12 <= 400.0 AND column04 <= 1000.0);",0,"{12=StatsDuckDB{count=1262541, min=0.0000, max=395.0000, sum=13791871.6300, mean=10.9239, sumOfSquares=NaN}}",{12=1.3791871630046844E7}
/data-nonraid/maroulis/data/taxi_data/yellow_tripdata_2014_cleaned.csv,directCSV,69,1,17.29703122,"select count(CAST(column12 AS FLOAT)) as count_column12, min(CAST(column12 AS FLOAT)) as min_column12, max(CAST(column12 AS FLOAT)) as max_column12, sum(CAST(column12 AS FLOAT)) as sum_column12, avg(CAST(column12 AS FLOAT)) as avg_column12 from read_csv_auto('/data-nonraid/maroulis/data/taxi_data/yellow_tripdata_2014_cleaned.csv', ignore_errors = true) where CAST(column05 AS FLOAT) > CAST(-73.994804 AS FLOAT) AND CAST(column05 AS FLOAT) < CAST(-73.98231 AS FLOAT) AND CAST(column06 AS FLOAT) > CAST(40.749214 AS FLOAT) AND CAST(column06 AS FLOAT) < CAST(40.75547 AS FLOAT) AND (column12 >= 0.0 AND column12 <= 400.0 AND column04 <= 1000.0);",0,"{12=StatsDuckDB{count=7270425, min=0.0000, max=400.0000, sum=83587383.7202, mean=11.4969, sumOfSquares=NaN}}",{12=8.358738372021966E7}
/data-nonraid/maroulis/data/taxi_data/yellow_tripdata_2014_cleaned.csv,directCSV,70,1,17.307124186,"select count(CAST(column12 AS FLOAT)) as count_column12, min(CAST(column12 AS FLOAT)) as min_column12, max(CAST(column12 AS FLOAT)) as max_column12, sum(CAST(column12 AS FLOAT)) as sum_column12, avg(CAST(column12 AS FLOAT)) as avg_column12 from read_csv_auto('/data-nonraid/maroulis/data/taxi_data/yellow_tripdata_2014_cleaned.csv', ignore_errors = true) where CAST(column05 AS FLOAT) > CAST(-74.00105 AS FLOAT) AND CAST(column05 AS FLOAT) < CAST(-73.97606 AS FLOAT) AND CAST(column06 AS FLOAT) > CAST(40.746086 AS FLOAT) AND CAST(column06 AS FLOAT) < CAST(40.7586 AS FLOAT) AND (column12 >= 0.0 AND column12 <= 400.0 AND column04 <= 1000.0);",0,"{12=StatsDuckDB{count=22303815, min=0.0000, max=400.0000, sum=253583646.9407, mean=11.3695, sumOfSquares=NaN}}",{12=2.5358364694074664E8}
/data-nonraid/maroulis/data/taxi_data/yellow_tripdata_2014_cleaned.csv,directCSV,71,1,17.709183944,"select count(CAST(column12 AS FLOAT)) as count_column12, min(CAST(column12 AS FLOAT)) as min_column12, max(CAST(column12 AS FLOAT)) as max_column12, sum(CAST(column12 AS FLOAT)) as sum_column12, avg(CAST(column12 AS FLOAT)) as avg_column12 from read_csv_auto('/data-nonraid/maroulis/data/taxi_data/yellow_tripdata_2014_cleaned.csv', ignore_errors = true) where CAST(column05 AS FLOAT) > CAST(-74.01355 AS FLOAT) AND CAST(column05 AS FLOAT) < CAST(-73.96356 AS FLOAT) AND CAST(column06 AS FLOAT) > CAST(40.73983 AS FLOAT) AND CAST(column06 AS FLOAT) < CAST(40.764854 AS FLOAT) AND (column12 >= 0.0 AND column12 <= 400.0 AND column04 <= 1000.0);",0,"{12=StatsDuckDB{count=65170683, min=0.0000, max=400.0000, sum=739684586.4722, mean=11.3500, sumOfSquares=NaN}}",{12=7.396845864722265E8}
/data-nonraid/maroulis/data/taxi_data/yellow_tripdata_2014_cleaned.csv,directCSV,72,1,17.638429038,"select count(CAST(column12 AS FLOAT)) as count_column12, min(CAST(column12 AS FLOAT)) as min_column12, max(CAST(column12 AS FLOAT)) as max_column12, sum(CAST(column12 AS FLOAT)) as sum_column12, avg(CAST(column12 AS FLOAT)) as avg_column12 from read_csv_auto('/data-nonraid/maroulis/data/taxi_data/yellow_tripdata_2014_cleaned.csv', ignore_errors = true) where CAST(column05 AS FLOAT) > CAST(-74.01755 AS FLOAT) AND CAST(column05 AS FLOAT) < CAST(-73.96756 AS FLOAT) AND CAST(column06 AS FLOAT) > CAST(40.741833 AS FLOAT) AND CAST(column06 AS FLOAT) < CAST(40.766857 AS FLOAT) AND (column12 >= 0.0 AND column12 <= 400.0 AND column04 <= 1000.0);",0,"{12=StatsDuckDB{count=60327809, min=0.0000, max=400.0000, sum=689477055.7722, mean=11.4288, sumOfSquares=NaN}}",{12=6.894770557721939E8}
/data-nonraid/maroulis/data/taxi_data/yellow_tripdata_2014_cleaned.csv,directCSV,73,1,17.658266931,"select count(CAST(column12 AS FLOAT)) as count_column12, min(CAST(column12 AS FLOAT)) as min_column12, max(CAST(column12 AS FLOAT)) as max_column12, sum(CAST(column12 AS FLOAT)) as sum_column12, avg(CAST(column12 AS FLOAT)) as avg_column12 from read_csv_auto('/data-nonraid/maroulis/data/taxi_data/yellow_tripdata_2014_cleaned.csv', ignore_errors = true) where CAST(column05 AS FLOAT) > CAST(-74.01305 AS FLOAT) AND CAST(column05 AS FLOAT) < CAST(-73.96306 AS FLOAT) AND CAST(column06 AS FLOAT) > CAST(40.744083 AS FLOAT) AND CAST(column06 AS FLOAT) < CAST(40.769108 AS FLOAT) AND (column12 >= 0.0 AND column12 <= 400.0 AND column04 <= 1000.0);",0,"{12=StatsDuckDB{count=61873909, min=0.0000, max=400.0000, sum=703566488.3222, mean=11.3710, sumOfSquares=NaN}}",{12=7.035664883222306E8}
/data-nonraid/maroulis/data/taxi_data/yellow_tripdata_2014_cleaned.csv,directCSV,74,1,17.646514084,"select count(CAST(column12 AS FLOAT)) as count_column12, min(CAST(column12 AS FLOAT)) as min_column12, max(CAST(column12 AS FLOAT)) as max_column12, sum(CAST(column12 AS FLOAT)) as sum_column12, avg(CAST(column12 AS FLOAT)) as avg_column12 from read_csv_auto('/data-nonraid/maroulis/data/taxi_data/yellow_tripdata_2014_cleaned.csv', ignore_errors = true) where CAST(column05 AS FLOAT) > CAST(-74.01305 AS FLOAT) AND CAST(column05 AS FLOAT) < CAST(-73.96306 AS FLOAT) AND CAST(column06 AS FLOAT) > CAST(40.74158 AS FLOAT) AND CAST(column06 AS FLOAT) < CAST(40.766605 AS FLOAT) AND (column12 >= 0.0 AND column12 <= 400.0 AND column04 <= 1000.0);",0,"{12=StatsDuckDB{count=64394773, min=0.0000, max=400.0000, sum=730722639.2622, mean=11.3475, sumOfSquares=NaN}}",{12=7.307226392622459E8}
/data-nonraid/maroulis/data/taxi_data/yellow_tripdata_2014_cleaned.csv,directCSV,75,1,17.672306801,"select count(CAST(column12 AS FLOAT)) as count_column12, min(CAST(column12 AS FLOAT)) as min_column12, max(CAST(column12 AS FLOAT)) as max_column12, sum(CAST(column12 AS FLOAT)) as sum_column12, avg(CAST(column12 AS FLOAT)) as avg_column12 from read_csv_auto('/data-nonraid/maroulis/data/taxi_data/yellow_tripdata_2014_cleaned.csv', ignore_errors = true) where CAST(column05 AS FLOAT) > CAST(-74.007545 AS FLOAT) AND CAST(column05 AS FLOAT) < CAST(-73.95756 AS FLOAT) AND CAST(column06 AS FLOAT) > CAST(40.744335 AS FLOAT) AND CAST(column06 AS FLOAT) < CAST(40.76936 AS FLOAT) AND (column12 >= 0.0 AND column12 <= 400.0 AND column04 <= 1000.0);",0,"{12=StatsDuckDB{count=64173727, min=0.0000, max=400.0000, sum=727775176.5723, mean=11.3407, sumOfSquares=NaN}}",{12=7.277751765722673E8}
/data-nonraid/maroulis/data/taxi_data/yellow_tripdata_2014_cleaned.csv,directCSV,76,1,17.642928701,"select count(CAST(column12 AS FLOAT)) as count_column12, min(CAST(column12 AS FLOAT)) as min_column12, max(CAST(column12 AS FLOAT)) as max_column12, sum(CAST(column12 AS FLOAT)) as sum_column12, avg(CAST(column12 AS FLOAT)) as avg_column12 from read_csv_auto('/data-nonraid/maroulis/data/taxi_data/yellow_tripdata_2014_cleaned.csv', ignore_errors = true) where CAST(column05 AS FLOAT) > CAST(-74.00255 AS FLOAT) AND CAST(column05 AS FLOAT) < CAST(-73.95256 AS FLOAT) AND CAST(column06 AS FLOAT) > CAST(40.741833 AS FLOAT) AND CAST(column06 AS FLOAT) < CAST(40.766857 AS FLOAT) AND (column12 >= 0.0 AND column12 <= 400.0 AND column04 <= 1000.0);",0,"{12=StatsDuckDB{count=64234236, min=0.0000, max=400.0000, sum=728856989.0823, mean=11.3469, sumOfSquares=NaN}}",{12=7.288569890822527E8}
/data-nonraid/maroulis/data/taxi_data/yellow_tripdata_2014_cleaned.csv,directCSV,77,1,17.658881083,"select count(CAST(column12 AS FLOAT)) as count_column12, min(CAST(column12 AS FLOAT)) as min_column12, max(CAST(column12 AS FLOAT)) as max_column12, sum(CAST(column12 AS FLOAT)) as sum_column12, avg(CAST(column12 AS FLOAT)) as avg_column12 from read_csv_auto('/data-nonraid/maroulis/data/taxi_data/yellow_tripdata_2014_cleaned.csv', ignore_errors = true) where CAST(column05 AS FLOAT) > CAST(-73.99855 AS FLOAT) AND CAST(column05 AS FLOAT) < CAST(-73.94856 AS FLOAT) AND CAST(column06 AS FLOAT) > CAST(40.741833 AS FLOAT) AND CAST(column06 AS FLOAT) < CAST(40.766857 AS FLOAT) AND (column12 >= 0.0 AND column12 <= 400.0 AND column04 <= 1000.0);",0,"{12=StatsDuckDB{count=62352959, min=0.0000, max=400.0000, sum=708045656.9522, mean=11.3554, sumOfSquares=NaN}}",{12=7.08045656952215E8}
/data-nonraid/maroulis/data/taxi_data/yellow_tripdata_2014_cleaned.csv,directCSV,78,1,17.637336164,"select count(CAST(column12 AS FLOAT)) as count_column12, min(CAST(column12 AS FLOAT)) as min_column12, max(CAST(column12 AS FLOAT)) as max_column12, sum(CAST(column12 AS FLOAT)) as sum_column12, avg(CAST(column12 AS FLOAT)) as avg_column12 from read_csv_auto('/data-nonraid/maroulis/data/taxi_data/yellow_tripdata_2014_cleaned.csv', ignore_errors = true) where CAST(column05 AS FLOAT) > CAST(-73.99205 AS FLOAT) AND CAST(column05 AS FLOAT) < CAST(-73.94206 AS FLOAT) AND CAST(column06 AS FLOAT) > CAST(40.745087 AS FLOAT) AND CAST(column06 AS FLOAT) < CAST(40.77011 AS FLOAT) AND (column12 >= 0.0 AND column12 <= 400.0 AND column04 <= 1000.0);",0,"{12=StatsDuckDB{count=55435886, min=0.0000, max=400.0000, sum=629050332.2820, mean=11.3473, sumOfSquares=NaN}}",{12=6.290503322820035E8}
/data-nonraid/maroulis/data/taxi_data/yellow_tripdata_2014_cleaned.csv,directCSV,79,1,17.466509647,"select count(CAST(column12 AS FLOAT)) as count_column12, min(CAST(column12 AS FLOAT)) as min_column12, max(CAST(column12 AS FLOAT)) as max_column12, sum(CAST(column12 AS FLOAT)) as sum_column12, avg(CAST(column12 AS FLOAT)) as avg_column12 from read_csv_auto('/data-nonraid/maroulis/data/taxi_data/yellow_tripdata_2014_cleaned.csv', ignore_errors = true) where CAST(column05 AS FLOAT) > CAST(-73.98805 AS FLOAT) AND CAST(column05 AS FLOAT) < CAST(-73.938065 AS FLOAT) AND CAST(column06 AS FLOAT) > CAST(40.74709 AS FLOAT) AND CAST(column06 AS FLOAT) < CAST(40.772114 AS FLOAT) AND (column12 >= 0.0 AND column12 <= 400.0 AND column04 <= 1000.0);",0,"{12=StatsDuckDB{count=48513442, min=0.0000, max=400.0000, sum=548523101.6517, mean=11.3066, sumOfSquares=NaN}}",{12=5.485231016517471E8}
/data-nonraid/maroulis/data/taxi_data/yellow_tripdata_2014_cleaned.csv,directCSV,80,1,17.472829764,"select count(CAST(column12 AS FLOAT)) as count_column12, min(CAST(column12 AS FLOAT)) as min_column12, max(CAST(column12 AS FLOAT)) as max_column12, sum(CAST(column12 AS FLOAT)) as sum_column12, avg(CAST(column12 AS FLOAT)) as avg_column12 from read_csv_auto('/data-nonraid/maroulis/data/taxi_data/yellow_tripdata_2014_cleaned.csv', ignore_errors = true) where CAST(column05 AS FLOAT) > CAST(-73.98155 AS FLOAT) AND CAST(column05 AS FLOAT) < CAST(-73.931564 AS FLOAT) AND CAST(column06 AS FLOAT) > CAST(40.74709 AS FLOAT) AND CAST(column06 AS FLOAT) < CAST(40.772114 AS FLOAT) AND (column12 >= 0.0 AND column12 <= 400.0 AND column04 <= 1000.0);",0,"{12=StatsDuckDB{count=36108286, min=0.0000, max=400.0000, sum=402325664.8411, mean=11.1422, sumOfSquares=NaN}}",{12=4.0232566484114975E8}
/data-nonraid/maroulis/data/taxi_data/yellow_tripdata_2014_cleaned.csv,directCSV,81,1,17.326955303,"select count(CAST(column12 AS FLOAT)) as count_column12, min(CAST(column12 AS FLOAT)) as min_column12, max(CAST(column12 AS FLOAT)) as max_column12, sum(CAST(column12 AS FLOAT)) as sum_column12, avg(CAST(column12 AS FLOAT)) as avg_column12 from read_csv_auto('/data-nonraid/maroulis/data/taxi_data/yellow_tripdata_2014_cleaned.csv', ignore_errors = true) where CAST(column05 AS FLOAT) > CAST(-73.98155 AS FLOAT) AND CAST(column05 AS FLOAT) < CAST(-73.931564 AS FLOAT) AND CAST(column06 AS FLOAT) > CAST(40.744587 AS FLOAT) AND CAST(column06 AS FLOAT) < CAST(40.76961 AS FLOAT) AND (column12 >= 0.0 AND column12 <= 400.0 AND column04 <= 1000.0);",0,"{12=StatsDuckDB{count=34846579, min=0.0000, max=400.0000, sum=389915953.8712, mean=11.1895, sumOfSquares=NaN}}",{12=3.899159538712017E8}
/data-nonraid/maroulis/data/taxi_data/yellow_tripdata_2014_cleaned.csv,directCSV,82,1,17.586059796,"select count(CAST(column12 AS FLOAT)) as count_column12, min(CAST(column12 AS FLOAT)) as min_column12, max(CAST(column12 AS FLOAT)) as max_column12, sum(CAST(column12 AS FLOAT)) as sum_column12, avg(CAST(column12 AS FLOAT)) as avg_column12 from read_csv_auto('/data-nonraid/maroulis/data/taxi_data/yellow_tripdata_2014_cleaned.csv', ignore_errors = true) where CAST(column05 AS FLOAT) > CAST(-73.98855 AS FLOAT) AND CAST(column05 AS FLOAT) < CAST(-73.93856 AS FLOAT) AND CAST(column06 AS FLOAT) > CAST(40.741085 AS FLOAT) AND CAST(column06 AS FLOAT) < CAST(40.76611 AS FLOAT) AND (column12 >= 0.0 AND column12 <= 400.0 AND column04 <= 1000.0);",0,"{12=StatsDuckDB{count=45987771, min=0.0000, max=400.0000, sum=522826234.7118, mean=11.3688, sumOfSquares=NaN}}",{12=5.228262347117834E8}
/data-nonraid/maroulis/data/taxi_data/yellow_tripdata_2014_cleaned.csv,directCSV,83,1,17.278749278,"select count(CAST(column12 AS FLOAT)) as count_column12, min(CAST(column12 AS FLOAT)) as min_column12, max(CAST(column12 AS FLOAT)) as max_column12, sum(CAST(column12 AS FLOAT)) as sum_column12, avg(CAST(column12 AS FLOAT)) as avg_column12 from read_csv_auto('/data-nonraid/maroulis/data/taxi_data/yellow_tripdata_2014_cleaned.csv', ignore_errors = true) where CAST(column05 AS FLOAT) > CAST(-73.98355 AS FLOAT) AND CAST(column05 AS FLOAT) < CAST(-73.93356 AS FLOAT) AND CAST(column06 AS FLOAT) > CAST(40.738583 AS FLOAT) AND CAST(column06 AS FLOAT) < CAST(40.763607 AS FLOAT) AND (column12 >= 0.0 AND column12 <= 400.0 AND column04 <= 1000.0);",0,"{12=StatsDuckDB{count=31579782, min=0.0000, max=400.0000, sum=357224848.7712, mean=11.3118, sumOfSquares=NaN}}",{12=3.572248487711838E8}
/data-nonraid/maroulis/data/taxi_data/yellow_tripdata_2014_cleaned.csv,directCSV,84,1,17.34973621,"select count(CAST(column12 AS FLOAT)) as count_column12, min(CAST(column12 AS FLOAT)) as min_column12, max(CAST(column12 AS FLOAT)) as max_column12, sum(CAST(column12 AS FLOAT)) as sum_column12, avg(CAST(column12 AS FLOAT)) as avg_column12 from read_csv_auto('/data-nonraid/maroulis/data/taxi_data/yellow_tripdata_2014_cleaned.csv', ignore_errors = true) where CAST(column05 AS FLOAT) > CAST(-73.98955 AS FLOAT) AND CAST(column05 AS FLOAT) < CAST(-73.93956 AS FLOAT) AND CAST(column06 AS FLOAT) > CAST(40.741585 AS FLOAT) AND CAST(column06 AS FLOAT) < CAST(40.76661 AS FLOAT) AND (column12 >= 0.0 AND column12 <= 400.0 AND column04 <= 1000.0);",0,"{12=StatsDuckDB{count=48423630, min=0.0000, max=400.0000, sum=550617111.9618, mean=11.3708, sumOfSquares=NaN}}",{12=5.506171119618485E8}
/data-nonraid/maroulis/data/taxi_data/yellow_tripdata_2014_cleaned.csv,directCSV,85,1,17.443395787,"select count(CAST(column12 AS FLOAT)) as count_column12, min(CAST(column12 AS FLOAT)) as min_column12, max(CAST(column12 AS FLOAT)) as max_column12, sum(CAST(column12 AS FLOAT)) as sum_column12, avg(CAST(column12 AS FLOAT)) as avg_column12 from read_csv_auto('/data-nonraid/maroulis/data/taxi_data/yellow_tripdata_2014_cleaned.csv', ignore_errors = true) where CAST(column05 AS FLOAT) > CAST(-73.996544 AS FLOAT) AND CAST(column05 AS FLOAT) < CAST(-73.946556 AS FLOAT) AND CAST(column06 AS FLOAT) > CAST(40.738083 AS FLOAT) AND CAST(column06 AS FLOAT) < CAST(40.763107 AS FLOAT) AND (column12 >= 0.0 AND column12 <= 400.0 AND column04 <= 1000.0);",0,"{12=StatsDuckDB{count=55860566, min=0.0000, max=400.0000, sum=632934361.1720, mean=11.3306, sumOfSquares=NaN}}",{12=6.329343611720313E8}
/data-nonraid/maroulis/data/taxi_data/yellow_tripdata_2014_cleaned.csv,directCSV,86,1,17.377452754,"select count(CAST(column12 AS FLOAT)) as count_column12, min(CAST(column12 AS FLOAT)) as min_column12, max(CAST(column12 AS FLOAT)) as max_column12, sum(CAST(column12 AS FLOAT)) as sum_column12, avg(CAST(column12 AS FLOAT)) as avg_column12 from read_csv_auto('/data-nonraid/maroulis/data/taxi_data/yellow_tripdata_2014_cleaned.csv', ignore_errors = true) where CAST(column05 AS FLOAT) > CAST(-74.00404 AS FLOAT) AND CAST(column05 AS FLOAT) < CAST(-73.954056 AS FLOAT) AND CAST(column06 AS FLOAT) > CAST(40.738083 AS FLOAT) AND CAST(column06 AS FLOAT) < CAST(40.763107 AS FLOAT) AND (column12 >= 0.0 AND column12 <= 400.0 AND column04 <= 1000.0);",0,"{12=StatsDuckDB{count=61519656, min=0.0000, max=400.0000, sum=695075446.4021, mean=11.2984, sumOfSquares=NaN}}",{12=6.95075446402106E8}
/data-nonraid/maroulis/data/taxi_data/yellow_tripdata_2014_cleaned.csv,directCSV,87,1,17.551591865,"select count(CAST(column12 AS FLOAT)) as count_column12, min(CAST(column12 AS FLOAT)) as min_column12, max(CAST(column12 AS FLOAT)) as max_column12, sum(CAST(column12 AS FLOAT)) as sum_column12, avg(CAST(column12 AS FLOAT)) as avg_column12 from read_csv_auto('/data-nonraid/maroulis/data/taxi_data/yellow_tripdata_2014_cleaned.csv', ignore_errors = true) where CAST(column05 AS FLOAT) > CAST(-74.01154 AS FLOAT) AND CAST(column05 AS FLOAT) < CAST(-73.961555 AS FLOAT) AND CAST(column06 AS FLOAT) > CAST(40.741837 AS FLOAT) AND CAST(column06 AS FLOAT) < CAST(40.76686 AS FLOAT) AND (column12 >= 0.0 AND column12 <= 400.0 AND column04 <= 1000.0);",0,"{12=StatsDuckDB{count=64808798, min=0.0000, max=400.0000, sum=735177965.0223, mean=11.3438, sumOfSquares=NaN}}",{12=7.351779650222543E8}
/data-nonraid/maroulis/data/taxi_data/yellow_tripdata_2014_cleaned.csv,directCSV,88,1,17.353479366,"select count(CAST(column12 AS FLOAT)) as count_column12, min(CAST(column12 AS FLOAT)) as min_column12, max(CAST(column12 AS FLOAT)) as max_column12, sum(CAST(column12 AS FLOAT)) as sum_column12, avg(CAST(column12 AS FLOAT)) as avg_column12 from read_csv_auto('/data-nonraid/maroulis/data/taxi_data/yellow_tripdata_2014_cleaned.csv', ignore_errors = true) where CAST(column05 AS FLOAT) > CAST(-74.01154 AS FLOAT) AND CAST(column05 AS FLOAT) < CAST(-73.961555 AS FLOAT) AND CAST(column06 AS FLOAT) > CAST(40.738583 AS FLOAT) AND CAST(column06 AS FLOAT) < CAST(40.763607 AS FLOAT) AND (column12 >= 0.0 AND column12 <= 400.0 AND column04 <= 1000.0);",0,"{12=StatsDuckDB{count=64789377, min=0.0000, max=400.0000, sum=734333091.0721, mean=11.3342, sumOfSquares=NaN}}",{12=7.343330910721456E8}
/data-nonraid/maroulis/data/taxi_data/yellow_tripdata_2014_cleaned.csv,directCSV,89,1,17.480888722,"select count(CAST(column12 AS FLOAT)) as count_column12, min(CAST(column12 AS FLOAT)) as min_column12, max(CAST(column12 AS FLOAT)) as max_column12, sum(CAST(column12 AS FLOAT)) as sum_column12, avg(CAST(column12 AS FLOAT)) as avg_column12 from read_csv_auto('/data-nonraid/maroulis/data/taxi_data/yellow_tripdata_2014_cleaned.csv', ignore_errors = true) where CAST(column05 AS FLOAT) > CAST(-74.00455 AS FLOAT) AND CAST(column05 AS FLOAT) < CAST(-73.95456 AS FLOAT) AND CAST(column06 AS FLOAT) > CAST(40.738583 AS FLOAT) AND CAST(column06 AS FLOAT) < CAST(40.763607 AS FLOAT) AND (column12 >= 0.0 AND column12 <= 400.0 AND column04 <= 1000.0);",0,"{12=StatsDuckDB{count=62626517, min=0.0000, max=400.0000, sum=708062843.5621, mean=11.3061, sumOfSquares=NaN}}",{12=7.080628435621226E8}
/data-nonraid/maroulis/data/taxi_data/yellow_tripdata_2014_cleaned.csv,directCSV,90,1,17.74553967,"select count(CAST(column12 AS FLOAT)) as count_column12, min(CAST(column12 AS FLOAT)) as min_column12, max(CAST(column12 AS FLOAT)) as max_column12, sum(CAST(column12 AS FLOAT)) as sum_column12, avg(CAST(column12 AS FLOAT)) as avg_column12 from read_csv_auto('/data-nonraid/maroulis/data/taxi_data/yellow_tripdata_2014_cleaned.csv', ignore_errors = true) where CAST(column05 AS FLOAT) > CAST(-74.00455 AS FLOAT) AND CAST(column05 AS FLOAT) < CAST(-73.95456 AS FLOAT) AND CAST(column06 AS FLOAT) > CAST(40.741585 AS FLOAT) AND CAST(column06 AS FLOAT) < CAST(40.76661 AS FLOAT) AND (column12 >= 0.0 AND column12 <= 400.0 AND column04 <= 1000.0);",0,"{12=StatsDuckDB{count=65405857, min=0.0000, max=400.0000, sum=741552780.1923, mean=11.3377, sumOfSquares=NaN}}",{12=7.415527801922879E8}
/data-nonraid/maroulis/data/taxi_data/yellow_tripdata_2014_cleaned.csv,directCSV,91,1,17.61121944,"select count(CAST(column12 AS FLOAT)) as count_column12, min(CAST(column12 AS FLOAT)) as min_column12, max(CAST(column12 AS FLOAT)) as max_column12, sum(CAST(column12 AS FLOAT)) as sum_column12, avg(CAST(column12 AS FLOAT)) as avg_column12 from read_csv_auto('/data-nonraid/maroulis/data/taxi_data/yellow_tripdata_2014_cleaned.csv', ignore_errors = true) where CAST(column05 AS FLOAT) > CAST(-73.99855 AS FLOAT) AND CAST(column05 AS FLOAT) < CAST(-73.94856 AS FLOAT) AND CAST(column06 AS FLOAT) > CAST(40.744587 AS FLOAT) AND CAST(column06 AS FLOAT) < CAST(40.76961 AS FLOAT) AND (column12 >= 0.0 AND column12 <= 400.0 AND column04 <= 1000.0);",0,"{12=StatsDuckDB{count=62655435, min=0.0000, max=400.0000, sum=712299616.3722, mean=11.3685, sumOfSquares=NaN}}",{12=7.122996163722277E8}
/data-nonraid/maroulis/data/taxi_data/yellow_tripdata_2014_cleaned.csv,directCSV,92,1,17.471539956,"select count(CAST(column12 AS FLOAT)) as count_column12, min(CAST(column12 AS FLOAT)) as min_column12, max(CAST(column12 AS FLOAT)) as max_column12, sum(CAST(column12 AS FLOAT)) as sum_column12, avg(CAST(column12 AS FLOAT)) as avg_column12 from read_csv_auto('/data-nonraid/maroulis/data/taxi_data/yellow_tripdata_2014_cleaned.csv', ignore_errors = true) where CAST(column05 AS FLOAT) > CAST(-73.99455 AS FLOAT) AND CAST(column05 AS FLOAT) < CAST(-73.944565 AS FLOAT) AND CAST(column06 AS FLOAT) > CAST(40.744587 AS FLOAT) AND CAST(column06 AS FLOAT) < CAST(40.76961 AS FLOAT) AND (column12 >= 0.0 AND column12 <= 400.0 AND column04 <= 1000.0);",0,"{12=StatsDuckDB{count=59631253, min=0.0000, max=400.0000, sum=677837127.6622, mean=11.3671, sumOfSquares=NaN}}",{12=6.77837127662173E8}
/data-nonraid/maroulis/data/taxi_data/yellow_tripdata_2014_cleaned.csv,directCSV,93,1,17.608793632,"select count(CAST(column12 AS FLOAT)) as count_column12, min(CAST(column12 AS FLOAT)) as min_column12, max(CAST(column12 AS FLOAT)) as max_column12, sum(CAST(column12 AS FLOAT)) as sum_column12, avg(CAST(column12 AS FLOAT)) as avg_column12 from read_csv_auto('/data-nonraid/maroulis/data/taxi_data/yellow_tripdata_2014_cleaned.csv', ignore_errors = true) where CAST(column05 AS FLOAT) > CAST(-73.99455 AS FLOAT) AND CAST(column05 AS FLOAT) < CAST(-73.944565 AS FLOAT) AND CAST(column06 AS FLOAT) > CAST(40.746838 AS FLOAT) AND CAST(column06 AS FLOAT) < CAST(40.771862 AS FLOAT) AND (column12 >= 0.0 AND column12 <= 400.0 AND column04 <= 1000.0);",0,"{12=StatsDuckDB{count=59677803, min=0.0000, max=400.0000, sum=677131236.9921, mean=11.3465, sumOfSquares=NaN}}",{12=6.771312369920571E8}
/data-nonraid/maroulis/data/taxi_data/yellow_tripdata_2014_cleaned.csv,directCSV,94,1,17.691816034,"select count(CAST(column12 AS FLOAT)) as count_column12, min(CAST(column12 AS FLOAT)) as min_column12, max(CAST(column12 AS FLOAT)) as max_column12, sum(CAST(column12 AS FLOAT)) as sum_column12, avg(CAST(column12 AS FLOAT)) as avg_column12 from read_csv_auto('/data-nonraid/maroulis/data/taxi_data/yellow_tripdata_2014_cleaned.csv', ignore_errors = true) where CAST(column05 AS FLOAT) > CAST(-73.99955 AS FLOAT) AND CAST(column05 AS FLOAT) < CAST(-73.94956 AS FLOAT) AND CAST(column06 AS FLOAT) > CAST(40.74934 AS FLOAT) AND CAST(column06 AS FLOAT) < CAST(40.774364 AS FLOAT) AND (column12 >= 0.0 AND column12 <= 400.0 AND column04 <= 1000.0);",0,"{12=StatsDuckDB{count=61444493, min=0.0000, max=400.0000, sum=696097468.4520, mean=11.3289, sumOfSquares=NaN}}",{12=6.960974684520068E8}
/data-nonraid/maroulis/data/taxi_data/yellow_tripdata_2014_cleaned.csv,directCSV,95,1,17.612466044,"select count(CAST(column12 AS FLOAT)) as count_column12, min(CAST(column12 AS FLOAT)) as min_column12, max(CAST(column12 AS FLOAT)) as max_column12, sum(CAST(column12 AS FLOAT)) as sum_column12, avg(CAST(column12 AS FLOAT)) as avg_column12 from read_csv_auto('/data-nonraid/maroulis/data/taxi_data/yellow_tripdata_2014_cleaned.csv', ignore_errors = true) where CAST(column05 AS FLOAT) > CAST(-73.99955 AS FLOAT) AND CAST(column05 AS FLOAT) < CAST(-73.94956 AS FLOAT) AND CAST(column06 AS FLOAT) > CAST(40.75159 AS FLOAT) AND CAST(column06 AS FLOAT) < CAST(40.776615 AS FLOAT) AND (column12 >= 0.0 AND column12 <= 400.0 AND column04 <= 1000.0);",0,"{12=StatsDuckDB{count=57394335, min=0.0000, max=400.0000, sum=646062093.2719, mean=11.2565, sumOfSquares=NaN}}",{12=6.460620932718508E8}
/data-nonraid/maroulis/data/taxi_data/yellow_tripdata_2014_cleaned.csv,directCSV,96,1,17.429978537,"select count(CAST(column12 AS FLOAT)) as count_column12, min(CAST(column12 AS FLOAT)) as min_column12, max(CAST(column12 AS FLOAT)) as max_column12, sum(CAST(column12 AS FLOAT)) as sum_column12, avg(CAST(column12 AS FLOAT)) as avg_column12 from read_csv_auto('/data-nonraid/maroulis/data/taxi_data/yellow_tripdata_2014_cleaned.csv', ignore_errors = true) where CAST(column05 AS FLOAT) > CAST(-73.99505 AS FLOAT) AND CAST(column05 AS FLOAT) < CAST(-73.94506 AS FLOAT) AND CAST(column06 AS FLOAT) > CAST(40.75384 AS FLOAT) AND CAST(column06 AS FLOAT) < CAST(40.778866 AS FLOAT) AND (column12 >= 0.0 AND column12 <= 400.0 AND column04 <= 1000.0);",0,"{12=StatsDuckDB{count=54695827, min=0.0000, max=400.0000, sum=612872912.2217, mean=11.2051, sumOfSquares=NaN}}",{12=6.128729122217232E8}
/data-nonraid/maroulis/data/taxi_data/yellow_tripdata_2014_cleaned.csv,directCSV,97,1,17.70141771,"select count(CAST(column12 AS FLOAT)) as count_column12, min(CAST(column12 AS FLOAT)) as min_column12, max(CAST(column12 AS FLOAT)) as max_column12, sum(CAST(column12 AS FLOAT)) as sum_column12, avg(CAST(column12 AS FLOAT)) as avg_column12 from read_csv_auto('/data-nonraid/maroulis/data/taxi_data/yellow_tripdata_2014_cleaned.csv', ignore_errors = true) where CAST(column05 AS FLOAT) > CAST(-73.98805 AS FLOAT) AND CAST(column05 AS FLOAT) < CAST(-73.938065 AS FLOAT) AND CAST(column06 AS FLOAT) > CAST(40.75384 AS FLOAT) AND CAST(column06 AS FLOAT) < CAST(40.778866 AS FLOAT) AND (column12 >= 0.0 AND column12 <= 400.0 AND column04 <= 1000.0);",0,"{12=StatsDuckDB{count=48333359, min=0.0000, max=400.0000, sum=539423832.2914, mean=11.1605, sumOfSquares=NaN}}",{12=5.394238322914463E8}
/data-nonraid/maroulis/data/taxi_data/yellow_tripdata_2014_cleaned.csv,directCSV,98,1,17.537311611,"select count(CAST(column12 AS FLOAT)) as count_column12, min(CAST(column12 AS FLOAT)) as min_column12, max(CAST(column12 AS FLOAT)) as max_column12, sum(CAST(column12 AS FLOAT)) as sum_column12, avg(CAST(column12 AS FLOAT)) as avg_column12 from read_csv_auto('/data-nonraid/maroulis/data/taxi_data/yellow_tripdata_2014_cleaned.csv', ignore_errors = true) where CAST(column05 AS FLOAT) > CAST(-73.98805 AS FLOAT) AND CAST(column05 AS FLOAT) < CAST(-73.938065 AS FLOAT) AND CAST(column06 AS FLOAT) > CAST(40.75184 AS FLOAT) AND CAST(column06 AS FLOAT) < CAST(40.776863 AS FLOAT) AND (column12 >= 0.0 AND column12 <= 400.0 AND column04 <= 1000.0);",0,"{12=StatsDuckDB{count=49150181, min=0.0000, max=400.0000, sum=550396217.8115, mean=11.1983, sumOfSquares=NaN}}",{12=5.503962178115058E8}
/data-nonraid/maroulis/data/taxi_data/yellow_tripdata_2014_cleaned.csv,directCSV,99,1,17.534626466,"select count(CAST(column12 AS FLOAT)) as count_column12, min(CAST(column12 AS FLOAT)) as min_column12, max(CAST(column12 AS FLOAT)) as max_column12, sum(CAST(column12 AS FLOAT)) as sum_column12, avg(CAST(column12 AS FLOAT)) as avg_column12 from read_csv_auto('/data-nonraid/maroulis/data/taxi_data/yellow_tripdata_2014_cleaned.csv', ignore_errors = true) where CAST(column05 AS FLOAT) > CAST(-73.99205 AS FLOAT) AND CAST(column05 AS FLOAT) < CAST(-73.94206 AS FLOAT) AND CAST(column06 AS FLOAT) > CAST(40.75384 AS FLOAT) AND CAST(column06 AS FLOAT) < CAST(40.778866 AS FLOAT) AND (column12 >= 0.0 AND column12 <= 400.0 AND column04 <= 1000.0);",0,"{12=StatsDuckDB{count=53140092, min=0.0000, max=400.0000, sum=595171671.1416, mean=11.2000, sumOfSquares=NaN}}",{12=5.951716711416249E8}
