csv,i,Time (sec),Query,errorBound,Query Result,Query Result Sum
/data-nonraid/maroulis/data/taxi_data/yellow_tripdata_2014_cleaned.csv,0,412.6148829460144,"SELECT sum(CAST(column12 AS FLOAT)) as sum_column12, avg(CAST(column12 AS FLOAT)) as avg_column12, sum(CAST(column17 AS FLOAT)) as sum_column17, avg(CAST(column17 AS FLOAT)) as avg_column17 FROM query_table WHERE CAST(column05 AS FLOAT) > CAST(-73.99 AS FLOAT) AND CAST(column05 AS FLOAT) < CAST(-73.94 AS FLOAT) AND CAST(column06 AS FLOAT) > CAST(40.745 AS FLOAT) AND CAST(column06 AS FLOAT) < CAST(40.77 AS FLOAT) AND column12 >= 0.0 AND column12 <= 400.0 AND column04 <= 1000.0;",0.01,"{null={12=Stats{sum=577650087.221878, avg=11.352516529575587}, 17=Stats{sum=696851883.5620996, avg=13.695181047840745}}}","{12=577650087.221878, 17=696851883.5620996}"
/data-nonraid/maroulis/data/taxi_data/yellow_tripdata_2014_cleaned.csv,1,3.3546996116638184,"SELECT sum(CAST(column12 AS FLOAT)) as sum_column12, avg(CAST(column12 AS FLOAT)) as avg_column12, sum(CAST(column17 AS FLOAT)) as sum_column17, avg(CAST(column17 AS FLOAT)) as avg_column17 FROM query_table WHERE CAST(column05 AS FLOAT) > CAST(-73.9965 AS FLOAT) AND CAST(column05 AS FLOAT) < CAST(-73.9465 AS FLOAT) AND CAST(column06 AS FLOAT) > CAST(40.74825 AS FLOAT) AND CAST(column06 AS FLOAT) < CAST(40.77325 AS FLOAT) AND column12 >= 0.0 AND column12 <= 400.0 AND column04 <= 1000.0;",0.01,"{null={12=Stats{sum=691785375.3120357, avg=11.331367058453427}, 17=Stats{sum=831957259.1348159, avg=13.627366834618657}}}","{12=691785375.3120357, 17=831957259.1348159}"
/data-nonraid/maroulis/data/taxi_data/yellow_tripdata_2014_cleaned.csv,2,3.1572983264923096,"SELECT sum(CAST(column12 AS FLOAT)) as sum_column12, avg(CAST(column12 AS FLOAT)) as avg_column12, sum(CAST(column17 AS FLOAT)) as sum_column17, avg(CAST(column17 AS FLOAT)) as avg_column17 FROM query_table WHERE CAST(column05 AS FLOAT) > CAST(-73.9895 AS FLOAT) AND CAST(column05 AS FLOAT) < CAST(-73.93951 AS FLOAT) AND CAST(column06 AS FLOAT) > CAST(40.75175 AS FLOAT) AND CAST(column06 AS FLOAT) < CAST(40.776752 AS FLOAT) AND column12 >= 0.0 AND column12 <= 400.0 AND column04 <= 1000.0;",0.01,"{null={12=Stats{sum=572406401.6215575, avg=11.218176064551797}, 17=Stats{sum=688870760.3301511, avg=13.500676186033516}}}","{12=572406401.6215575, 17=688870760.3301511}"
/data-nonraid/maroulis/data/taxi_data/yellow_tripdata_2014_cleaned.csv,3,3.0300629138946533,"SELECT sum(CAST(column12 AS FLOAT)) as sum_column12, avg(CAST(column12 AS FLOAT)) as avg_column12, sum(CAST(column17 AS FLOAT)) as sum_column17, avg(CAST(column17 AS FLOAT)) as avg_column17 FROM query_table WHERE CAST(column05 AS FLOAT) > CAST(-73.9895 AS FLOAT) AND CAST(column05 AS FLOAT) < CAST(-73.93951 AS FLOAT) AND CAST(column06 AS FLOAT) > CAST(40.7495 AS FLOAT) AND CAST(column06 AS FLOAT) < CAST(40.7745 AS FLOAT) AND column12 >= 0.0 AND column12 <= 400.0 AND column04 <= 1000.0;",0.01,"{null={12=Stats{sum=578739184.2316954, avg=11.278990797490817}, 17=Stats{sum=697079049.0006801, avg=13.58530473315017}}}","{12=578739184.2316954, 17=697079049.0006801}"
/data-nonraid/maroulis/data/taxi_data/yellow_tripdata_2014_cleaned.csv,4,2.3184990882873535,"SELECT sum(CAST(column12 AS FLOAT)) as sum_column12, avg(CAST(column12 AS FLOAT)) as avg_column12, sum(CAST(column17 AS FLOAT)) as sum_column17, avg(CAST(column17 AS FLOAT)) as avg_column17 FROM query_table WHERE CAST(column05 AS FLOAT) > CAST(-73.983505 AS FLOAT) AND CAST(column05 AS FLOAT) < CAST(-73.93351 AS FLOAT) AND CAST(column06 AS FLOAT) > CAST(40.7525 AS FLOAT) AND CAST(column06 AS FLOAT) < CAST(40.7775 AS FLOAT) AND column12 >= 0.0 AND column12 <= 400.0 AND column04 <= 1000.0;",0.01,"{null={12=Stats{sum=467825625.311171, avg=11.077424262288122}, 17=Stats{sum=562993094.5851661, avg=13.330850274202524}}}","{12=467825625.311171, 17=562993094.5851661}"
/data-nonraid/maroulis/data/taxi_data/yellow_tripdata_2014_cleaned.csv,5,2.4837491512298584,"SELECT sum(CAST(column12 AS FLOAT)) as sum_column12, avg(CAST(column12 AS FLOAT)) as avg_column12, sum(CAST(column17 AS FLOAT)) as sum_column17, avg(CAST(column17 AS FLOAT)) as avg_column17 FROM query_table WHERE CAST(column05 AS FLOAT) > CAST(-73.977005 AS FLOAT) AND CAST(column05 AS FLOAT) < CAST(-73.92701 AS FLOAT) AND CAST(column06 AS FLOAT) > CAST(40.74925 AS FLOAT) AND CAST(column06 AS FLOAT) < CAST(40.77425 AS FLOAT) AND column12 >= 0.0 AND column12 <= 400.0 AND column04 <= 1000.0;",0.01,"{null={12=Stats{sum=324792791.7508008, avg=10.987621018351149}, 17=Stats{sum=391028701.1478473, avg=13.22835753943435}}}","{12=324792791.7508008, 17=391028701.1478473}"
/data-nonraid/maroulis/data/taxi_data/yellow_tripdata_2014_cleaned.csv,6,2.0959293842315674,"SELECT sum(CAST(column12 AS FLOAT)) as sum_column12, avg(CAST(column12 AS FLOAT)) as avg_column12, sum(CAST(column17 AS FLOAT)) as sum_column17, avg(CAST(column17 AS FLOAT)) as avg_column17 FROM query_table WHERE CAST(column05 AS FLOAT) > CAST(-73.981 AS FLOAT) AND CAST(column05 AS FLOAT) < CAST(-73.95601 AS FLOAT) AND CAST(column06 AS FLOAT) > CAST(40.753624 AS FLOAT) AND CAST(column06 AS FLOAT) < CAST(40.766125 AS FLOAT) AND column12 >= 0.0 AND column12 <= 400.0 AND column04 <= 1000.0;",0.01,"{null={12=Stats{sum=232730197.81074542, avg=11.153513673034707}, 17=Stats{sum=280884670.05993617, avg=13.461299983970937}}}","{12=232730197.81074542, 17=280884670.05993617}"
/data-nonraid/maroulis/data/taxi_data/yellow_tripdata_2014_cleaned.csv,7,2.0975089073181152,"SELECT sum(CAST(column12 AS FLOAT)) as sum_column12, avg(CAST(column12 AS FLOAT)) as avg_column12, sum(CAST(column17 AS FLOAT)) as sum_column17, avg(CAST(column17 AS FLOAT)) as avg_column17 FROM query_table WHERE CAST(column05 AS FLOAT) > CAST(-73.983 AS FLOAT) AND CAST(column05 AS FLOAT) < CAST(-73.970505 AS FLOAT) AND CAST(column06 AS FLOAT) > CAST(40.755814 AS FLOAT) AND CAST(column06 AS FLOAT) < CAST(40.762062 AS FLOAT) AND column12 >= 0.0 AND column12 <= 400.0 AND column04 <= 1000.0;",0.01,"{null={12=Stats{sum=77010821.61030722, avg=11.753365051305725}, 17=Stats{sum=93551004.37565303, avg=14.277722044146918}}}","{12=77010821.61030722, 17=93551004.37565303}"
/data-nonraid/maroulis/data/taxi_data/yellow_tripdata_2014_cleaned.csv,8,2.1881093978881836,"SELECT sum(CAST(column12 AS FLOAT)) as sum_column12, avg(CAST(column12 AS FLOAT)) as avg_column12, sum(CAST(column17 AS FLOAT)) as sum_column17, avg(CAST(column17 AS FLOAT)) as avg_column17 FROM query_table WHERE CAST(column05 AS FLOAT) > CAST(-73.984 AS FLOAT) AND CAST(column05 AS FLOAT) < CAST(-73.97775 AS FLOAT) AND CAST(column06 AS FLOAT) > CAST(40.756905 AS FLOAT) AND CAST(column06 AS FLOAT) < CAST(40.760033 AS FLOAT) AND column12 >= 0.0 AND column12 <= 400.0 AND column04 <= 1000.0;",0.01,"{null={12=Stats{sum=13502933.780051231, avg=11.724400800603659}, 17=Stats{sum=16287789.974008322, avg=14.142450886743731}}}","{12=13502933.780051231, 17=16287789.974008322}"
/data-nonraid/maroulis/data/taxi_data/yellow_tripdata_2014_cleaned.csv,9,1.9233229160308838,"SELECT sum(CAST(column12 AS FLOAT)) as sum_column12, avg(CAST(column12 AS FLOAT)) as avg_column12, sum(CAST(column17 AS FLOAT)) as sum_column17, avg(CAST(column17 AS FLOAT)) as avg_column17 FROM query_table WHERE CAST(column05 AS FLOAT) > CAST(-73.98325 AS FLOAT) AND CAST(column05 AS FLOAT) < CAST(-73.977005 AS FLOAT) AND CAST(column06 AS FLOAT) > CAST(40.75728 AS FLOAT) AND CAST(column06 AS FLOAT) < CAST(40.760406 AS FLOAT) AND column12 >= 0.0 AND column12 <= 400.0 AND column04 <= 1000.0;",0.01,"{null={12=Stats{sum=14550872.090046883, avg=11.399948989301834}, 17=Stats{sum=17555209.268330097, avg=13.75371104336586}}}","{12=14550872.090046883, 17=17555209.268330097}"
/data-nonraid/maroulis/data/taxi_data/yellow_tripdata_2014_cleaned.csv,10,1.8970227241516113,"SELECT sum(CAST(column12 AS FLOAT)) as sum_column12, avg(CAST(column12 AS FLOAT)) as avg_column12, sum(CAST(column17 AS FLOAT)) as sum_column17, avg(CAST(column17 AS FLOAT)) as avg_column17 FROM query_table WHERE CAST(column05 AS FLOAT) > CAST(-73.984 AS FLOAT) AND CAST(column05 AS FLOAT) < CAST(-73.97775 AS FLOAT) AND CAST(column06 AS FLOAT) > CAST(40.75728 AS FLOAT) AND CAST(column06 AS FLOAT) < CAST(40.760406 AS FLOAT) AND column12 >= 0.0 AND column12 <= 400.0 AND column04 <= 1000.0;",0.01,"{null={12=Stats{sum=13666019.40005207, avg=11.735031673250392}, 17=Stats{sum=16512511.872356176, avg=14.179319094650527}}}","{12=13666019.40005207, 17=16512511.872356176}"
/data-nonraid/maroulis/data/taxi_data/yellow_tripdata_2014_cleaned.csv,11,2.075655937194824,"SELECT sum(CAST(column12 AS FLOAT)) as sum_column12, avg(CAST(column12 AS FLOAT)) as avg_column12, sum(CAST(column17 AS FLOAT)) as sum_column17, avg(CAST(column17 AS FLOAT)) as avg_column17 FROM query_table WHERE CAST(column05 AS FLOAT) > CAST(-73.984 AS FLOAT) AND CAST(column05 AS FLOAT) < CAST(-73.97775 AS FLOAT) AND CAST(column06 AS FLOAT) > CAST(40.75678 AS FLOAT) AND CAST(column06 AS FLOAT) < CAST(40.759907 AS FLOAT) AND column12 >= 0.0 AND column12 <= 400.0 AND column04 <= 1000.0;",0.01,"{null={12=Stats{sum=13528597.620053291, avg=11.732432585767762}, 17=Stats{sum=16314465.755245924, avg=14.148426542195107}}}","{12=13528597.620053291, 17=16314465.755245924}"
/data-nonraid/maroulis/data/taxi_data/yellow_tripdata_2014_cleaned.csv,12,1.815718173980713,"SELECT sum(CAST(column12 AS FLOAT)) as sum_column12, avg(CAST(column12 AS FLOAT)) as avg_column12, sum(CAST(column17 AS FLOAT)) as sum_column17, avg(CAST(column17 AS FLOAT)) as avg_column17 FROM query_table WHERE CAST(column05 AS FLOAT) > CAST(-73.98475 AS FLOAT) AND CAST(column05 AS FLOAT) < CAST(-73.9785 AS FLOAT) AND CAST(column06 AS FLOAT) > CAST(40.75678 AS FLOAT) AND CAST(column06 AS FLOAT) < CAST(40.759907 AS FLOAT) AND column12 >= 0.0 AND column12 <= 400.0 AND column04 <= 1000.0;",0.01,"{null={12=Stats{sum=14179749.190071583, avg=12.12148472013799}, 17=Stats{sum=17087833.63751793, avg=14.60744555922487}}}","{12=14179749.190071583, 17=17087833.63751793}"
/data-nonraid/maroulis/data/taxi_data/yellow_tripdata_2014_cleaned.csv,13,1.7945127487182617,"SELECT sum(CAST(column12 AS FLOAT)) as sum_column12, avg(CAST(column12 AS FLOAT)) as avg_column12, sum(CAST(column17 AS FLOAT)) as sum_column17, avg(CAST(column17 AS FLOAT)) as avg_column17 FROM query_table WHERE CAST(column05 AS FLOAT) > CAST(-73.98412 AS FLOAT) AND CAST(column05 AS FLOAT) < CAST(-73.977875 AS FLOAT) AND CAST(column06 AS FLOAT) > CAST(40.756466 AS FLOAT) AND CAST(column06 AS FLOAT) < CAST(40.759594 AS FLOAT) AND column12 >= 0.0 AND column12 <= 400.0 AND column04 <= 1000.0;",0.01,"{null={12=Stats{sum=13548911.29006052, avg=11.794790105561425}, 17=Stats{sum=16337289.938724518, avg=14.222168969570058}}}","{12=13548911.29006052, 17=16337289.938724518}"
/data-nonraid/maroulis/data/taxi_data/yellow_tripdata_2014_cleaned.csv,14,1.8319711685180664,"SELECT sum(CAST(column12 AS FLOAT)) as sum_column12, avg(CAST(column12 AS FLOAT)) as avg_column12, sum(CAST(column17 AS FLOAT)) as sum_column17, avg(CAST(column17 AS FLOAT)) as avg_column17 FROM query_table WHERE CAST(column05 AS FLOAT) > CAST(-73.983376 AS FLOAT) AND CAST(column05 AS FLOAT) < CAST(-73.97713 AS FLOAT) AND CAST(column06 AS FLOAT) > CAST(40.756466 AS FLOAT) AND CAST(column06 AS FLOAT) < CAST(40.759594 AS FLOAT) AND column12 >= 0.0 AND column12 <= 400.0 AND column04 <= 1000.0;",0.01,"{null={12=Stats{sum=14756560.910054684, avg=11.390568256331061}, 17=Stats{sum=17762694.43403721, avg=13.710998423039944}}}","{12=14756560.910054684, 17=17762694.43403721}"
/data-nonraid/maroulis/data/taxi_data/yellow_tripdata_2014_cleaned.csv,15,2.390047073364258,"SELECT sum(CAST(column12 AS FLOAT)) as sum_column12, avg(CAST(column12 AS FLOAT)) as avg_column12, sum(CAST(column17 AS FLOAT)) as sum_column17, avg(CAST(column17 AS FLOAT)) as avg_column17 FROM query_table WHERE CAST(column05 AS FLOAT) > CAST(-73.98412 AS FLOAT) AND CAST(column05 AS FLOAT) < CAST(-73.977875 AS FLOAT) AND CAST(column06 AS FLOAT) > CAST(40.756466 AS FLOAT) AND CAST(column06 AS FLOAT) < CAST(40.759594 AS FLOAT) AND column12 >= 0.0 AND column12 <= 400.0 AND column04 <= 1000.0;",0.01,"{null={12=Stats{sum=13548911.29006052, avg=11.794790105561425}, 17=Stats{sum=16337289.938724518, avg=14.222168969570058}}}","{12=13548911.29006052, 17=16337289.938724518}"
/data-nonraid/maroulis/data/taxi_data/yellow_tripdata_2014_cleaned.csv,16,2.2978515625,"SELECT sum(CAST(column12 AS FLOAT)) as sum_column12, avg(CAST(column12 AS FLOAT)) as avg_column12, sum(CAST(column17 AS FLOAT)) as sum_column17, avg(CAST(column17 AS FLOAT)) as avg_column17 FROM query_table WHERE CAST(column05 AS FLOAT) > CAST(-73.98487 AS FLOAT) AND CAST(column05 AS FLOAT) < CAST(-73.97862 AS FLOAT) AND CAST(column06 AS FLOAT) > CAST(40.756466 AS FLOAT) AND CAST(column06 AS FLOAT) < CAST(40.759594 AS FLOAT) AND column12 >= 0.0 AND column12 <= 400.0 AND column04 <= 1000.0;",0.01,"{null={12=Stats{sum=14080500.900081158, avg=12.203091831136327}, 17=Stats{sum=16961087.41069746, avg=14.699598309565705}}}","{12=14080500.900081158, 17=16961087.41069746}"
/data-nonraid/maroulis/data/taxi_data/yellow_tripdata_2014_cleaned.csv,17,2.0911238193511963,"SELECT sum(CAST(column12 AS FLOAT)) as sum_column12, avg(CAST(column12 AS FLOAT)) as avg_column12, sum(CAST(column17 AS FLOAT)) as sum_column17, avg(CAST(column17 AS FLOAT)) as avg_column17 FROM query_table WHERE CAST(column05 AS FLOAT) > CAST(-73.98393 AS FLOAT) AND CAST(column05 AS FLOAT) < CAST(-73.977684 AS FLOAT) AND CAST(column06 AS FLOAT) > CAST(40.756466 AS FLOAT) AND CAST(column06 AS FLOAT) < CAST(40.759594 AS FLOAT) AND column12 >= 0.0 AND column12 <= 400.0 AND column04 <= 1000.0;",0.01,"{null={12=Stats{sum=13719616.130057335, avg=11.680563517869833}, 17=Stats{sum=16537626.406935215, avg=14.079752221187036}}}","{12=13719616.130057335, 17=16537626.406935215}"
/data-nonraid/maroulis/data/taxi_data/yellow_tripdata_2014_cleaned.csv,18,2.5018887519836426,"SELECT sum(CAST(column12 AS FLOAT)) as sum_column12, avg(CAST(column12 AS FLOAT)) as avg_column12, sum(CAST(column17 AS FLOAT)) as sum_column17, avg(CAST(column17 AS FLOAT)) as avg_column17 FROM query_table WHERE CAST(column05 AS FLOAT) > CAST(-73.98393 AS FLOAT) AND CAST(column05 AS FLOAT) < CAST(-73.977684 AS FLOAT) AND CAST(column06 AS FLOAT) > CAST(40.756092 AS FLOAT) AND CAST(column06 AS FLOAT) < CAST(40.75922 AS FLOAT) AND column12 >= 0.0 AND column12 <= 400.0 AND column04 <= 1000.0;",0.01,"{null={12=Stats{sum=14092467.310069084, avg=11.65928041994942}, 17=Stats{sum=16983139.580790043, avg=14.050853014368473}}}","{12=14092467.310069084, 17=16983139.580790043}"
/data-nonraid/maroulis/data/taxi_data/yellow_tripdata_2014_cleaned.csv,19,1.717806100845337,"SELECT sum(CAST(column12 AS FLOAT)) as sum_column12, avg(CAST(column12 AS FLOAT)) as avg_column12, sum(CAST(column17 AS FLOAT)) as sum_column17, avg(CAST(column17 AS FLOAT)) as avg_column17 FROM query_table WHERE CAST(column05 AS FLOAT) > CAST(-73.98462 AS FLOAT) AND CAST(column05 AS FLOAT) < CAST(-73.97837 AS FLOAT) AND CAST(column06 AS FLOAT) > CAST(40.75575 AS FLOAT) AND CAST(column06 AS FLOAT) < CAST(40.758877 AS FLOAT) AND column12 >= 0.0 AND column12 <= 400.0 AND column04 <= 1000.0;",0.01,"{null={12=Stats{sum=14038214.24007988, avg=12.052152140928426}, 17=Stats{sum=16925795.301651, avg=14.531211491223733}}}","{12=14038214.24007988, 17=16925795.301651}"
/data-nonraid/maroulis/data/taxi_data/yellow_tripdata_2014_cleaned.csv,20,1.761401891708374,"SELECT sum(CAST(column12 AS FLOAT)) as sum_column12, avg(CAST(column12 AS FLOAT)) as avg_column12, sum(CAST(column17 AS FLOAT)) as sum_column17, avg(CAST(column17 AS FLOAT)) as avg_column17 FROM query_table WHERE CAST(column05 AS FLOAT) > CAST(-73.98362 AS FLOAT) AND CAST(column05 AS FLOAT) < CAST(-73.97737 AS FLOAT) AND CAST(column06 AS FLOAT) > CAST(40.75525 AS FLOAT) AND CAST(column06 AS FLOAT) < CAST(40.758377 AS FLOAT) AND column12 >= 0.0 AND column12 <= 400.0 AND column04 <= 1000.0;",0.01,"{null={12=Stats{sum=15498300.950077057, avg=11.595508043733368}, 17=Stats{sum=18668890.71035576, avg=13.967677689110369}}}","{12=15498300.950077057, 17=18668890.71035576}"
/data-nonraid/maroulis/data/taxi_data/yellow_tripdata_2014_cleaned.csv,21,1.9602632522583008,"SELECT sum(CAST(column12 AS FLOAT)) as sum_column12, avg(CAST(column12 AS FLOAT)) as avg_column12, sum(CAST(column17 AS FLOAT)) as sum_column17, avg(CAST(column17 AS FLOAT)) as avg_column17 FROM query_table WHERE CAST(column05 AS FLOAT) > CAST(-73.98456 AS FLOAT) AND CAST(column05 AS FLOAT) < CAST(-73.97831 AS FLOAT) AND CAST(column06 AS FLOAT) > CAST(40.75525 AS FLOAT) AND CAST(column06 AS FLOAT) < CAST(40.758377 AS FLOAT) AND column12 >= 0.0 AND column12 <= 400.0 AND column04 <= 1000.0;",0.01,"{null={12=Stats{sum=15020169.810091019, avg=12.01816451424282}, 17=Stats{sum=18133784.247962236, avg=14.509476598019535}}}","{12=15020169.810091019, 17=18133784.247962236}"
/data-nonraid/maroulis/data/taxi_data/yellow_tripdata_2014_cleaned.csv,22,1.8167462348937988,"SELECT sum(CAST(column12 AS FLOAT)) as sum_column12, avg(CAST(column12 AS FLOAT)) as avg_column12, sum(CAST(column17 AS FLOAT)) as sum_column17, avg(CAST(column17 AS FLOAT)) as avg_column17 FROM query_table WHERE CAST(column05 AS FLOAT) > CAST(-73.98575 AS FLOAT) AND CAST(column05 AS FLOAT) < CAST(-73.9795 AS FLOAT) AND CAST(column06 AS FLOAT) > CAST(40.754654 AS FLOAT) AND CAST(column06 AS FLOAT) < CAST(40.757782 AS FLOAT) AND column12 >= 0.0 AND column12 <= 400.0 AND column04 <= 1000.0;",0.01,"{null={12=Stats{sum=15942340.220096359, avg=12.165732026965468}, 17=Stats{sum=19321813.76628232, avg=14.744636315012874}}}","{12=15942340.220096359, 17=19321813.76628232}"
/data-nonraid/maroulis/data/taxi_data/yellow_tripdata_2014_cleaned.csv,23,1.908738136291504,"SELECT sum(CAST(column12 AS FLOAT)) as sum_column12, avg(CAST(column12 AS FLOAT)) as avg_column12, sum(CAST(column17 AS FLOAT)) as sum_column17, avg(CAST(column17 AS FLOAT)) as avg_column17 FROM query_table WHERE CAST(column05 AS FLOAT) > CAST(-73.98575 AS FLOAT) AND CAST(column05 AS FLOAT) < CAST(-73.9795 AS FLOAT) AND CAST(column06 AS FLOAT) > CAST(40.75403 AS FLOAT) AND CAST(column06 AS FLOAT) < CAST(40.757156 AS FLOAT) AND column12 >= 0.0 AND column12 <= 400.0 AND column04 <= 1000.0;",0.01,"{null={12=Stats{sum=15581689.790086756, avg=11.895309565209272}, 17=Stats{sum=18938857.16904545, avg=14.458224484767142}}}","{12=15581689.790086756, 17=18938857.16904545}"
/data-nonraid/maroulis/data/taxi_data/yellow_tripdata_2014_cleaned.csv,24,1.6691820621490479,"SELECT sum(CAST(column12 AS FLOAT)) as sum_column12, avg(CAST(column12 AS FLOAT)) as avg_column12, sum(CAST(column17 AS FLOAT)) as sum_column17, avg(CAST(column17 AS FLOAT)) as avg_column17 FROM query_table WHERE CAST(column05 AS FLOAT) > CAST(-73.987 AS FLOAT) AND CAST(column05 AS FLOAT) < CAST(-73.98075 AS FLOAT) AND CAST(column06 AS FLOAT) > CAST(40.75403 AS FLOAT) AND CAST(column06 AS FLOAT) < CAST(40.757156 AS FLOAT) AND column12 >= 0.0 AND column12 <= 400.0 AND column04 <= 1000.0;",0.01,"{null={12=Stats{sum=16374922.460084448, avg=11.902775820484536}, 17=Stats{sum=19875106.420021057, avg=14.44702634180068}}}","{12=16374922.460084448, 17=19875106.420021057}"
/data-nonraid/maroulis/data/taxi_data/yellow_tripdata_2014_cleaned.csv,25,1.8791282176971436,"SELECT sum(CAST(column12 AS FLOAT)) as sum_column12, avg(CAST(column12 AS FLOAT)) as avg_column12, sum(CAST(column17 AS FLOAT)) as sum_column17, avg(CAST(column17 AS FLOAT)) as avg_column17 FROM query_table WHERE CAST(column05 AS FLOAT) > CAST(-73.987 AS FLOAT) AND CAST(column05 AS FLOAT) < CAST(-73.98075 AS FLOAT) AND CAST(column06 AS FLOAT) > CAST(40.753498 AS FLOAT) AND CAST(column06 AS FLOAT) < CAST(40.756626 AS FLOAT) AND column12 >= 0.0 AND column12 <= 400.0 AND column04 <= 1000.0;",0.01,"{null={12=Stats{sum=14773251.200084219, avg=11.773231634640126}, 17=Stats{sum=17985424.450021505, avg=14.333105504644506}}}","{12=14773251.200084219, 17=17985424.450021505}"
/data-nonraid/maroulis/data/taxi_data/yellow_tripdata_2014_cleaned.csv,26,1.8096332550048828,"SELECT sum(CAST(column12 AS FLOAT)) as sum_column12, avg(CAST(column12 AS FLOAT)) as avg_column12, sum(CAST(column17 AS FLOAT)) as sum_column17, avg(CAST(column17 AS FLOAT)) as avg_column17 FROM query_table WHERE CAST(column05 AS FLOAT) > CAST(-73.98594 AS FLOAT) AND CAST(column05 AS FLOAT) < CAST(-73.97969 AS FLOAT) AND CAST(column06 AS FLOAT) > CAST(40.753498 AS FLOAT) AND CAST(column06 AS FLOAT) < CAST(40.756626 AS FLOAT) AND column12 >= 0.0 AND column12 <= 400.0 AND column04 <= 1000.0;",0.01,"{null={12=Stats{sum=14837071.390092382, avg=11.682521804795963}, 17=Stats{sum=18073873.0614326, avg=14.231138382086467}}}","{12=14837071.390092382, 17=18073873.0614326}"
/data-nonraid/maroulis/data/taxi_data/yellow_tripdata_2014_cleaned.csv,27,1.6833651065826416,"SELECT sum(CAST(column12 AS FLOAT)) as sum_column12, avg(CAST(column12 AS FLOAT)) as avg_column12, sum(CAST(column17 AS FLOAT)) as sum_column17, avg(CAST(column17 AS FLOAT)) as avg_column17 FROM query_table WHERE CAST(column05 AS FLOAT) > CAST(-73.98475 AS FLOAT) AND CAST(column05 AS FLOAT) < CAST(-73.9785 AS FLOAT) AND CAST(column06 AS FLOAT) > CAST(40.753498 AS FLOAT) AND CAST(column06 AS FLOAT) < CAST(40.756626 AS FLOAT) AND column12 >= 0.0 AND column12 <= 400.0 AND column04 <= 1000.0;",0.01,"{null={12=Stats{sum=15779384.000088463, avg=11.45671834256523}, 17=Stats{sum=19190527.680950165, avg=13.933400092463367}}}","{12=15779384.000088463, 17=19190527.680950165}"
/data-nonraid/maroulis/data/taxi_data/yellow_tripdata_2014_cleaned.csv,28,1.9927778244018555,"SELECT sum(CAST(column12 AS FLOAT)) as sum_column12, avg(CAST(column12 AS FLOAT)) as avg_column12, sum(CAST(column17 AS FLOAT)) as sum_column17, avg(CAST(column17 AS FLOAT)) as avg_column17 FROM query_table WHERE CAST(column05 AS FLOAT) > CAST(-73.986 AS FLOAT) AND CAST(column05 AS FLOAT) < CAST(-73.97975 AS FLOAT) AND CAST(column06 AS FLOAT) > CAST(40.753498 AS FLOAT) AND CAST(column06 AS FLOAT) < CAST(40.756626 AS FLOAT) AND column12 >= 0.0 AND column12 <= 400.0 AND column04 <= 1000.0;",0.01,"{null={12=Stats{sum=14792259.390092382, avg=11.694687509461353}, 17=Stats{sum=18020043.941367865, avg=14.246558097960948}}}","{12=14792259.390092382, 17=18020043.941367865}"
/data-nonraid/maroulis/data/taxi_data/yellow_tripdata_2014_cleaned.csv,29,1.7618217468261719,"SELECT sum(CAST(column12 AS FLOAT)) as sum_column12, avg(CAST(column12 AS FLOAT)) as avg_column12, sum(CAST(column17 AS FLOAT)) as sum_column17, avg(CAST(column17 AS FLOAT)) as avg_column17 FROM query_table WHERE CAST(column05 AS FLOAT) > CAST(-73.98512 AS FLOAT) AND CAST(column05 AS FLOAT) < CAST(-73.978874 AS FLOAT) AND CAST(column06 AS FLOAT) > CAST(40.753498 AS FLOAT) AND CAST(column06 AS FLOAT) < CAST(40.756626 AS FLOAT) AND column12 >= 0.0 AND column12 <= 400.0 AND column04 <= 1000.0;",0.01,"{null={12=Stats{sum=15619510.090086708, avg=11.520053110502095}, 17=Stats{sum=19007947.161345482, avg=14.01916958709823}}}","{12=15619510.090086708, 17=19007947.161345482}"
/data-nonraid/maroulis/data/taxi_data/yellow_tripdata_2014_cleaned.csv,30,1.6055161952972412,"SELECT sum(CAST(column12 AS FLOAT)) as sum_column12, avg(CAST(column12 AS FLOAT)) as avg_column12, sum(CAST(column17 AS FLOAT)) as sum_column17, avg(CAST(column17 AS FLOAT)) as avg_column17 FROM query_table WHERE CAST(column05 AS FLOAT) > CAST(-73.984436 AS FLOAT) AND CAST(column05 AS FLOAT) < CAST(-73.97819 AS FLOAT) AND CAST(column06 AS FLOAT) > CAST(40.753498 AS FLOAT) AND CAST(column06 AS FLOAT) < CAST(40.756626 AS FLOAT) AND column12 >= 0.0 AND column12 <= 400.0 AND column04 <= 1000.0;",0.01,"{null={12=Stats{sum=15615247.49008728, avg=11.424759831493704}, 17=Stats{sum=18978621.180093527, avg=13.88554289985552}}}","{12=15615247.49008728, 17=18978621.180093527}"
/data-nonraid/maroulis/data/taxi_data/yellow_tripdata_2014_cleaned.csv,31,1.7819325923919678,"SELECT sum(CAST(column12 AS FLOAT)) as sum_column12, avg(CAST(column12 AS FLOAT)) as avg_column12, sum(CAST(column17 AS FLOAT)) as sum_column17, avg(CAST(column17 AS FLOAT)) as avg_column17 FROM query_table WHERE CAST(column05 AS FLOAT) > CAST(-73.985435 AS FLOAT) AND CAST(column05 AS FLOAT) < CAST(-73.97919 AS FLOAT) AND CAST(column06 AS FLOAT) > CAST(40.753498 AS FLOAT) AND CAST(column06 AS FLOAT) < CAST(40.756626 AS FLOAT) AND column12 >= 0.0 AND column12 <= 400.0 AND column04 <= 1000.0;",0.01,"{null={12=Stats{sum=15243673.270084152, avg=11.586974688929088}, 17=Stats{sum=18560380.39096856, avg=14.108060045415895}}}","{12=15243673.270084152, 17=18560380.39096856}"
/data-nonraid/maroulis/data/taxi_data/yellow_tripdata_2014_cleaned.csv,32,1.625641107559204,"SELECT sum(CAST(column12 AS FLOAT)) as sum_column12, avg(CAST(column12 AS FLOAT)) as avg_column12, sum(CAST(column17 AS FLOAT)) as sum_column17, avg(CAST(column17 AS FLOAT)) as avg_column17 FROM query_table WHERE CAST(column05 AS FLOAT) > CAST(-73.98463 AS FLOAT) AND CAST(column05 AS FLOAT) < CAST(-73.97838 AS FLOAT) AND CAST(column06 AS FLOAT) > CAST(40.753498 AS FLOAT) AND CAST(column06 AS FLOAT) < CAST(40.756626 AS FLOAT) AND column12 >= 0.0 AND column12 <= 400.0 AND column04 <= 1000.0;",0.01,"{null={12=Stats{sum=15744525.090087662, avg=11.443971974024898}, 17=Stats{sum=19143112.00065732, avg=13.914248665973723}}}","{12=15744525.090087662, 17=19143112.00065732}"
/data-nonraid/maroulis/data/taxi_data/yellow_tripdata_2014_cleaned.csv,33,1.7152915000915527,"SELECT sum(CAST(column12 AS FLOAT)) as sum_column12, avg(CAST(column12 AS FLOAT)) as avg_column12, sum(CAST(column17 AS FLOAT)) as sum_column17, avg(CAST(column17 AS FLOAT)) as avg_column17 FROM query_table WHERE CAST(column05 AS FLOAT) > CAST(-73.985504 AS FLOAT) AND CAST(column05 AS FLOAT) < CAST(-73.979256 AS FLOAT) AND CAST(column06 AS FLOAT) > CAST(40.753498 AS FLOAT) AND CAST(column06 AS FLOAT) < CAST(40.756626 AS FLOAT) AND column12 >= 0.0 AND column12 <= 400.0 AND column04 <= 1000.0;",0.01,"{null={12=Stats{sum=15165764.750087509, avg=11.600590173757222}, 17=Stats{sum=18468120.480807066, avg=14.126626682388618}}}","{12=15165764.750087509, 17=18468120.480807066}"
/data-nonraid/maroulis/data/taxi_data/yellow_tripdata_2014_cleaned.csv,34,1.7162179946899414,"SELECT sum(CAST(column12 AS FLOAT)) as sum_column12, avg(CAST(column12 AS FLOAT)) as avg_column12, sum(CAST(column17 AS FLOAT)) as sum_column17, avg(CAST(column17 AS FLOAT)) as avg_column17 FROM query_table WHERE CAST(column05 AS FLOAT) > CAST(-73.98482 AS FLOAT) AND CAST(column05 AS FLOAT) < CAST(-73.97857 AS FLOAT) AND CAST(column06 AS FLOAT) > CAST(40.753498 AS FLOAT) AND CAST(column06 AS FLOAT) < CAST(40.756626 AS FLOAT) AND column12 >= 0.0 AND column12 <= 400.0 AND column04 <= 1000.0;",0.01,"{null={12=Stats{sum=15774439.340086708, avg=11.469391697164365}, 17=Stats{sum=19186434.421200752, avg=13.950209380151504}}}","{12=15774439.340086708, 17=19186434.421200752}"
/data-nonraid/maroulis/data/taxi_data/yellow_tripdata_2014_cleaned.csv,35,1.6329736709594727,"SELECT sum(CAST(column12 AS FLOAT)) as sum_column12, avg(CAST(column12 AS FLOAT)) as avg_column12, sum(CAST(column17 AS FLOAT)) as sum_column17, avg(CAST(column17 AS FLOAT)) as avg_column17 FROM query_table WHERE CAST(column05 AS FLOAT) > CAST(-73.98419 AS FLOAT) AND CAST(column05 AS FLOAT) < CAST(-73.97794 AS FLOAT) AND CAST(column06 AS FLOAT) > CAST(40.753498 AS FLOAT) AND CAST(column06 AS FLOAT) < CAST(40.756626 AS FLOAT) AND column12 >= 0.0 AND column12 <= 400.0 AND column04 <= 1000.0;",0.01,"{null={12=Stats{sum=15347601.990089187, avg=11.41326643699427}, 17=Stats{sum=18636335.719257355, avg=13.858938035434512}}}","{12=15347601.990089187, 17=18636335.719257355}"
/data-nonraid/maroulis/data/taxi_data/yellow_tripdata_2014_cleaned.csv,36,1.7068064212799072,"SELECT sum(CAST(column12 AS FLOAT)) as sum_column12, avg(CAST(column12 AS FLOAT)) as avg_column12, sum(CAST(column17 AS FLOAT)) as sum_column17, avg(CAST(column17 AS FLOAT)) as avg_column17 FROM query_table WHERE CAST(column05 AS FLOAT) > CAST(-73.983505 AS FLOAT) AND CAST(column05 AS FLOAT) < CAST(-73.97726 AS FLOAT) AND CAST(column06 AS FLOAT) > CAST(40.75384 AS FLOAT) AND CAST(column06 AS FLOAT) < CAST(40.75697 AS FLOAT) AND column12 >= 0.0 AND column12 <= 400.0 AND column04 <= 1000.0;",0.01,"{null={12=Stats{sum=14771564.240061054, avg=11.521499118282186}, 17=Stats{sum=17875346.120395906, avg=13.942381539159125}}}","{12=14771564.240061054, 17=17875346.120395906}"
/data-nonraid/maroulis/data/taxi_data/yellow_tripdata_2014_cleaned.csv,37,1.7288761138916016,"SELECT sum(CAST(column12 AS FLOAT)) as sum_column12, avg(CAST(column12 AS FLOAT)) as avg_column12, sum(CAST(column17 AS FLOAT)) as sum_column17, avg(CAST(column17 AS FLOAT)) as avg_column17 FROM query_table WHERE CAST(column05 AS FLOAT) > CAST(-73.983505 AS FLOAT) AND CAST(column05 AS FLOAT) < CAST(-73.97726 AS FLOAT) AND CAST(column06 AS FLOAT) > CAST(40.753216 AS FLOAT) AND CAST(column06 AS FLOAT) < CAST(40.756344 AS FLOAT) AND column12 >= 0.0 AND column12 <= 400.0 AND column04 <= 1000.0;",0.01,"{null={12=Stats{sum=15346322.910053024, avg=11.281970480508777}, 17=Stats{sum=18598732.36731673, avg=13.673004977986968}}}","{12=15346322.910053024, 17=18598732.36731673}"
/data-nonraid/maroulis/data/taxi_data/yellow_tripdata_2014_cleaned.csv,38,1.5204441547393799,"SELECT sum(CAST(column12 AS FLOAT)) as sum_column12, avg(CAST(column12 AS FLOAT)) as avg_column12, sum(CAST(column17 AS FLOAT)) as sum_column17, avg(CAST(column17 AS FLOAT)) as avg_column17 FROM query_table WHERE CAST(column05 AS FLOAT) > CAST(-73.98419 AS FLOAT) AND CAST(column05 AS FLOAT) < CAST(-73.97794 AS FLOAT) AND CAST(column06 AS FLOAT) > CAST(40.753216 AS FLOAT) AND CAST(column06 AS FLOAT) < CAST(40.756344 AS FLOAT) AND column12 >= 0.0 AND column12 <= 400.0 AND column04 <= 1000.0;",0.01,"{null={12=Stats{sum=15251960.090072403, avg=11.3259288036473}, 17=Stats{sum=18533170.916679144, avg=13.762517936613502}}}","{12=15251960.090072403, 17=18533170.916679144}"
/data-nonraid/maroulis/data/taxi_data/yellow_tripdata_2014_cleaned.csv,39,1.6021459102630615,"SELECT sum(CAST(column12 AS FLOAT)) as sum_column12, avg(CAST(column12 AS FLOAT)) as avg_column12, sum(CAST(column17 AS FLOAT)) as sum_column17, avg(CAST(column17 AS FLOAT)) as avg_column17 FROM query_table WHERE CAST(column05 AS FLOAT) > CAST(-73.98419 AS FLOAT) AND CAST(column05 AS FLOAT) < CAST(-73.97794 AS FLOAT) AND CAST(column06 AS FLOAT) > CAST(40.752747 AS FLOAT) AND CAST(column06 AS FLOAT) < CAST(40.755875 AS FLOAT) AND column12 >= 0.0 AND column12 <= 400.0 AND column04 <= 1000.0;",0.01,"{null={12=Stats{sum=15109707.520069847, avg=11.225078335677084}, 17=Stats{sum=18402944.823096752, avg=13.671641027598739}}}","{12=15109707.520069847, 17=18402944.823096752}"
/data-nonraid/maroulis/data/taxi_data/yellow_tripdata_2014_cleaned.csv,40,1.8197441101074219,"SELECT sum(CAST(column12 AS FLOAT)) as sum_column12, avg(CAST(column12 AS FLOAT)) as avg_column12, sum(CAST(column17 AS FLOAT)) as sum_column17, avg(CAST(column17 AS FLOAT)) as avg_column17 FROM query_table WHERE CAST(column05 AS FLOAT) > CAST(-73.98419 AS FLOAT) AND CAST(column05 AS FLOAT) < CAST(-73.97794 AS FLOAT) AND CAST(column06 AS FLOAT) > CAST(40.752308 AS FLOAT) AND CAST(column06 AS FLOAT) < CAST(40.755436 AS FLOAT) AND column12 >= 0.0 AND column12 <= 400.0 AND column04 <= 1000.0;",0.01,"{null={12=Stats{sum=16573081.51004507, avg=11.169590872727454}, 17=Stats{sum=20199048.523600824, avg=13.613346913803792}}}","{12=16573081.51004507, 17=20199048.523600824}"
/data-nonraid/maroulis/data/taxi_data/yellow_tripdata_2014_cleaned.csv,41,1.9616496562957764,"SELECT sum(CAST(column12 AS FLOAT)) as sum_column12, avg(CAST(column12 AS FLOAT)) as avg_column12, sum(CAST(column17 AS FLOAT)) as sum_column17, avg(CAST(column17 AS FLOAT)) as avg_column17 FROM query_table WHERE CAST(column05 AS FLOAT) > CAST(-73.98419 AS FLOAT) AND CAST(column05 AS FLOAT) < CAST(-73.97794 AS FLOAT) AND CAST(column06 AS FLOAT) > CAST(40.752716 AS FLOAT) AND CAST(column06 AS FLOAT) < CAST(40.755844 AS FLOAT) AND column12 >= 0.0 AND column12 <= 400.0 AND column04 <= 1000.0;",0.01,"{null={12=Stats{sum=15128362.640068302, avg=11.220914725961466}, 17=Stats{sum=18429609.312936783, avg=13.669494806102511}}}","{12=15128362.640068302, 17=18429609.312936783}"
/data-nonraid/maroulis/data/taxi_data/yellow_tripdata_2014_cleaned.csv,42,1.5434331893920898,"SELECT sum(CAST(column12 AS FLOAT)) as sum_column12, avg(CAST(column12 AS FLOAT)) as avg_column12, sum(CAST(column17 AS FLOAT)) as sum_column17, avg(CAST(column17 AS FLOAT)) as avg_column17 FROM query_table WHERE CAST(column05 AS FLOAT) > CAST(-73.98494 AS FLOAT) AND CAST(column05 AS FLOAT) < CAST(-73.97869 AS FLOAT) AND CAST(column06 AS FLOAT) > CAST(40.752716 AS FLOAT) AND CAST(column06 AS FLOAT) < CAST(40.755844 AS FLOAT) AND column12 >= 0.0 AND column12 <= 400.0 AND column04 <= 1000.0;",0.01,"{null={12=Stats{sum=14761436.650067577, avg=11.27892265449709}, 17=Stats{sum=18027147.642544985, avg=13.77418802529181}}}","{12=14761436.650067577, 17=18027147.642544985}"
/data-nonraid/maroulis/data/taxi_data/yellow_tripdata_2014_cleaned.csv,43,2.1983659267425537,"SELECT sum(CAST(column12 AS FLOAT)) as sum_column12, avg(CAST(column12 AS FLOAT)) as avg_column12, sum(CAST(column17 AS FLOAT)) as sum_column17, avg(CAST(column17 AS FLOAT)) as avg_column17 FROM query_table WHERE CAST(column05 AS FLOAT) > CAST(-73.98569 AS FLOAT) AND CAST(column05 AS FLOAT) < CAST(-73.97944 AS FLOAT) AND CAST(column06 AS FLOAT) > CAST(40.752716 AS FLOAT) AND CAST(column06 AS FLOAT) < CAST(40.755844 AS FLOAT) AND column12 >= 0.0 AND column12 <= 400.0 AND column04 <= 1000.0;",0.01,"{null={12=Stats{sum=14402579.550080786, avg=11.387733930619046}, 17=Stats{sum=17593129.643754005, avg=13.910416442645754}}}","{12=14402579.550080786, 17=17593129.643754005}"
/data-nonraid/maroulis/data/taxi_data/yellow_tripdata_2014_cleaned.csv,44,1.526759147644043,"SELECT sum(CAST(column12 AS FLOAT)) as sum_column12, avg(CAST(column12 AS FLOAT)) as avg_column12, sum(CAST(column17 AS FLOAT)) as sum_column17, avg(CAST(column17 AS FLOAT)) as avg_column17 FROM query_table WHERE CAST(column05 AS FLOAT) > CAST(-73.984566 AS FLOAT) AND CAST(column05 AS FLOAT) < CAST(-73.97832 AS FLOAT) AND CAST(column06 AS FLOAT) > CAST(40.752716 AS FLOAT) AND CAST(column06 AS FLOAT) < CAST(40.755844 AS FLOAT) AND column12 >= 0.0 AND column12 <= 400.0 AND column04 <= 1000.0;",0.01,"{null={12=Stats{sum=14859479.390069256, avg=11.246292899805534}, 17=Stats{sum=18133171.932201385, avg=13.723964171204988}}}","{12=14859479.390069256, 17=18133171.932201385}"
/data-nonraid/maroulis/data/taxi_data/yellow_tripdata_2014_cleaned.csv,45,1.7128078937530518,"SELECT sum(CAST(column12 AS FLOAT)) as sum_column12, avg(CAST(column12 AS FLOAT)) as avg_column12, sum(CAST(column17 AS FLOAT)) as sum_column17, avg(CAST(column17 AS FLOAT)) as avg_column17 FROM query_table WHERE CAST(column05 AS FLOAT) > CAST(-73.984566 AS FLOAT) AND CAST(column05 AS FLOAT) < CAST(-73.97832 AS FLOAT) AND CAST(column06 AS FLOAT) > CAST(40.752403 AS FLOAT) AND CAST(column06 AS FLOAT) < CAST(40.75553 AS FLOAT) AND column12 >= 0.0 AND column12 <= 400.0 AND column04 <= 1000.0;",0.01,"{null={12=Stats{sum=14735495.450047512, avg=11.210013472900988}, 17=Stats{sum=18027362.02983404, avg=13.71429769160912}}}","{12=14735495.450047512, 17=18027362.02983404}"
/data-nonraid/maroulis/data/taxi_data/yellow_tripdata_2014_cleaned.csv,46,1.8973829746246338,"SELECT sum(CAST(column12 AS FLOAT)) as sum_column12, avg(CAST(column12 AS FLOAT)) as avg_column12, sum(CAST(column17 AS FLOAT)) as sum_column17, avg(CAST(column17 AS FLOAT)) as avg_column17 FROM query_table WHERE CAST(column05 AS FLOAT) > CAST(-73.98525 AS FLOAT) AND CAST(column05 AS FLOAT) < CAST(-73.979004 AS FLOAT) AND CAST(column06 AS FLOAT) > CAST(40.752403 AS FLOAT) AND CAST(column06 AS FLOAT) < CAST(40.75553 AS FLOAT) AND column12 >= 0.0 AND column12 <= 400.0 AND column04 <= 1000.0;",0.01,"{null={12=Stats{sum=14238836.920038242, avg=11.263049213450826}, 17=Stats{sum=17439578.399580963, avg=13.794864768757169}}}","{12=14238836.920038242, 17=17439578.399580963}"
/data-nonraid/maroulis/data/taxi_data/yellow_tripdata_2014_cleaned.csv,47,1.5208628177642822,"SELECT sum(CAST(column12 AS FLOAT)) as sum_column12, avg(CAST(column12 AS FLOAT)) as avg_column12, sum(CAST(column17 AS FLOAT)) as sum_column17, avg(CAST(column17 AS FLOAT)) as avg_column17 FROM query_table WHERE CAST(column05 AS FLOAT) > CAST(-73.986 AS FLOAT) AND CAST(column05 AS FLOAT) < CAST(-73.97975 AS FLOAT) AND CAST(column06 AS FLOAT) > CAST(40.752403 AS FLOAT) AND CAST(column06 AS FLOAT) < CAST(40.75553 AS FLOAT) AND column12 >= 0.0 AND column12 <= 400.0 AND column04 <= 1000.0;",0.01,"{null={12=Stats{sum=13651067.080058107, avg=11.368405033401434}, 17=Stats{sum=16687818.251729965, avg=13.897366110418945}}}","{12=13651067.080058107, 17=16687818.251729965}"
/data-nonraid/maroulis/data/taxi_data/yellow_tripdata_2014_cleaned.csv,48,2.1375701427459717,"SELECT sum(CAST(column12 AS FLOAT)) as sum_column12, avg(CAST(column12 AS FLOAT)) as avg_column12, sum(CAST(column17 AS FLOAT)) as sum_column17, avg(CAST(column17 AS FLOAT)) as avg_column17 FROM query_table WHERE CAST(column05 AS FLOAT) > CAST(-73.98694 AS FLOAT) AND CAST(column05 AS FLOAT) < CAST(-73.98069 AS FLOAT) AND CAST(column06 AS FLOAT) > CAST(40.752403 AS FLOAT) AND CAST(column06 AS FLOAT) < CAST(40.75553 AS FLOAT) AND column12 >= 0.0 AND column12 <= 400.0 AND column04 <= 1000.0;",0.01,"{null={12=Stats{sum=12219526.92005063, avg=11.47698870482581}, 17=Stats{sum=14947692.747664452, avg=14.039373369410342}}}","{12=12219526.92005063, 17=14947692.747664452}"
/data-nonraid/maroulis/data/taxi_data/yellow_tripdata_2014_cleaned.csv,49,1.552851915359497,"SELECT sum(CAST(column12 AS FLOAT)) as sum_column12, avg(CAST(column12 AS FLOAT)) as avg_column12, sum(CAST(column17 AS FLOAT)) as sum_column17, avg(CAST(column17 AS FLOAT)) as avg_column17 FROM query_table WHERE CAST(column05 AS FLOAT) > CAST(-73.987625 AS FLOAT) AND CAST(column05 AS FLOAT) < CAST(-73.98138 AS FLOAT) AND CAST(column06 AS FLOAT) > CAST(40.752403 AS FLOAT) AND CAST(column06 AS FLOAT) < CAST(40.75553 AS FLOAT) AND column12 >= 0.0 AND column12 <= 400.0 AND column04 <= 1000.0;",0.01,"{null={12=Stats{sum=11864086.950044641, avg=11.462919167924777}, 17=Stats{sum=14510912.564151764, avg=14.020246014386286}}}","{12=11864086.950044641, 17=14510912.564151764}"
/data-nonraid/maroulis/data/taxi_data/yellow_tripdata_2014_cleaned.csv,50,1.4917354583740234,"SELECT sum(CAST(column12 AS FLOAT)) as sum_column12, avg(CAST(column12 AS FLOAT)) as avg_column12, sum(CAST(column17 AS FLOAT)) as sum_column17, avg(CAST(column17 AS FLOAT)) as avg_column17 FROM query_table WHERE CAST(column05 AS FLOAT) > CAST(-73.988625 AS FLOAT) AND CAST(column05 AS FLOAT) < CAST(-73.982376 AS FLOAT) AND CAST(column06 AS FLOAT) > CAST(40.751904 AS FLOAT) AND CAST(column06 AS FLOAT) < CAST(40.75503 AS FLOAT) AND column12 >= 0.0 AND column12 <= 400.0 AND column04 <= 1000.0;",0.01,"{null={12=Stats{sum=11649377.590026388, avg=11.30534464707136}, 17=Stats{sum=14219647.24198842, avg=13.799708318158538}}}","{12=11649377.590026388, 17=14219647.24198842}"
/data-nonraid/maroulis/data/taxi_data/yellow_tripdata_2014_cleaned.csv,51,1.565476417541504,"SELECT sum(CAST(column12 AS FLOAT)) as sum_column12, avg(CAST(column12 AS FLOAT)) as avg_column12, sum(CAST(column17 AS FLOAT)) as sum_column17, avg(CAST(column17 AS FLOAT)) as avg_column17 FROM query_table WHERE CAST(column05 AS FLOAT) > CAST(-73.98937 AS FLOAT) AND CAST(column05 AS FLOAT) < CAST(-73.98312 AS FLOAT) AND CAST(column06 AS FLOAT) > CAST(40.751904 AS FLOAT) AND CAST(column06 AS FLOAT) < CAST(40.75503 AS FLOAT) AND column12 >= 0.0 AND column12 <= 400.0 AND column04 <= 1000.0;",0.01,"{null={12=Stats{sum=12519344.520024786, avg=11.187945447889582}, 17=Stats{sum=15271376.242702484, avg=13.647305898824653}}}","{12=12519344.520024786, 17=15271376.242702484}"
/data-nonraid/maroulis/data/taxi_data/yellow_tripdata_2014_cleaned.csv,52,1.925295114517212,"SELECT sum(CAST(column12 AS FLOAT)) as sum_column12, avg(CAST(column12 AS FLOAT)) as avg_column12, sum(CAST(column17 AS FLOAT)) as sum_column17, avg(CAST(column17 AS FLOAT)) as avg_column17 FROM query_table WHERE CAST(column05 AS FLOAT) > CAST(-73.99049 AS FLOAT) AND CAST(column05 AS FLOAT) < CAST(-73.984245 AS FLOAT) AND CAST(column06 AS FLOAT) > CAST(40.751904 AS FLOAT) AND CAST(column06 AS FLOAT) < CAST(40.75503 AS FLOAT) AND column12 >= 0.0 AND column12 <= 400.0 AND column04 <= 1000.0;",0.01,"{null={12=Stats{sum=12322385.420036077, avg=11.069793954867052}, 17=Stats{sum=14998976.24042654, avg=13.474304759652789}}}","{12=12322385.420036077, 17=14998976.24042654}"
/data-nonraid/maroulis/data/taxi_data/yellow_tripdata_2014_cleaned.csv,53,1.4963288307189941,"SELECT sum(CAST(column12 AS FLOAT)) as sum_column12, avg(CAST(column12 AS FLOAT)) as avg_column12, sum(CAST(column17 AS FLOAT)) as sum_column17, avg(CAST(column17 AS FLOAT)) as avg_column17 FROM query_table WHERE CAST(column05 AS FLOAT) > CAST(-73.99143 AS FLOAT) AND CAST(column05 AS FLOAT) < CAST(-73.98518 AS FLOAT) AND CAST(column06 AS FLOAT) > CAST(40.751904 AS FLOAT) AND CAST(column06 AS FLOAT) < CAST(40.75503 AS FLOAT) AND column12 >= 0.0 AND column12 <= 400.0 AND column04 <= 1000.0;",0.01,"{null={12=Stats{sum=10654786.300045729, avg=11.055091150609291}, 17=Stats{sum=12939554.044818401, avg=13.425698590790942}}}","{12=10654786.300045729, 17=12939554.044818401}"
/data-nonraid/maroulis/data/taxi_data/yellow_tripdata_2014_cleaned.csv,54,1.4774422645568848,"SELECT sum(CAST(column12 AS FLOAT)) as sum_column12, avg(CAST(column12 AS FLOAT)) as avg_column12, sum(CAST(column17 AS FLOAT)) as sum_column17, avg(CAST(column17 AS FLOAT)) as avg_column17 FROM query_table WHERE CAST(column05 AS FLOAT) > CAST(-73.99081 AS FLOAT) AND CAST(column05 AS FLOAT) < CAST(-73.98456 AS FLOAT) AND CAST(column06 AS FLOAT) > CAST(40.751904 AS FLOAT) AND CAST(column06 AS FLOAT) < CAST(40.75503 AS FLOAT) AND column12 >= 0.0 AND column12 <= 400.0 AND column04 <= 1000.0;",0.01,"{null={12=Stats{sum=11712722.32003951, avg=11.067979320672382}, 17=Stats{sum=14245951.788636923, avg=13.46176366959217}}}","{12=11712722.32003951, 17=14245951.788636923}"
/data-nonraid/maroulis/data/taxi_data/yellow_tripdata_2014_cleaned.csv,55,1.5600175857543945,"SELECT sum(CAST(column12 AS FLOAT)) as sum_column12, avg(CAST(column12 AS FLOAT)) as avg_column12, sum(CAST(column17 AS FLOAT)) as sum_column17, avg(CAST(column17 AS FLOAT)) as avg_column17 FROM query_table WHERE CAST(column05 AS FLOAT) > CAST(-73.991615 AS FLOAT) AND CAST(column05 AS FLOAT) < CAST(-73.98537 AS FLOAT) AND CAST(column06 AS FLOAT) > CAST(40.751904 AS FLOAT) AND CAST(column06 AS FLOAT) < CAST(40.75503 AS FLOAT) AND column12 >= 0.0 AND column12 <= 400.0 AND column04 <= 1000.0;",0.01,"{null={12=Stats{sum=10604962.060041666, avg=11.038154430673446}, 17=Stats{sum=12868674.703819513, avg=13.394335396453323}}}","{12=10604962.060041666, 17=12868674.703819513}"
/data-nonraid/maroulis/data/taxi_data/yellow_tripdata_2014_cleaned.csv,56,1.469557762145996,"SELECT sum(CAST(column12 AS FLOAT)) as sum_column12, avg(CAST(column12 AS FLOAT)) as avg_column12, sum(CAST(column17 AS FLOAT)) as sum_column17, avg(CAST(column17 AS FLOAT)) as avg_column17 FROM query_table WHERE CAST(column05 AS FLOAT) > CAST(-73.990616 AS FLOAT) AND CAST(column05 AS FLOAT) < CAST(-73.98437 AS FLOAT) AND CAST(column06 AS FLOAT) > CAST(40.751404 AS FLOAT) AND CAST(column06 AS FLOAT) < CAST(40.75453 AS FLOAT) AND column12 >= 0.0 AND column12 <= 400.0 AND column04 <= 1000.0;",0.01,"{null={12=Stats{sum=12609668.520043135, avg=11.162554902484981}, 17=Stats{sum=15314759.083057165, avg=13.557203253299427}}}","{12=12609668.520043135, 17=15314759.083057165}"
/data-nonraid/maroulis/data/taxi_data/yellow_tripdata_2014_cleaned.csv,57,1.5707600116729736,"SELECT sum(CAST(column12 AS FLOAT)) as sum_column12, avg(CAST(column12 AS FLOAT)) as avg_column12, sum(CAST(column17 AS FLOAT)) as sum_column17, avg(CAST(column17 AS FLOAT)) as avg_column17 FROM query_table WHERE CAST(column05 AS FLOAT) > CAST(-73.991806 AS FLOAT) AND CAST(column05 AS FLOAT) < CAST(-73.98556 AS FLOAT) AND CAST(column06 AS FLOAT) > CAST(40.751404 AS FLOAT) AND CAST(column06 AS FLOAT) < CAST(40.75453 AS FLOAT) AND column12 >= 0.0 AND column12 <= 400.0 AND column04 <= 1000.0;",0.01,"{null={12=Stats{sum=10598616.410035133, avg=11.041249042916618}, 17=Stats{sum=12831263.202942848, avg=13.367138414856012}}}","{12=10598616.410035133, 17=12831263.202942848}"
/data-nonraid/maroulis/data/taxi_data/yellow_tripdata_2014_cleaned.csv,58,1.5346229076385498,"SELECT sum(CAST(column12 AS FLOAT)) as sum_column12, avg(CAST(column12 AS FLOAT)) as avg_column12, sum(CAST(column17 AS FLOAT)) as sum_column17, avg(CAST(column17 AS FLOAT)) as avg_column17 FROM query_table WHERE CAST(column05 AS FLOAT) > CAST(-73.991806 AS FLOAT) AND CAST(column05 AS FLOAT) < CAST(-73.98556 AS FLOAT) AND CAST(column06 AS FLOAT) > CAST(40.750935 AS FLOAT) AND CAST(column06 AS FLOAT) < CAST(40.754063 AS FLOAT) AND column12 >= 0.0 AND column12 <= 400.0 AND column04 <= 1000.0;",0.01,"{null={12=Stats{sum=12418918.98004055, avg=10.928904875965976}, 17=Stats{sum=14955135.755064964, avg=13.160827954264416}}}","{12=12418918.98004055, 17=14955135.755064964}"
/data-nonraid/maroulis/data/taxi_data/yellow_tripdata_2014_cleaned.csv,59,1.6533429622650146,"SELECT sum(CAST(column12 AS FLOAT)) as sum_column12, avg(CAST(column12 AS FLOAT)) as avg_column12, sum(CAST(column17 AS FLOAT)) as sum_column17, avg(CAST(column17 AS FLOAT)) as avg_column17 FROM query_table WHERE CAST(column05 AS FLOAT) > CAST(-73.992615 AS FLOAT) AND CAST(column05 AS FLOAT) < CAST(-73.98637 AS FLOAT) AND CAST(column06 AS FLOAT) > CAST(40.750935 AS FLOAT) AND CAST(column06 AS FLOAT) < CAST(40.754063 AS FLOAT) AND column12 >= 0.0 AND column12 <= 400.0 AND column04 <= 1000.0;",0.01,"{null={12=Stats{sum=11403763.990024328, avg=10.903771545792035}, 17=Stats{sum=13697549.35813284, avg=13.096987018403928}}}","{12=11403763.990024328, 17=13697549.35813284}"
/data-nonraid/maroulis/data/taxi_data/yellow_tripdata_2014_cleaned.csv,60,1.4401698112487793,"SELECT sum(CAST(column12 AS FLOAT)) as sum_column12, avg(CAST(column12 AS FLOAT)) as avg_column12, sum(CAST(column17 AS FLOAT)) as sum_column17, avg(CAST(column17 AS FLOAT)) as avg_column17 FROM query_table WHERE CAST(column05 AS FLOAT) > CAST(-73.993805 AS FLOAT) AND CAST(column05 AS FLOAT) < CAST(-73.98756 AS FLOAT) AND CAST(column06 AS FLOAT) > CAST(40.750935 AS FLOAT) AND CAST(column06 AS FLOAT) < CAST(40.754063 AS FLOAT) AND column12 >= 0.0 AND column12 <= 400.0 AND column04 <= 1000.0;",0.01,"{null={12=Stats{sum=14182072.280035276, avg=11.16912313146159}, 17=Stats{sum=16980666.507453926, avg=13.373162351106492}}}","{12=14182072.280035276, 17=16980666.507453926}"
/data-nonraid/maroulis/data/taxi_data/yellow_tripdata_2014_cleaned.csv,61,1.6184091567993164,"SELECT sum(CAST(column12 AS FLOAT)) as sum_column12, avg(CAST(column12 AS FLOAT)) as avg_column12, sum(CAST(column17 AS FLOAT)) as sum_column17, avg(CAST(column17 AS FLOAT)) as avg_column17 FROM query_table WHERE CAST(column05 AS FLOAT) > CAST(-73.993805 AS FLOAT) AND CAST(column05 AS FLOAT) < CAST(-73.98756 AS FLOAT) AND CAST(column06 AS FLOAT) > CAST(40.75031 AS FLOAT) AND CAST(column06 AS FLOAT) < CAST(40.753437 AS FLOAT) AND column12 >= 0.0 AND column12 <= 400.0 AND column04 <= 1000.0;",0.01,"{null={12=Stats{sum=17278212.210026998, avg=11.112655401950574}, 17=Stats{sum=20543722.361452587, avg=13.212900993523112}}}","{12=17278212.210026998, 17=20543722.361452587}"
/data-nonraid/maroulis/data/taxi_data/yellow_tripdata_2014_cleaned.csv,62,1.680487871170044,"SELECT sum(CAST(column12 AS FLOAT)) as sum_column12, avg(CAST(column12 AS FLOAT)) as avg_column12, sum(CAST(column17 AS FLOAT)) as sum_column17, avg(CAST(column17 AS FLOAT)) as avg_column17 FROM query_table WHERE CAST(column05 AS FLOAT) > CAST(-73.99312 AS FLOAT) AND CAST(column05 AS FLOAT) < CAST(-73.98687 AS FLOAT) AND CAST(column06 AS FLOAT) > CAST(40.75031 AS FLOAT) AND CAST(column06 AS FLOAT) < CAST(40.753437 AS FLOAT) AND column12 >= 0.0 AND column12 <= 400.0 AND column04 <= 1000.0;",0.01,"{null={12=Stats{sum=16494307.100021848, avg=10.999115832671613}, 17=Stats{sum=19634079.249738224, avg=13.092851407831422}}}","{12=16494307.100021848, 17=19634079.249738224}"
/data-nonraid/maroulis/data/taxi_data/yellow_tripdata_2014_cleaned.csv,63,1.5004823207855225,"SELECT sum(CAST(column12 AS FLOAT)) as sum_column12, avg(CAST(column12 AS FLOAT)) as avg_column12, sum(CAST(column17 AS FLOAT)) as sum_column17, avg(CAST(column17 AS FLOAT)) as avg_column17 FROM query_table WHERE CAST(column05 AS FLOAT) > CAST(-73.993744 AS FLOAT) AND CAST(column05 AS FLOAT) < CAST(-73.987495 AS FLOAT) AND CAST(column06 AS FLOAT) > CAST(40.749996 AS FLOAT) AND CAST(column06 AS FLOAT) < CAST(40.753124 AS FLOAT) AND column12 >= 0.0 AND column12 <= 400.0 AND column04 <= 1000.0;",0.01,"{null={12=Stats{sum=22951691.170037527, avg=11.17174509758982}, 17=Stats{sum=27183172.98319412, avg=13.231420606965164}}}","{12=22951691.170037527, 17=27183172.98319412}"
/data-nonraid/maroulis/data/taxi_data/yellow_tripdata_2014_cleaned.csv,64,1.936020851135254,"SELECT sum(CAST(column12 AS FLOAT)) as sum_column12, avg(CAST(column12 AS FLOAT)) as avg_column12, sum(CAST(column17 AS FLOAT)) as sum_column17, avg(CAST(column17 AS FLOAT)) as avg_column17 FROM query_table WHERE CAST(column05 AS FLOAT) > CAST(-73.992935 AS FLOAT) AND CAST(column05 AS FLOAT) < CAST(-73.98669 AS FLOAT) AND CAST(column06 AS FLOAT) > CAST(40.749996 AS FLOAT) AND CAST(column06 AS FLOAT) < CAST(40.753124 AS FLOAT) AND column12 >= 0.0 AND column12 <= 400.0 AND column04 <= 1000.0;",0.01,"{null={12=Stats{sum=22232186.14002896, avg=11.073879441583166}, 17=Stats{sum=26367827.592373855, avg=13.133847569252936}}}","{12=22232186.14002896, 17=26367827.592373855}"
/data-nonraid/maroulis/data/taxi_data/yellow_tripdata_2014_cleaned.csv,65,1.7509090900421143,"SELECT sum(CAST(column12 AS FLOAT)) as sum_column12, avg(CAST(column12 AS FLOAT)) as avg_column12, sum(CAST(column17 AS FLOAT)) as sum_column17, avg(CAST(column17 AS FLOAT)) as avg_column17 FROM query_table WHERE CAST(column05 AS FLOAT) > CAST(-73.993935 AS FLOAT) AND CAST(column05 AS FLOAT) < CAST(-73.987686 AS FLOAT) AND CAST(column06 AS FLOAT) > CAST(40.749996 AS FLOAT) AND CAST(column06 AS FLOAT) < CAST(40.753124 AS FLOAT) AND column12 >= 0.0 AND column12 <= 400.0 AND column04 <= 1000.0;",0.01,"{null={12=Stats{sum=23560243.710039396, avg=11.222321953482812}, 17=Stats{sum=27907893.42476321, avg=13.29321414967889}}}","{12=23560243.710039396, 17=27907893.42476321}"
/data-nonraid/maroulis/data/taxi_data/yellow_tripdata_2014_cleaned.csv,66,1.473400354385376,"SELECT sum(CAST(column12 AS FLOAT)) as sum_column12, avg(CAST(column12 AS FLOAT)) as avg_column12, sum(CAST(column17 AS FLOAT)) as sum_column17, avg(CAST(column17 AS FLOAT)) as avg_column17 FROM query_table WHERE CAST(column05 AS FLOAT) > CAST(-73.992744 AS FLOAT) AND CAST(column05 AS FLOAT) < CAST(-73.986496 AS FLOAT) AND CAST(column06 AS FLOAT) > CAST(40.75059 AS FLOAT) AND CAST(column06 AS FLOAT) < CAST(40.75372 AS FLOAT) AND column12 >= 0.0 AND column12 <= 400.0 AND column04 <= 1000.0;",0.01,"{null={12=Stats{sum=13648165.87001729, avg=10.890157302147356}, 17=Stats{sum=16314284.262729645, avg=13.017508988762597}}}","{12=13648165.87001729, 17=16314284.262729645}"
/data-nonraid/maroulis/data/taxi_data/yellow_tripdata_2014_cleaned.csv,67,1.6255128383636475,"SELECT sum(CAST(column12 AS FLOAT)) as sum_column12, avg(CAST(column12 AS FLOAT)) as avg_column12, sum(CAST(column17 AS FLOAT)) as sum_column17, avg(CAST(column17 AS FLOAT)) as avg_column17 FROM query_table WHERE CAST(column05 AS FLOAT) > CAST(-73.992744 AS FLOAT) AND CAST(column05 AS FLOAT) < CAST(-73.986496 AS FLOAT) AND CAST(column06 AS FLOAT) > CAST(40.750248 AS FLOAT) AND CAST(column06 AS FLOAT) < CAST(40.753376 AS FLOAT) AND column12 >= 0.0 AND column12 <= 400.0 AND column04 <= 1000.0;",0.01,"{null={12=Stats{sum=17062801.710017443, avg=10.99472501592713}, 17=Stats{sum=20314463.561980247, avg=13.089992165759986}}}","{12=17062801.710017443, 17=20314463.561980247}"
/data-nonraid/maroulis/data/taxi_data/yellow_tripdata_2014_cleaned.csv,68,1.4800498485565186,"SELECT sum(CAST(column12 AS FLOAT)) as sum_column12, avg(CAST(column12 AS FLOAT)) as avg_column12, sum(CAST(column17 AS FLOAT)) as sum_column17, avg(CAST(column17 AS FLOAT)) as avg_column17 FROM query_table WHERE CAST(column05 AS FLOAT) > CAST(-73.991684 AS FLOAT) AND CAST(column05 AS FLOAT) < CAST(-73.985435 AS FLOAT) AND CAST(column06 AS FLOAT) > CAST(40.75078 AS FLOAT) AND CAST(column06 AS FLOAT) < CAST(40.753906 AS FLOAT) AND column12 >= 0.0 AND column12 <= 400.0 AND column04 <= 1000.0;",0.01,"{null={12=Stats{sum=13791871.630046844, avg=10.923900000116308}, 17=Stats{sum=16580756.38877821, avg=13.132845894729922}}}","{12=13791871.630046844, 17=16580756.38877821}"
/data-nonraid/maroulis/data/taxi_data/yellow_tripdata_2014_cleaned.csv,69,1.5328915119171143,"SELECT sum(CAST(column12 AS FLOAT)) as sum_column12, avg(CAST(column12 AS FLOAT)) as avg_column12, sum(CAST(column17 AS FLOAT)) as sum_column17, avg(CAST(column17 AS FLOAT)) as avg_column17 FROM query_table WHERE CAST(column05 AS FLOAT) > CAST(-73.994804 AS FLOAT) AND CAST(column05 AS FLOAT) < CAST(-73.98231 AS FLOAT) AND CAST(column06 AS FLOAT) > CAST(40.749214 AS FLOAT) AND CAST(column06 AS FLOAT) < CAST(40.75547 AS FLOAT) AND column12 >= 0.0 AND column12 <= 400.0 AND column04 <= 1000.0;",0.01,"{null={12=Stats{sum=83587383.72021966, avg=11.496904750440263}, 17=Stats{sum=99902709.69855097, avg=13.740972460145173}}}","{12=83587383.72021966, 17=99902709.69855097}"
/data-nonraid/maroulis/data/taxi_data/yellow_tripdata_2014_cleaned.csv,70,1.761655330657959,"SELECT sum(CAST(column12 AS FLOAT)) as sum_column12, avg(CAST(column12 AS FLOAT)) as avg_column12, sum(CAST(column17 AS FLOAT)) as sum_column17, avg(CAST(column17 AS FLOAT)) as avg_column17 FROM query_table WHERE CAST(column05 AS FLOAT) > CAST(-74.00105 AS FLOAT) AND CAST(column05 AS FLOAT) < CAST(-73.97606 AS FLOAT) AND CAST(column06 AS FLOAT) > CAST(40.746086 AS FLOAT) AND CAST(column06 AS FLOAT) < CAST(40.7586 AS FLOAT) AND column12 >= 0.0 AND column12 <= 400.0 AND column04 <= 1000.0;",0.01,"{null={12=Stats{sum=253583646.94074664, avg=11.369518933901965}, 17=Stats{sum=304741389.31635964, avg=13.663195705145494}}}","{12=253583646.94074664, 17=304741389.31635964}"
/data-nonraid/maroulis/data/taxi_data/yellow_tripdata_2014_cleaned.csv,71,1.9585824012756348,"SELECT sum(CAST(column12 AS FLOAT)) as sum_column12, avg(CAST(column12 AS FLOAT)) as avg_column12, sum(CAST(column17 AS FLOAT)) as sum_column17, avg(CAST(column17 AS FLOAT)) as avg_column17 FROM query_table WHERE CAST(column05 AS FLOAT) > CAST(-74.01355 AS FLOAT) AND CAST(column05 AS FLOAT) < CAST(-73.96356 AS FLOAT) AND CAST(column06 AS FLOAT) > CAST(40.73983 AS FLOAT) AND CAST(column06 AS FLOAT) < CAST(40.764854 AS FLOAT) AND column12 >= 0.0 AND column12 <= 400.0 AND column04 <= 1000.0;",0.01,"{null={12=Stats{sum=739684586.4722265, avg=11.349959098514073}, 17=Stats{sum=894116137.1390281, avg=13.719606669444113}}}","{12=739684586.4722265, 17=894116137.1390281}"
/data-nonraid/maroulis/data/taxi_data/yellow_tripdata_2014_cleaned.csv,72,1.9802210330963135,"SELECT sum(CAST(column12 AS FLOAT)) as sum_column12, avg(CAST(column12 AS FLOAT)) as avg_column12, sum(CAST(column17 AS FLOAT)) as sum_column17, avg(CAST(column17 AS FLOAT)) as avg_column17 FROM query_table WHERE CAST(column05 AS FLOAT) > CAST(-74.01755 AS FLOAT) AND CAST(column05 AS FLOAT) < CAST(-73.96756 AS FLOAT) AND CAST(column06 AS FLOAT) > CAST(40.741833 AS FLOAT) AND CAST(column06 AS FLOAT) < CAST(40.766857 AS FLOAT) AND column12 >= 0.0 AND column12 <= 400.0 AND column04 <= 1000.0;",0.01,"{null={12=Stats{sum=689477055.7721939, avg=11.428842969785194}, 17=Stats{sum=832854602.8357755, avg=13.80548401543599}}}","{12=689477055.7721939, 17=832854602.8357755}"
/data-nonraid/maroulis/data/taxi_data/yellow_tripdata_2014_cleaned.csv,73,1.822693109512329,"SELECT sum(CAST(column12 AS FLOAT)) as sum_column12, avg(CAST(column12 AS FLOAT)) as avg_column12, sum(CAST(column17 AS FLOAT)) as sum_column17, avg(CAST(column17 AS FLOAT)) as avg_column17 FROM query_table WHERE CAST(column05 AS FLOAT) > CAST(-74.01305 AS FLOAT) AND CAST(column05 AS FLOAT) < CAST(-73.96306 AS FLOAT) AND CAST(column06 AS FLOAT) > CAST(40.744083 AS FLOAT) AND CAST(column06 AS FLOAT) < CAST(40.769108 AS FLOAT) AND column12 >= 0.0 AND column12 <= 400.0 AND column04 <= 1000.0;",0.01,"{null={12=Stats{sum=703566488.3222306, avg=11.370972025094302}, 17=Stats{sum=848678273.0563835, avg=13.71625434327066}}}","{12=703566488.3222306, 17=848678273.0563835}"
/data-nonraid/maroulis/data/taxi_data/yellow_tripdata_2014_cleaned.csv,74,1.840156078338623,"SELECT sum(CAST(column12 AS FLOAT)) as sum_column12, avg(CAST(column12 AS FLOAT)) as avg_column12, sum(CAST(column17 AS FLOAT)) as sum_column17, avg(CAST(column17 AS FLOAT)) as avg_column17 FROM query_table WHERE CAST(column05 AS FLOAT) > CAST(-74.01305 AS FLOAT) AND CAST(column05 AS FLOAT) < CAST(-73.96306 AS FLOAT) AND CAST(column06 AS FLOAT) > CAST(40.74158 AS FLOAT) AND CAST(column06 AS FLOAT) < CAST(40.766605 AS FLOAT) AND column12 >= 0.0 AND column12 <= 400.0 AND column04 <= 1000.0;",0.01,"{null={12=Stats{sum=730722639.2622459, avg=11.347545852242478}, 17=Stats{sum=882446748.3246222, avg=13.703701515100025}}}","{12=730722639.2622459, 17=882446748.3246222}"
/data-nonraid/maroulis/data/taxi_data/yellow_tripdata_2014_cleaned.csv,75,1.8539965152740479,"SELECT sum(CAST(column12 AS FLOAT)) as sum_column12, avg(CAST(column12 AS FLOAT)) as avg_column12, sum(CAST(column17 AS FLOAT)) as sum_column17, avg(CAST(column17 AS FLOAT)) as avg_column17 FROM query_table WHERE CAST(column05 AS FLOAT) > CAST(-74.007545 AS FLOAT) AND CAST(column05 AS FLOAT) < CAST(-73.95756 AS FLOAT) AND CAST(column06 AS FLOAT) > CAST(40.744335 AS FLOAT) AND CAST(column06 AS FLOAT) < CAST(40.76936 AS FLOAT) AND column12 >= 0.0 AND column12 <= 400.0 AND column04 <= 1000.0;",0.01,"{null={12=Stats{sum=727775176.5722673, avg=11.340702972920168}, 17=Stats{sum=877406806.7610476, avg=13.672367926535538}}}","{12=727775176.5722673, 17=877406806.7610476}"
/data-nonraid/maroulis/data/taxi_data/yellow_tripdata_2014_cleaned.csv,76,1.8471179008483887,"SELECT sum(CAST(column12 AS FLOAT)) as sum_column12, avg(CAST(column12 AS FLOAT)) as avg_column12, sum(CAST(column17 AS FLOAT)) as sum_column17, avg(CAST(column17 AS FLOAT)) as avg_column17 FROM query_table WHERE CAST(column05 AS FLOAT) > CAST(-74.00255 AS FLOAT) AND CAST(column05 AS FLOAT) < CAST(-73.95256 AS FLOAT) AND CAST(column06 AS FLOAT) > CAST(40.741833 AS FLOAT) AND CAST(column06 AS FLOAT) < CAST(40.766857 AS FLOAT) AND column12 >= 0.0 AND column12 <= 400.0 AND column04 <= 1000.0;",0.01,"{null={12=Stats{sum=728856989.0822527, avg=11.346861649950235}, 17=Stats{sum=879344815.996437, avg=13.689659451953892}}}","{12=728856989.0822527, 17=879344815.996437}"
/data-nonraid/maroulis/data/taxi_data/yellow_tripdata_2014_cleaned.csv,77,1.9454870223999023,"SELECT sum(CAST(column12 AS FLOAT)) as sum_column12, avg(CAST(column12 AS FLOAT)) as avg_column12, sum(CAST(column17 AS FLOAT)) as sum_column17, avg(CAST(column17 AS FLOAT)) as avg_column17 FROM query_table WHERE CAST(column05 AS FLOAT) > CAST(-73.99855 AS FLOAT) AND CAST(column05 AS FLOAT) < CAST(-73.94856 AS FLOAT) AND CAST(column06 AS FLOAT) > CAST(40.741833 AS FLOAT) AND CAST(column06 AS FLOAT) < CAST(40.766857 AS FLOAT) AND column12 >= 0.0 AND column12 <= 400.0 AND column04 <= 1000.0;",0.01,"{null={12=Stats{sum=708045656.952215, avg=11.355445969327855}, 17=Stats{sum=854200055.8830534, avg=13.69943094253239}}}","{12=708045656.952215, 17=854200055.8830534}"
/data-nonraid/maroulis/data/taxi_data/yellow_tripdata_2014_cleaned.csv,78,1.9337353706359863,"SELECT sum(CAST(column12 AS FLOAT)) as sum_column12, avg(CAST(column12 AS FLOAT)) as avg_column12, sum(CAST(column17 AS FLOAT)) as sum_column17, avg(CAST(column17 AS FLOAT)) as avg_column17 FROM query_table WHERE CAST(column05 AS FLOAT) > CAST(-73.99205 AS FLOAT) AND CAST(column05 AS FLOAT) < CAST(-73.94206 AS FLOAT) AND CAST(column06 AS FLOAT) > CAST(40.745087 AS FLOAT) AND CAST(column06 AS FLOAT) < CAST(40.77011 AS FLOAT) AND column12 >= 0.0 AND column12 <= 400.0 AND column04 <= 1000.0;",0.01,"{null={12=Stats{sum=629050332.2820036, avg=11.347348760368034}, 17=Stats{sum=757835585.3985456, avg=13.670487478066926}}}","{12=629050332.2820036, 17=757835585.3985456}"
/data-nonraid/maroulis/data/taxi_data/yellow_tripdata_2014_cleaned.csv,79,1.719722032546997,"SELECT sum(CAST(column12 AS FLOAT)) as sum_column12, avg(CAST(column12 AS FLOAT)) as avg_column12, sum(CAST(column17 AS FLOAT)) as sum_column17, avg(CAST(column17 AS FLOAT)) as avg_column17 FROM query_table WHERE CAST(column05 AS FLOAT) > CAST(-73.98805 AS FLOAT) AND CAST(column05 AS FLOAT) < CAST(-73.938065 AS FLOAT) AND CAST(column06 AS FLOAT) > CAST(40.74709 AS FLOAT) AND CAST(column06 AS FLOAT) < CAST(40.772114 AS FLOAT) AND column12 >= 0.0 AND column12 <= 400.0 AND column04 <= 1000.0;",0.01,"{null={12=Stats{sum=548523101.6517472, avg=11.306620990770913}, 17=Stats{sum=661385137.9801885, avg=13.63302851156569}}}","{12=548523101.6517472, 17=661385137.9801885}"
/data-nonraid/maroulis/data/taxi_data/yellow_tripdata_2014_cleaned.csv,80,1.6586589813232422,"SELECT sum(CAST(column12 AS FLOAT)) as sum_column12, avg(CAST(column12 AS FLOAT)) as avg_column12, sum(CAST(column17 AS FLOAT)) as sum_column17, avg(CAST(column17 AS FLOAT)) as avg_column17 FROM query_table WHERE CAST(column05 AS FLOAT) > CAST(-73.98155 AS FLOAT) AND CAST(column05 AS FLOAT) < CAST(-73.931564 AS FLOAT) AND CAST(column06 AS FLOAT) > CAST(40.74709 AS FLOAT) AND CAST(column06 AS FLOAT) < CAST(40.772114 AS FLOAT) AND column12 >= 0.0 AND column12 <= 400.0 AND column04 <= 1000.0;",0.01,"{null={12=Stats{sum=402325664.84114975, avg=11.1421978002819}, 17=Stats{sum=485224360.1923462, avg=13.43803359130218}}}","{12=402325664.84114975, 17=485224360.1923462}"
/data-nonraid/maroulis/data/taxi_data/yellow_tripdata_2014_cleaned.csv,81,1.516841173171997,"SELECT sum(CAST(column12 AS FLOAT)) as sum_column12, avg(CAST(column12 AS FLOAT)) as avg_column12, sum(CAST(column17 AS FLOAT)) as sum_column17, avg(CAST(column17 AS FLOAT)) as avg_column17 FROM query_table WHERE CAST(column05 AS FLOAT) > CAST(-73.98155 AS FLOAT) AND CAST(column05 AS FLOAT) < CAST(-73.931564 AS FLOAT) AND CAST(column06 AS FLOAT) > CAST(40.744587 AS FLOAT) AND CAST(column06 AS FLOAT) < CAST(40.76961 AS FLOAT) AND column12 >= 0.0 AND column12 <= 400.0 AND column04 <= 1000.0;",0.01,"{null={12=Stats{sum=389915953.8712017, avg=11.189504538485735}, 17=Stats{sum=470815915.97752583, avg=13.511108679492636}}}","{12=389915953.8712017, 17=470815915.97752583}"
/data-nonraid/maroulis/data/taxi_data/yellow_tripdata_2014_cleaned.csv,82,1.5842318534851074,"SELECT sum(CAST(column12 AS FLOAT)) as sum_column12, avg(CAST(column12 AS FLOAT)) as avg_column12, sum(CAST(column17 AS FLOAT)) as sum_column17, avg(CAST(column17 AS FLOAT)) as avg_column17 FROM query_table WHERE CAST(column05 AS FLOAT) > CAST(-73.98855 AS FLOAT) AND CAST(column05 AS FLOAT) < CAST(-73.93856 AS FLOAT) AND CAST(column06 AS FLOAT) > CAST(40.741085 AS FLOAT) AND CAST(column06 AS FLOAT) < CAST(40.76611 AS FLOAT) AND column12 >= 0.0 AND column12 <= 400.0 AND column04 <= 1000.0;",0.01,"{null={12=Stats{sum=522826234.7117834, avg=11.368810084571905}, 17=Stats{sum=632332144.4368994, avg=13.750006375323114}}}","{12=522826234.7117834, 17=632332144.4368994}"
/data-nonraid/maroulis/data/taxi_data/yellow_tripdata_2014_cleaned.csv,83,1.470099687576294,"SELECT sum(CAST(column12 AS FLOAT)) as sum_column12, avg(CAST(column12 AS FLOAT)) as avg_column12, sum(CAST(column17 AS FLOAT)) as sum_column17, avg(CAST(column17 AS FLOAT)) as avg_column17 FROM query_table WHERE CAST(column05 AS FLOAT) > CAST(-73.98355 AS FLOAT) AND CAST(column05 AS FLOAT) < CAST(-73.93356 AS FLOAT) AND CAST(column06 AS FLOAT) > CAST(40.738583 AS FLOAT) AND CAST(column06 AS FLOAT) < CAST(40.763607 AS FLOAT) AND column12 >= 0.0 AND column12 <= 400.0 AND column04 <= 1000.0;",0.01,"{null={12=Stats{sum=357224848.7711837, avg=11.31182123965212}, 17=Stats{sum=433188095.91762084, avg=13.717260490196571}}}","{12=357224848.7711837, 17=433188095.91762084}"
/data-nonraid/maroulis/data/taxi_data/yellow_tripdata_2014_cleaned.csv,84,1.6206049919128418,"SELECT sum(CAST(column12 AS FLOAT)) as sum_column12, avg(CAST(column12 AS FLOAT)) as avg_column12, sum(CAST(column17 AS FLOAT)) as sum_column17, avg(CAST(column17 AS FLOAT)) as avg_column17 FROM query_table WHERE CAST(column05 AS FLOAT) > CAST(-73.98955 AS FLOAT) AND CAST(column05 AS FLOAT) < CAST(-73.93956 AS FLOAT) AND CAST(column06 AS FLOAT) > CAST(40.741585 AS FLOAT) AND CAST(column06 AS FLOAT) < CAST(40.76661 AS FLOAT) AND column12 >= 0.0 AND column12 <= 400.0 AND column04 <= 1000.0;",0.01,"{null={12=Stats{sum=550617111.9618485, avg=11.370835105956504}, 17=Stats{sum=665601943.4898462, avg=13.745395450317258}}}","{12=550617111.9618485, 17=665601943.4898462}"
/data-nonraid/maroulis/data/taxi_data/yellow_tripdata_2014_cleaned.csv,85,1.6186504364013672,"SELECT sum(CAST(column12 AS FLOAT)) as sum_column12, avg(CAST(column12 AS FLOAT)) as avg_column12, sum(CAST(column17 AS FLOAT)) as sum_column17, avg(CAST(column17 AS FLOAT)) as avg_column17 FROM query_table WHERE CAST(column05 AS FLOAT) > CAST(-73.996544 AS FLOAT) AND CAST(column05 AS FLOAT) < CAST(-73.946556 AS FLOAT) AND CAST(column06 AS FLOAT) > CAST(40.738083 AS FLOAT) AND CAST(column06 AS FLOAT) < CAST(40.763107 AS FLOAT) AND column12 >= 0.0 AND column12 <= 400.0 AND column04 <= 1000.0;",0.01,"{null={12=Stats{sum=632934361.1720313, avg=11.330611314823257}, 17=Stats{sum=765246817.7477657, avg=13.699231363816931}}}","{12=632934361.1720313, 17=765246817.7477657}"
/data-nonraid/maroulis/data/taxi_data/yellow_tripdata_2014_cleaned.csv,86,1.7186458110809326,"SELECT sum(CAST(column12 AS FLOAT)) as sum_column12, avg(CAST(column12 AS FLOAT)) as avg_column12, sum(CAST(column17 AS FLOAT)) as sum_column17, avg(CAST(column17 AS FLOAT)) as avg_column17 FROM query_table WHERE CAST(column05 AS FLOAT) > CAST(-74.00404 AS FLOAT) AND CAST(column05 AS FLOAT) < CAST(-73.954056 AS FLOAT) AND CAST(column06 AS FLOAT) > CAST(40.738083 AS FLOAT) AND CAST(column06 AS FLOAT) < CAST(40.763107 AS FLOAT) AND column12 >= 0.0 AND column12 <= 400.0 AND column04 <= 1000.0;",0.01,"{null={12=Stats{sum=695075446.402106, avg=11.298428690857863}, 17=Stats{sum=840544932.5263443, avg=13.663030439024956}}}","{12=695075446.402106, 17=840544932.5263443}"
/data-nonraid/maroulis/data/taxi_data/yellow_tripdata_2014_cleaned.csv,87,1.7700152397155762,"SELECT sum(CAST(column12 AS FLOAT)) as sum_column12, avg(CAST(column12 AS FLOAT)) as avg_column12, sum(CAST(column17 AS FLOAT)) as sum_column17, avg(CAST(column17 AS FLOAT)) as avg_column17 FROM query_table WHERE CAST(column05 AS FLOAT) > CAST(-74.01154 AS FLOAT) AND CAST(column05 AS FLOAT) < CAST(-73.961555 AS FLOAT) AND CAST(column06 AS FLOAT) > CAST(40.741837 AS FLOAT) AND CAST(column06 AS FLOAT) < CAST(40.76686 AS FLOAT) AND column12 >= 0.0 AND column12 <= 400.0 AND column04 <= 1000.0;",0.01,"{null={12=Stats{sum=735177965.0222542, avg=11.343798800623555}, 17=Stats{sum=887590268.7798146, avg=13.695521228148909}}}","{12=735177965.0222542, 17=887590268.7798146}"
/data-nonraid/maroulis/data/taxi_data/yellow_tripdata_2014_cleaned.csv,88,1.6710798740386963,"SELECT sum(CAST(column12 AS FLOAT)) as sum_column12, avg(CAST(column12 AS FLOAT)) as avg_column12, sum(CAST(column17 AS FLOAT)) as sum_column17, avg(CAST(column17 AS FLOAT)) as avg_column17 FROM query_table WHERE CAST(column05 AS FLOAT) > CAST(-74.01154 AS FLOAT) AND CAST(column05 AS FLOAT) < CAST(-73.961555 AS FLOAT) AND CAST(column06 AS FLOAT) > CAST(40.738583 AS FLOAT) AND CAST(column06 AS FLOAT) < CAST(40.763607 AS FLOAT) AND column12 >= 0.0 AND column12 <= 400.0 AND column04 <= 1000.0;",0.01,"{null={12=Stats{sum=734333091.0721457, avg=11.334158855581304}, 17=Stats{sum=888029722.1924711, avg=13.706409342267191}}}","{12=734333091.0721457, 17=888029722.1924711}"
/data-nonraid/maroulis/data/taxi_data/yellow_tripdata_2014_cleaned.csv,89,1.7032482624053955,"SELECT sum(CAST(column12 AS FLOAT)) as sum_column12, avg(CAST(column12 AS FLOAT)) as avg_column12, sum(CAST(column17 AS FLOAT)) as sum_column17, avg(CAST(column17 AS FLOAT)) as avg_column17 FROM query_table WHERE CAST(column05 AS FLOAT) > CAST(-74.00455 AS FLOAT) AND CAST(column05 AS FLOAT) < CAST(-73.95456 AS FLOAT) AND CAST(column06 AS FLOAT) > CAST(40.738583 AS FLOAT) AND CAST(column06 AS FLOAT) < CAST(40.763607 AS FLOAT) AND column12 >= 0.0 AND column12 <= 400.0 AND column04 <= 1000.0;",0.01,"{null={12=Stats{sum=708062843.5621226, avg=11.306118837203138}, 17=Stats{sum=856049751.3546199, avg=13.669125992662499}}}","{12=708062843.5621226, 17=856049751.3546199}"
/data-nonraid/maroulis/data/taxi_data/yellow_tripdata_2014_cleaned.csv,90,1.698157548904419,"SELECT sum(CAST(column12 AS FLOAT)) as sum_column12, avg(CAST(column12 AS FLOAT)) as avg_column12, sum(CAST(column17 AS FLOAT)) as sum_column17, avg(CAST(column17 AS FLOAT)) as avg_column17 FROM query_table WHERE CAST(column05 AS FLOAT) > CAST(-74.00455 AS FLOAT) AND CAST(column05 AS FLOAT) < CAST(-73.95456 AS FLOAT) AND CAST(column06 AS FLOAT) > CAST(40.741585 AS FLOAT) AND CAST(column06 AS FLOAT) < CAST(40.76661 AS FLOAT) AND column12 >= 0.0 AND column12 <= 400.0 AND column04 <= 1000.0;",0.01,"{null={12=Stats{sum=741552780.1922879, avg=11.337712159207515}, 17=Stats{sum=894917643.6177026, avg=13.682530658037285}}}","{12=741552780.1922879, 17=894917643.6177026}"
/data-nonraid/maroulis/data/taxi_data/yellow_tripdata_2014_cleaned.csv,91,1.683915376663208,"SELECT sum(CAST(column12 AS FLOAT)) as sum_column12, avg(CAST(column12 AS FLOAT)) as avg_column12, sum(CAST(column17 AS FLOAT)) as sum_column17, avg(CAST(column17 AS FLOAT)) as avg_column17 FROM query_table WHERE CAST(column05 AS FLOAT) > CAST(-73.99855 AS FLOAT) AND CAST(column05 AS FLOAT) < CAST(-73.94856 AS FLOAT) AND CAST(column06 AS FLOAT) > CAST(40.744587 AS FLOAT) AND CAST(column06 AS FLOAT) < CAST(40.76961 AS FLOAT) AND column12 >= 0.0 AND column12 <= 400.0 AND column04 <= 1000.0;",0.01,"{null={12=Stats{sum=712299616.3722277, avg=11.368520805453313}, 17=Stats{sum=858065958.6105167, avg=13.694996429448086}}}","{12=712299616.3722277, 17=858065958.6105167}"
/data-nonraid/maroulis/data/taxi_data/yellow_tripdata_2014_cleaned.csv,92,1.6320221424102783,"SELECT sum(CAST(column12 AS FLOAT)) as sum_column12, avg(CAST(column12 AS FLOAT)) as avg_column12, sum(CAST(column17 AS FLOAT)) as sum_column17, avg(CAST(column17 AS FLOAT)) as avg_column17 FROM query_table WHERE CAST(column05 AS FLOAT) > CAST(-73.99455 AS FLOAT) AND CAST(column05 AS FLOAT) < CAST(-73.944565 AS FLOAT) AND CAST(column06 AS FLOAT) > CAST(40.744587 AS FLOAT) AND CAST(column06 AS FLOAT) < CAST(40.76961 AS FLOAT) AND column12 >= 0.0 AND column12 <= 400.0 AND column04 <= 1000.0;",0.01,"{null={12=Stats{sum=677837127.662173, avg=11.367145474239374}, 17=Stats{sum=816507195.820439, avg=13.692605047565225}}}","{12=677837127.662173, 17=816507195.820439}"
/data-nonraid/maroulis/data/taxi_data/yellow_tripdata_2014_cleaned.csv,93,1.8231444358825684,"SELECT sum(CAST(column12 AS FLOAT)) as sum_column12, avg(CAST(column12 AS FLOAT)) as avg_column12, sum(CAST(column17 AS FLOAT)) as sum_column17, avg(CAST(column17 AS FLOAT)) as avg_column17 FROM query_table WHERE CAST(column05 AS FLOAT) > CAST(-73.99455 AS FLOAT) AND CAST(column05 AS FLOAT) < CAST(-73.944565 AS FLOAT) AND CAST(column06 AS FLOAT) > CAST(40.746838 AS FLOAT) AND CAST(column06 AS FLOAT) < CAST(40.771862 AS FLOAT) AND column12 >= 0.0 AND column12 <= 400.0 AND column04 <= 1000.0;",0.01,"{null={12=Stats{sum=677131236.9920571, avg=11.346450488334115}, 17=Stats{sum=814716160.6623555, avg=13.65191276666729}}}","{12=677131236.9920571, 17=814716160.6623555}"
/data-nonraid/maroulis/data/taxi_data/yellow_tripdata_2014_cleaned.csv,94,2.1464529037475586,"SELECT sum(CAST(column12 AS FLOAT)) as sum_column12, avg(CAST(column12 AS FLOAT)) as avg_column12, sum(CAST(column17 AS FLOAT)) as sum_column17, avg(CAST(column17 AS FLOAT)) as avg_column17 FROM query_table WHERE CAST(column05 AS FLOAT) > CAST(-73.99955 AS FLOAT) AND CAST(column05 AS FLOAT) < CAST(-73.94956 AS FLOAT) AND CAST(column06 AS FLOAT) > CAST(40.74934 AS FLOAT) AND CAST(column06 AS FLOAT) < CAST(40.774364 AS FLOAT) AND column12 >= 0.0 AND column12 <= 400.0 AND column04 <= 1000.0;",0.01,"{null={12=Stats{sum=696097468.4520069, avg=11.328882939143252}, 17=Stats{sum=836965495.3916417, avg=13.621489160821}}}","{12=696097468.4520069, 17=836965495.3916417}"
/data-nonraid/maroulis/data/taxi_data/yellow_tripdata_2014_cleaned.csv,95,1.6495184898376465,"SELECT sum(CAST(column12 AS FLOAT)) as sum_column12, avg(CAST(column12 AS FLOAT)) as avg_column12, sum(CAST(column17 AS FLOAT)) as sum_column17, avg(CAST(column17 AS FLOAT)) as avg_column17 FROM query_table WHERE CAST(column05 AS FLOAT) > CAST(-73.99955 AS FLOAT) AND CAST(column05 AS FLOAT) < CAST(-73.94956 AS FLOAT) AND CAST(column06 AS FLOAT) > CAST(40.75159 AS FLOAT) AND CAST(column06 AS FLOAT) < CAST(40.776615 AS FLOAT) AND column12 >= 0.0 AND column12 <= 400.0 AND column04 <= 1000.0;",0.01,"{null={12=Stats{sum=646062093.2718508, avg=11.256548111792755}, 17=Stats{sum=777032368.273375, avg=13.538485431939844}}}","{12=646062093.2718508, 17=777032368.273375}"
/data-nonraid/maroulis/data/taxi_data/yellow_tripdata_2014_cleaned.csv,96,1.631943941116333,"SELECT sum(CAST(column12 AS FLOAT)) as sum_column12, avg(CAST(column12 AS FLOAT)) as avg_column12, sum(CAST(column17 AS FLOAT)) as sum_column17, avg(CAST(column17 AS FLOAT)) as avg_column17 FROM query_table WHERE CAST(column05 AS FLOAT) > CAST(-73.99505 AS FLOAT) AND CAST(column05 AS FLOAT) < CAST(-73.94506 AS FLOAT) AND CAST(column06 AS FLOAT) > CAST(40.75384 AS FLOAT) AND CAST(column06 AS FLOAT) < CAST(40.778866 AS FLOAT) AND column12 >= 0.0 AND column12 <= 400.0 AND column04 <= 1000.0;",0.01,"{null={12=Stats{sum=612872912.2217233, avg=11.205112818236085}, 17=Stats{sum=736448316.8915759, avg=13.464433345007762}}}","{12=612872912.2217233, 17=736448316.8915759}"
/data-nonraid/maroulis/data/taxi_data/yellow_tripdata_2014_cleaned.csv,97,1.788475513458252,"SELECT sum(CAST(column12 AS FLOAT)) as sum_column12, avg(CAST(column12 AS FLOAT)) as avg_column12, sum(CAST(column17 AS FLOAT)) as sum_column17, avg(CAST(column17 AS FLOAT)) as avg_column17 FROM query_table WHERE CAST(column05 AS FLOAT) > CAST(-73.98805 AS FLOAT) AND CAST(column05 AS FLOAT) < CAST(-73.938065 AS FLOAT) AND CAST(column06 AS FLOAT) > CAST(40.75384 AS FLOAT) AND CAST(column06 AS FLOAT) < CAST(40.778866 AS FLOAT) AND column12 >= 0.0 AND column12 <= 400.0 AND column04 <= 1000.0;",0.01,"{null={12=Stats{sum=539423832.2914463, avg=11.16048715528847}, 17=Stats{sum=648755357.6142613, avg=13.422517512475416}}}","{12=539423832.2914463, 17=648755357.6142613}"
/data-nonraid/maroulis/data/taxi_data/yellow_tripdata_2014_cleaned.csv,98,1.5575692653656006,"SELECT sum(CAST(column12 AS FLOAT)) as sum_column12, avg(CAST(column12 AS FLOAT)) as avg_column12, sum(CAST(column17 AS FLOAT)) as sum_column17, avg(CAST(column17 AS FLOAT)) as avg_column17 FROM query_table WHERE CAST(column05 AS FLOAT) > CAST(-73.98805 AS FLOAT) AND CAST(column05 AS FLOAT) < CAST(-73.938065 AS FLOAT) AND CAST(column06 AS FLOAT) > CAST(40.75184 AS FLOAT) AND CAST(column06 AS FLOAT) < CAST(40.776863 AS FLOAT) AND column12 >= 0.0 AND column12 <= 400.0 AND column04 <= 1000.0;",0.01,"{null={12=Stats{sum=550396217.8115058, avg=11.198254138911631}, 17=Stats{sum=662456108.8195397, avg=13.47820283346545}}}","{12=550396217.8115058, 17=662456108.8195397}"
/data-nonraid/maroulis/data/taxi_data/yellow_tripdata_2014_cleaned.csv,99,1.8257136344909668,"SELECT sum(CAST(column12 AS FLOAT)) as sum_column12, avg(CAST(column12 AS FLOAT)) as avg_column12, sum(CAST(column17 AS FLOAT)) as sum_column17, avg(CAST(column17 AS FLOAT)) as avg_column17 FROM query_table WHERE CAST(column05 AS FLOAT) > CAST(-73.99205 AS FLOAT) AND CAST(column05 AS FLOAT) < CAST(-73.94206 AS FLOAT) AND CAST(column06 AS FLOAT) > CAST(40.75384 AS FLOAT) AND CAST(column06 AS FLOAT) < CAST(40.778866 AS FLOAT) AND column12 >= 0.0 AND column12 <= 400.0 AND column04 <= 1000.0;",0.01,"{null={12=Stats{sum=595171671.1416249, avg=11.200049693960352}, 17=Stats{sum=715131133.0966202, avg=13.457468856030964}}}","{12=595171671.1416249, 17=715131133.0966202}"
