csv,errorBound,initMode,i,query,indexUtil,Tree Node Count,Leaf tiles,Overlapped tiles,Fully Contained Tiles,Expanded nodes,I/Os,Time (sec),Query Result,Query Result Sum
/data-nonraid/maroulis/data/taxi_data/yellow_tripdata_2014_cleaned.csv,0,valinor,0,"Query{op=null, rect=(-73.99..-73.94),(40.745..40.77), categoricalFilters={}, groupByCols=null, measureCols=[12, 17, 4, 3], aggregateTypes=[COUNT, MIN, MAX, SUM, AVG]}",0.0,8969,10000,0,0,0,0,301.360199348,{},
/data-nonraid/maroulis/data/taxi_data/yellow_tripdata_2014_cleaned.csv,0,valinor,1,"Query{op=P, rect=(-73.9965..-73.9465),(40.74825..40.77325), categoricalFilters={}, groupByCols=null, measureCols=[12, 17, 4, 3], aggregateTypes=[COUNT, MIN, MAX, SUM, AVG]}",0.0,9209,10180,340,270,0,1969239,4.923772789,"{null={17=Stats{count=61050478, mean=13.62736683461922, populationStandardDeviation=10.503324351325396, min=0.0, max=621.97998046875}, 3=Stats{count=61050478, mean=1.6945549222400622, populationStandardDeviation=1.3563584162546523, min=0.0, max=9.0}, 4=Stats{count=61050478, mean=2.4330712396785903, populationStandardDeviation=2.8051429432377444, min=0.0, max=504.29998779296875}, 12=Stats{count=61050478, mean=11.331367058451994, populationStandardDeviation=8.600572341570741, min=0.0, max=400.0}}}","{17=8.319572591348504E8, 3=1.0345338800000863E8, 4=1.485401621904305E8, 12=6.917853753119482E8}"
/data-nonraid/maroulis/data/taxi_data/yellow_tripdata_2014_cleaned.csv,0,valinor,2,"Query{op=P, rect=(-73.9895..-73.93951),(40.75175..40.776752), categoricalFilters={}, groupByCols=null, measureCols=[12, 17, 4, 3], aggregateTypes=[COUNT, MIN, MAX, SUM, AVG]}",0.0,9461,10369,344,272,0,3480206,6.705717439,"{null={17=Stats{count=51024908, mean=13.500676186033385, populationStandardDeviation=10.281608371719457, min=0.0, max=621.97998046875}, 3=Stats{count=51024908, mean=1.6941385176040404, populationStandardDeviation=1.3573951750877093, min=0.0, max=9.0}, 4=Stats{count=51024908, mean=2.4110762065709492, populationStandardDeviation=2.770891802274189, min=0.0, max=500.0}, 12=Stats{count=51024908, mean=11.21817606455164, populationStandardDeviation=8.419285164715724, min=0.0, max=400.0}}}","{17=6.888707603301443E8, 3=8.644326200000255E7, 4=1.2302494162127168E8, 12=5.724064016215495E8}"
/data-nonraid/maroulis/data/taxi_data/yellow_tripdata_2014_cleaned.csv,0,valinor,3,"Query{op=P, rect=(-73.9895..-73.93951),(40.7495..40.7745), categoricalFilters={}, groupByCols=null, measureCols=[12, 17, 4, 3], aggregateTypes=[COUNT, MIN, MAX, SUM, AVG]}",0.0,10049,10810,437,321,0,6073268,12.801377229,"{null={17=Stats{count=51311256, mean=13.5853047331497, populationStandardDeviation=10.461639034604197, min=0.0, max=621.97998046875}, 3=Stats{count=51311256, mean=1.6956098482562147, populationStandardDeviation=1.3578219431929854, min=0.0, max=9.0}, 4=Stats{count=51311256, mean=2.4278697937545894, populationStandardDeviation=2.810474907910896, min=0.0, max=500.0}, 12=Stats{count=51311256, mean=11.278990797490694, populationStandardDeviation=8.549662196907965, min=0.0, max=400.0}}}","{17=6.970790490006559E8, 3=8.700387099999578E7, 4=1.2457704852200894E8, 12=5.787391842316892E8}"
/data-nonraid/maroulis/data/taxi_data/yellow_tripdata_2014_cleaned.csv,0,valinor,4,"Query{op=P, rect=(-73.983505..-73.93351),(40.7525..40.7775), categoricalFilters={}, groupByCols=null, measureCols=[12, 17, 4, 3], aggregateTypes=[COUNT, MIN, MAX, SUM, AVG]}",0.0,10477,11131,386,296,0,6164407,12.459566607,"{null={17=Stats{count=42232347, mean=13.330850274203467, populationStandardDeviation=9.97622828567225, min=0.0, max=621.97998046875}, 3=Stats{count=42232347, mean=1.6880328010184342, populationStandardDeviation=1.3570675320603742, min=0.0, max=9.0}, 4=Stats{count=42232347, mean=2.3615506664487005, populationStandardDeviation=2.689471759997865, min=0.0, max=500.0}, 12=Stats{count=42232347, mean=11.077424262288288, populationStandardDeviation=8.17580398341171, min=0.0, max=400.0}}}","{17=5.629930945852059E8, 3=7.128958699999247E7, 4=9.973382720354278E7, 12=4.6782562531117797E8}"
/data-nonraid/maroulis/data/taxi_data/yellow_tripdata_2014_cleaned.csv,0,valinor,5,"Query{op=P, rect=(-73.977005..-73.92701),(40.74925..40.77425), categoricalFilters={}, groupByCols=null, measureCols=[12, 17, 4, 3], aggregateTypes=[COUNT, MIN, MAX, SUM, AVG]}",0.0,10913,11458,481,364,0,1179627,2.653557004,"{null={17=Stats{count=29559883, mean=13.228357539434642, populationStandardDeviation=9.774848536318302, min=0.0, max=621.97998046875}, 3=Stats{count=29559883, mean=1.678163069860465, populationStandardDeviation=1.35599488022755, min=0.0, max=9.0}, 4=Stats{count=29559883, mean=2.3467590307678052, populationStandardDeviation=2.6363172439741356, min=0.0, max=500.0}, 12=Stats{count=29559883, mean=10.987621018352094, populationStandardDeviation=8.026037649031386, min=0.0, max=400.0}}}","{17=3.910287011478559E8, 3=4.960630399999617E7, 4=6.936992237868972E7, 12=3.2479279175082874E8}"
/data-nonraid/maroulis/data/taxi_data/yellow_tripdata_2014_cleaned.csv,0,valinor,6,"Query{op=ZI, rect=(-73.981..-73.95601),(40.753624..40.766125), categoricalFilters={}, groupByCols=null, measureCols=[12, 17, 4, 3], aggregateTypes=[COUNT, MIN, MAX, SUM, AVG]}",0.0,11061,11569,86,52,0,4748138,9.117117462,"{null={17=Stats{count=20866088, mean=13.461299983970342, populationStandardDeviation=10.353458539756486, min=0.0, max=621.97998046875}, 3=Stats{count=20866088, mean=1.6917683372178047, populationStandardDeviation=1.358547764246678, min=0.0, max=9.0}, 4=Stats{count=20866088, mean=2.379145597952736, populationStandardDeviation=2.775859595230882, min=0.0, max=500.0}, 12=Stats{count=20866088, mean=11.153513673035054, populationStandardDeviation=8.451883815161505, min=0.0, max=400.0}}}","{17=2.8088467005992377E8, 3=3.530058700000039E7, 4=4.964346141169441E7, 12=2.3273019781075266E8}"
/data-nonraid/maroulis/data/taxi_data/yellow_tripdata_2014_cleaned.csv,0,valinor,7,"Query{op=ZI, rect=(-73.983..-73.970505),(40.755814..40.762062), categoricalFilters={}, groupByCols=null, measureCols=[12, 17, 4, 3], aggregateTypes=[COUNT, MIN, MAX, SUM, AVG]}",0.0,11181,11659,42,16,0,2568616,5.298858541,"{null={17=Stats{count=6552236, mean=14.277722044147414, populationStandardDeviation=11.441693433503321, min=0.0, max=621.97998046875}, 3=Stats{count=6552236, mean=1.7132661277770405, populationStandardDeviation=1.371422165113095, min=0.0, max=9.0}, 4=Stats{count=6552236, mean=2.5264457915922423, populationStandardDeviation=3.0229665290387193, min=0.0, max=240.8000030517578}, 12=Stats{count=6552236, mean=11.753365051305815, populationStandardDeviation=9.186760811016438, min=0.0, max=400.0}}}","{17=9.355100437565628E7, 3=1.1225724000001324E7, 4=1.6553869067719188E7, 12=7.701082161030781E7}"
/data-nonraid/maroulis/data/taxi_data/yellow_tripdata_2014_cleaned.csv,0,valinor,8,"Query{op=ZI, rect=(-73.984..-73.97775),(40.756905..40.760033), categoricalFilters={}, groupByCols=null, measureCols=[12, 17, 4, 3], aggregateTypes=[COUNT, MIN, MAX, SUM, AVG]}",0.0,11325,11767,36,18,0,1151695,2.282516289,"{null={17=Stats{count=1151695, mean=14.142450886743347, populationStandardDeviation=11.239440199692535, min=0.0, max=405.8299865722656}, 3=Stats{count=1151695, mean=1.7482258757743923, populationStandardDeviation=1.3836585769737224, min=0.0, max=9.0}, 4=Stats{count=1151695, mean=2.499958591281973, populationStandardDeviation=2.9836651075197183, min=0.0, max=93.5999984741211}, 12=Stats{count=1151695, mean=11.724400800604014, populationStandardDeviation=9.09828797626723, min=0.0, max=350.0}}}","{17=1.628778997400788E7, 3=2013422.9999999886, 4=2879189.809786492, 12=1.3502933780051641E7}"
/data-nonraid/maroulis/data/taxi_data/yellow_tripdata_2014_cleaned.csv,0,valinor,9,"Query{op=P, rect=(-73.98325..-73.977005),(40.75728..40.760406), categoricalFilters={}, groupByCols=null, measureCols=[12, 17, 4, 3], aggregateTypes=[COUNT, MIN, MAX, SUM, AVG]}",0.0,11537,11926,103,66,0,591486,1.327223488,"{null={17=Stats{count=1276398, mean=13.75371104336624, populationStandardDeviation=10.510810051990626, min=0.0, max=405.8299865722656}, 3=Stats{count=1276398, mean=1.7382618901001212, populationStandardDeviation=1.3756579559205533, min=0.0, max=9.0}, 4=Stats{count=1276398, mean=2.3801979945455782, populationStandardDeviation=2.7658446300109683, min=0.0, max=93.5999984741211}, 12=Stats{count=1276398, mean=11.39994898930075, populationStandardDeviation=8.497382703595441, min=0.0, max=350.0}}}","{17=1.755520926833058E7, 3=2218714.0000000144, 4=3038079.959841987, 12=1.4550872090045499E7}"
/data-nonraid/maroulis/data/taxi_data/yellow_tripdata_2014_cleaned.csv,0,valinor,10,"Query{op=P, rect=(-73.984..-73.97775),(40.75728..40.760406), categoricalFilters={}, groupByCols=null, measureCols=[12, 17, 4, 3], aggregateTypes=[COUNT, MIN, MAX, SUM, AVG]}",0.0,11885,12187,200,146,0,356322,0.831129999,"{null={17=Stats{count=1164549, mean=14.179319094650594, populationStandardDeviation=11.131756016369073, min=0.0, max=405.8299865722656}, 3=Stats{count=1164549, mean=1.7433839194400946, populationStandardDeviation=1.3812499092326769, min=0.0, max=9.0}, 4=Stats{count=1164549, mean=2.494302935938074, populationStandardDeviation=2.95044330896865, min=0.0, max=93.5999984741211}, 12=Stats{count=1164549, mean=11.735031673250205, populationStandardDeviation=9.010591848329105, min=0.0, max=350.0}}}","{17=1.6512511872356255E7, 3=2030256.0000000428, 4=2904737.989743748, 12=1.3666019400051853E7}"
/data-nonraid/maroulis/data/taxi_data/yellow_tripdata_2014_cleaned.csv,0,valinor,11,"Query{op=P, rect=(-73.984..-73.97775),(40.75678..40.759907), categoricalFilters={}, groupByCols=null, measureCols=[12, 17, 4, 3], aggregateTypes=[COUNT, MIN, MAX, SUM, AVG]}",0.0,12349,12535,256,183,0,435125,1.026400206,"{null={17=Stats{count=1153094, mean=14.148426542195143, populationStandardDeviation=11.298535939390618, min=0.0, max=405.8299865722656}, 3=Stats{count=1153094, mean=1.7486518878772614, populationStandardDeviation=1.3837892724310756, min=0.0, max=9.0}, 4=Stats{count=1153094, mean=2.5058344070798397, populationStandardDeviation=2.9989011293370553, min=0.0, max=93.5999984741211}, 12=Stats{count=1153094, mean=11.73243258576766, populationStandardDeviation=9.145669798786109, min=0.0, max=350.0}}}","{17=1.6314465755245967E7, 3=2016359.999999943, 4=2889462.6197973206, 12=1.3528597620053174E7}"
/data-nonraid/maroulis/data/taxi_data/yellow_tripdata_2014_cleaned.csv,0,valinor,12,"Query{op=P, rect=(-73.98475..-73.9785),(40.75678..40.759907), categoricalFilters={}, groupByCols=null, measureCols=[12, 17, 4, 3], aggregateTypes=[COUNT, MIN, MAX, SUM, AVG]}",0.0,12845,12907,404,328,0,352692,0.778112807,"{null={17=Stats{count=1169803, mean=14.607445559224825, populationStandardDeviation=11.99976701187316, min=0.0, max=375.69000244140625}, 3=Stats{count=1169803, mean=1.7552237428011095, populationStandardDeviation=1.380701021799555, min=0.0, max=9.0}, 4=Stats{count=1169803, mean=2.6443726164675994, populationStandardDeviation=3.207841173294724, min=0.0, max=96.0}, 12=Stats{count=1169803, mean=12.121484720137945, populationStandardDeviation=9.710818373843253, min=0.0, max=290.0}}}","{17=1.7087833637517877E7, 3=2053265.9999999662, 4=3093395.019861647, 12=1.4179749190071529E7}"
/data-nonraid/maroulis/data/taxi_data/yellow_tripdata_2014_cleaned.csv,0,valinor,13,"Query{op=P, rect=(-73.98412..-73.977875),(40.756466..40.759594), categoricalFilters={}, groupByCols=null, measureCols=[12, 17, 4, 3], aggregateTypes=[COUNT, MIN, MAX, SUM, AVG]}",0.0,13453,13363,585,472,0,264699,0.570007569,"{null={17=Stats{count=1148720, mean=14.222168969570172, populationStandardDeviation=11.499153290891103, min=0.0, max=405.8299865722656}, 3=Stats{count=1148720, mean=1.7476069015948492, populationStandardDeviation=1.3816840721420731, min=0.0, max=9.0}, 4=Stats{count=1148720, mean=2.535007564679949, populationStandardDeviation=3.0573994120315766, min=0.0, max=93.5999984741211}, 12=Stats{count=1148720, mean=11.794790105561146, populationStandardDeviation=9.303610113292468, min=0.0, max=350.0}}}","{17=1.6337289938724648E7, 3=2007511.0000000352, 4=2912013.889699151, 12=1.35489112900602E7}"
/data-nonraid/maroulis/data/taxi_data/yellow_tripdata_2014_cleaned.csv,0,valinor,14,"Query{op=P, rect=(-73.983376..-73.97713),(40.756466..40.759594), categoricalFilters={}, groupByCols=null, measureCols=[12, 17, 4, 3], aggregateTypes=[COUNT, MIN, MAX, SUM, AVG]}",0.0,14421,14089,713,588,0,291645,0.633510397,"{null={17=Stats{count=1295507, mean=13.71099842303983, populationStandardDeviation=10.74390752996527, min=0.0, max=405.8299865722656}, 3=Stats{count=1295507, mean=1.7432364317599525, populationStandardDeviation=1.3775943600389093, min=0.0, max=9.0}, 4=Stats{count=1295507, mean=2.399536868437355, populationStandardDeviation=2.846220608488635, min=0.0, max=240.8000030517578}, 12=Stats{count=1295507, mean=11.390568256330587, populationStandardDeviation=8.700005169416714, min=0.0, max=350.0}}}","{17=1.7762694434037063E7, 3=2258375.0000000405, 4=3108616.809818672, 12=1.4756560910054069E7}"
/data-nonraid/maroulis/data/taxi_data/yellow_tripdata_2014_cleaned.csv,0,valinor,15,"Query{op=P, rect=(-73.98412..-73.977875),(40.756466..40.759594), categoricalFilters={}, groupByCols=null, measureCols=[12, 17, 4, 3], aggregateTypes=[COUNT, MIN, MAX, SUM, AVG]}",0.0,14993,14518,1323,1041,0,95902,0.21854834,"{null={17=Stats{count=1148720, mean=14.222168969570166, populationStandardDeviation=11.499153290890979, min=0.0, max=405.8299865722656}, 3=Stats{count=1148720, mean=1.7476069015948221, populationStandardDeviation=1.3816840721420982, min=0.0, max=9.0}, 4=Stats{count=1148720, mean=2.5350075646799026, populationStandardDeviation=3.0573994120315238, min=0.0, max=93.5999984741211}, 12=Stats{count=1148720, mean=11.794790105561166, populationStandardDeviation=9.303610113292256, min=0.0, max=350.0}}}","{17=1.633728993872464E7, 3=2007511.000000004, 4=2912013.8896990977, 12=1.3548911290060222E7}"
/data-nonraid/maroulis/data/taxi_data/yellow_tripdata_2014_cleaned.csv,0,valinor,16,"Query{op=P, rect=(-73.98487..-73.97862),(40.756466..40.759594), categoricalFilters={}, groupByCols=null, measureCols=[12, 17, 4, 3], aggregateTypes=[COUNT, MIN, MAX, SUM, AVG]}",0.0,15229,14695,1038,815,0,187573,0.48231631,"{null={17=Stats{count=1153847, mean=14.699598309565777, populationStandardDeviation=12.20196432249875, min=0.0, max=375.69000244140625}, 3=Stats{count=1153847, mean=1.7590928433319288, populationStandardDeviation=1.3821351230691303, min=0.0, max=9.0}, 4=Stats{count=1153847, mean=2.680163400996562, populationStandardDeviation=3.265970191682519, min=0.0, max=96.0}, 12=Stats{count=1153847, mean=12.203091831136398, populationStandardDeviation=9.871283594878397, min=0.0, max=290.0}}}","{17=1.6961087410697542E7, 3=2029724.000000016, 4=3092498.49974968, 12=1.408050090008124E7}"
/data-nonraid/maroulis/data/taxi_data/yellow_tripdata_2014_cleaned.csv,0,valinor,17,"Query{op=P, rect=(-73.98393..-73.977684),(40.756466..40.759594), categoricalFilters={}, groupByCols=null, measureCols=[12, 17, 4, 3], aggregateTypes=[COUNT, MIN, MAX, SUM, AVG]}",0.0,15713,15058,1520,1211,0,59461,0.14811243,"{null={17=Stats{count=1174568, mean=14.079752221187157, populationStandardDeviation=11.29243297489633, min=0.0, max=405.8299865722656}, 3=Stats{count=1174568, mean=1.7469920856008294, populationStandardDeviation=1.3817812121621036, min=0.0, max=9.0}, 4=Stats{count=1174568, mean=2.4967268984838005, populationStandardDeviation=2.9975028156081405, min=0.0, max=93.5999984741211}, 12=Stats{count=1174568, mean=11.680563517869722, populationStandardDeviation=9.139217251098675, min=0.0, max=350.0}}}","{17=1.6537626406935357E7, 3=2051960.999999995, 4=2932575.5196983204, 12=1.3719616130057203E7}"
/data-nonraid/maroulis/data/taxi_data/yellow_tripdata_2014_cleaned.csv,0,valinor,18,"Query{op=P, rect=(-73.98393..-73.977684),(40.756092..40.75922), categoricalFilters={}, groupByCols=null, measureCols=[12, 17, 4, 3], aggregateTypes=[COUNT, MIN, MAX, SUM, AVG]}",0.0,16089,15340,1145,975,0,299318,0.585564344,"{null={17=Stats{count=1208691, mean=14.050853014368421, populationStandardDeviation=11.370154659295327, min=0.0, max=405.8299865722656}, 3=Stats{count=1208691, mean=1.7452276884662608, populationStandardDeviation=1.3797766654852741, min=0.0, max=9.0}, 4=Stats{count=1208691, mean=2.5002460097136203, populationStandardDeviation=3.018846981828679, min=0.0, max=93.5999984741211}, 12=Stats{count=1208691, mean=11.659280419949456, populationStandardDeviation=9.190537484992637, min=0.0, max=350.0}}}","{17=1.698313958078998E7, 3=2109440.999999973, 4=3022024.8497267654, 12=1.4092467310069127E7}"
/data-nonraid/maroulis/data/taxi_data/yellow_tripdata_2014_cleaned.csv,0,valinor,19,"Query{op=P, rect=(-73.98462..-73.97837),(40.75575..40.758877), categoricalFilters={}, groupByCols=null, measureCols=[12, 17, 4, 3], aggregateTypes=[COUNT, MIN, MAX, SUM, AVG]}",0.0,16613,15733,891,813,0,367583,0.82986307,"{null={17=Stats{count=1164789, mean=14.53121149122388, populationStandardDeviation=12.125288216606807, min=0.0, max=375.69000244140625}, 3=Stats{count=1164789, mean=1.751232197419415, populationStandardDeviation=1.3797842235793822, min=0.0, max=9.0}, 4=Stats{count=1164789, mean=2.645265133764634, populationStandardDeviation=3.232989123749188, min=0.0, max=96.0}, 12=Stats{count=1164789, mean=12.052152140928813, populationStandardDeviation=9.771333078574383, min=0.0, max=290.0}}}","{17=1.6925795301651172E7, 3=2039815.999999963, 4=3081175.7298925743, 12=1.403821424008033E7}"
/data-nonraid/maroulis/data/taxi_data/yellow_tripdata_2014_cleaned.csv,0,valinor,20,"Query{op=P, rect=(-73.98362..-73.97737),(40.75525..40.758377), categoricalFilters={}, groupByCols=null, measureCols=[12, 17, 4, 3], aggregateTypes=[COUNT, MIN, MAX, SUM, AVG]}",0.0,17181,16159,872,785,0,520301,1.299285747,"{null={17=Stats{count=1336578, mean=13.967677689110571, populationStandardDeviation=11.49207273033326, min=0.0, max=400.0}, 3=Stats{count=1336578, mean=1.7432211214010802, populationStandardDeviation=1.3768839644021897, min=0.0, max=9.0}, 4=Stats{count=1336578, mean=2.4997443546424365, populationStandardDeviation=3.040443485314802, min=0.0, max=100.0}, 12=Stats{count=1336578, mean=11.595508043732892, populationStandardDeviation=9.252674519506563, min=0.0, max=400.0}}}","{17=1.866889071035603E7, 3=2329951.000000013, 4=3341103.3100392786, 12=1.5498300950076422E7}"
/data-nonraid/maroulis/data/taxi_data/yellow_tripdata_2014_cleaned.csv,0,valinor,21,"Query{op=P, rect=(-73.98456..-73.97831),(40.75525..40.758377), categoricalFilters={}, groupByCols=null, measureCols=[12, 17, 4, 3], aggregateTypes=[COUNT, MIN, MAX, SUM, AVG]}",0.0,17801,16624,1344,1222,0,308766,0.752410125,"{null={17=Stats{count=1249789, mean=14.509476598019493, populationStandardDeviation=12.191423673345568, min=0.0, max=400.0}, 3=Stats{count=1249789, mean=1.7483023134305198, populationStandardDeviation=1.3788081360477757, min=0.0, max=9.0}, 4=Stats{count=1249789, mean=2.6464817981008237, populationStandardDeviation=3.239159383550537, min=0.0, max=100.0}, 12=Stats{count=1249789, mean=12.018164514243233, populationStandardDeviation=9.79827112722301, min=0.0, max=400.0}}}","{17=1.8133784247962184E7, 3=2185009.000000016, 4=3307543.8399666306, 12=1.5020169810091536E7}"
/data-nonraid/maroulis/data/taxi_data/yellow_tripdata_2014_cleaned.csv,0,valinor,22,"Query{op=P, rect=(-73.98575..-73.9795),(40.754654..40.757782), categoricalFilters={}, groupByCols=null, measureCols=[12, 17, 4, 3], aggregateTypes=[COUNT, MIN, MAX, SUM, AVG]}",0.0,18145,16882,387,325,0,467858,1.048095917,"{null={17=Stats{count=1310430, mean=14.74463631501251, populationStandardDeviation=12.506586770722315, min=0.0, max=400.0}, 3=Stats{count=1310430, mean=1.750035484535624, populationStandardDeviation=1.3789593144167835, min=0.0, max=8.0}, 4=Stats{count=1310430, mean=2.7220057232515598, populationStandardDeviation=3.3158671695791853, min=0.0, max=100.0}, 12=Stats{count=1310430, mean=12.16573202696535, populationStandardDeviation=10.046892771718664, min=0.0, max=400.0}}}","{17=1.9321813766281843E7, 3=2293299.0000000177, 4=3566997.9599205414, 12=1.5942340220096203E7}"
/data-nonraid/maroulis/data/taxi_data/yellow_tripdata_2014_cleaned.csv,0,valinor,23,"Query{op=P, rect=(-73.98575..-73.9795),(40.75403..40.757156), categoricalFilters={}, groupByCols=null, measureCols=[12, 17, 4, 3], aggregateTypes=[COUNT, MIN, MAX, SUM, AVG]}",0.0,18465,17122,226,141,0,615921,1.260515517,"{null={17=Stats{count=1309902, mean=14.458224484767392, populationStandardDeviation=12.177585612154756, min=0.0, max=400.0}, 3=Stats{count=1309902, mean=1.732763977763222, populationStandardDeviation=1.3699590883518076, min=0.0, max=8.0}, 4=Stats{count=1309902, mean=2.640540154837673, populationStandardDeviation=3.2016331214552762, min=0.0, max=100.0}, 12=Stats{count=1309902, mean=11.895309565209248, populationStandardDeviation=9.751110866482758, min=0.0, max=400.0}}}","{17=1.8938857169045776E7, 3=2269751.0, 4=3458848.8299021777, 12=1.5581689790086724E7}"
/data-nonraid/maroulis/data/taxi_data/yellow_tripdata_2014_cleaned.csv,0,valinor,24,"Query{op=P, rect=(-73.987..-73.98075),(40.75403..40.757156), categoricalFilters={}, groupByCols=null, measureCols=[12, 17, 4, 3], aggregateTypes=[COUNT, MIN, MAX, SUM, AVG]}",0.0,18889,17440,374,284,0,504368,1.042393166,"{null={17=Stats{count=1375723, mean=14.447026341800614, populationStandardDeviation=12.103300057631271, min=0.0, max=390.0}, 3=Stats{count=1375723, mean=1.7425935308198786, populationStandardDeviation=1.37326994945848, min=0.0, max=8.0}, 4=Stats{count=1375723, mean=2.6680126885646485, populationStandardDeviation=3.192309165161389, min=0.0, max=100.0}, 12=Stats{count=1375723, mean=11.902775820483992, populationStandardDeviation=9.733016741926251, min=0.0, max=300.0}}}","{17=1.9875106420020964E7, 3=2397326.000000116, 4=3670446.419950224, 12=1.6374922460083699E7}"
/data-nonraid/maroulis/data/taxi_data/yellow_tripdata_2014_cleaned.csv,0,valinor,25,"Query{op=P, rect=(-73.987..-73.98075),(40.753498..40.756626), categoricalFilters={}, groupByCols=null, measureCols=[12, 17, 4, 3], aggregateTypes=[COUNT, MIN, MAX, SUM, AVG]}",0.0,19437,17851,860,760,0,422637,0.921141598,"{null={17=Stats{count=1254817, mean=14.33310550464493, populationStandardDeviation=11.987824222774067, min=0.0, max=495.5}, 3=Stats{count=1254817, mean=1.727981052217211, populationStandardDeviation=1.3668227518487512, min=0.0, max=8.0}, 4=Stats{count=1254817, mean=2.626425638129664, populationStandardDeviation=3.1362240255613005, min=0.0, max=100.0}, 12=Stats{count=1254817, mean=11.773231634640224, populationStandardDeviation=9.59974591219747, min=0.0, max=395.20001220703125}}}","{17=1.7985424450022038E7, 3=2168300.0000000442, 4=3295683.5399609506, 12=1.4773251200084342E7}"
/data-nonraid/maroulis/data/taxi_data/yellow_tripdata_2014_cleaned.csv,0,valinor,26,"Query{op=P, rect=(-73.98594..-73.97969),(40.753498..40.756626), categoricalFilters={}, groupByCols=null, measureCols=[12, 17, 4, 3], aggregateTypes=[COUNT, MIN, MAX, SUM, AVG]}",0.0,19805,18127,1197,1053,0,179313,0.409041597,"{null={17=Stats{count=1270023, mean=14.231138382086513, populationStandardDeviation=11.962844245679124, min=0.0, max=495.5}, 3=Stats{count=1270023, mean=1.7215790580170642, populationStandardDeviation=1.365019171828977, min=0.0, max=8.0}, 4=Stats{count=1270023, mean=2.5793117604206475, populationStandardDeviation=3.11845124803769, min=0.0, max=100.0}, 12=Stats{count=1270023, mean=11.682521804796036, populationStandardDeviation=9.547343030034012, min=0.0, max=395.20001220703125}}}","{17=1.807387306143266E7, 3=2186445.000000006, 4=3275785.259904712, 12=1.4837071390092475E7}"
/data-nonraid/maroulis/data/taxi_data/yellow_tripdata_2014_cleaned.csv,0,valinor,27,"Query{op=P, rect=(-73.98475..-73.9785),(40.753498..40.756626), categoricalFilters={}, groupByCols=null, measureCols=[12, 17, 4, 3], aggregateTypes=[COUNT, MIN, MAX, SUM, AVG]}",0.0,20269,18475,1347,1175,0,222061,0.582916638,"{null={17=Stats{count=1377304, mean=13.933400092463078, populationStandardDeviation=11.592810009513103, min=0.0, max=410.0}, 3=Stats{count=1377304, mean=1.7109737574275763, populationStandardDeviation=1.3593546237618608, min=0.0, max=8.0}, 4=Stats{count=1377304, mean=2.4953030847672184, populationStandardDeviation=3.0193266763209943, min=0.0, max=100.0}, 12=Stats{count=1377304, mean=11.456718342565608, populationStandardDeviation=9.254576666069378, min=0.0, max=400.0}}}","{17=1.9190527680949766E7, 3=2356531.0000000307, 4=3436790.919862229, 12=1.5779384000088982E7}"
/data-nonraid/maroulis/data/taxi_data/yellow_tripdata_2014_cleaned.csv,0,valinor,28,"Query{op=P, rect=(-73.986..-73.97975),(40.753498..40.756626), categoricalFilters={}, groupByCols=null, measureCols=[12, 17, 4, 3], aggregateTypes=[COUNT, MIN, MAX, SUM, AVG]}",0.0,20665,18772,1393,1182,0,69752,0.189490275,"{null={17=Stats{count=1264870, mean=14.246558097961046, populationStandardDeviation=11.983547833746739, min=0.0, max=495.5}, 3=Stats{count=1264870, mean=1.7216354249843924, populationStandardDeviation=1.3647471075487019, min=0.0, max=8.0}, 4=Stats{count=1264870, mean=2.5837170775853457, populationStandardDeviation=3.1233704985183186, min=0.0, max=100.0}, 12=Stats{count=1264870, mean=11.694687509461216, populationStandardDeviation=9.564189087744738, min=0.0, max=395.20001220703125}}}","{17=1.8020043941367988E7, 3=2177645.0000000084, 4=3268066.219925376, 12=1.4792259390092209E7}"
/data-nonraid/maroulis/data/taxi_data/yellow_tripdata_2014_cleaned.csv,0,valinor,29,"Query{op=P, rect=(-73.98512..-73.978874),(40.753498..40.756626), categoricalFilters={}, groupByCols=null, measureCols=[12, 17, 4, 3], aggregateTypes=[COUNT, MIN, MAX, SUM, AVG]}",0.0,21073,19078,1459,1250,0,102779,0.274822919,"{null={17=Stats{count=1355854, mean=14.019169587098444, populationStandardDeviation=11.689843336689067, min=0.0, max=495.5}, 3=Stats{count=1355854, mean=1.7149729985677011, populationStandardDeviation=1.3621083155074605, min=0.0, max=8.0}, 4=Stats{count=1355854, mean=2.5204333209286847, populationStandardDeviation=3.0461706679534135, min=0.0, max=100.0}, 12=Stats{count=1355854, mean=11.520053110502216, populationStandardDeviation=9.329045486691163, min=0.0, max=400.0}}}","{17=1.9007947161345772E7, 3=2325253.0000000116, 4=3417339.599914441, 12=1.5619510090086872E7}"
/data-nonraid/maroulis/data/taxi_data/yellow_tripdata_2014_cleaned.csv,0,valinor,30,"Query{op=P, rect=(-73.984436..-73.97819),(40.753498..40.756626), categoricalFilters={}, groupByCols=null, measureCols=[12, 17, 4, 3], aggregateTypes=[COUNT, MIN, MAX, SUM, AVG]}",0.0,21313,19258,1697,1456,0,173001,0.423443685,"{null={17=Stats{count=1366790, mean=13.885542899855915, populationStandardDeviation=11.541099769375698, min=0.0, max=410.0}, 3=Stats{count=1366790, mean=1.7100183641964093, populationStandardDeviation=1.3595159370509402, min=0.0, max=8.0}, 4=Stats{count=1366790, mean=2.480577659950584, populationStandardDeviation=3.0061813682172827, min=0.0, max=100.0}, 12=Stats{count=1366790, mean=11.42475983149363, populationStandardDeviation=9.215160303409982, min=0.0, max=400.0}}}","{17=1.8978621180094067E7, 3=2337236.0000000102, 4=3390428.739843859, 12=1.5615247490087178E7}"
/data-nonraid/maroulis/data/taxi_data/yellow_tripdata_2014_cleaned.csv,0,valinor,31,"Query{op=P, rect=(-73.985435..-73.97919),(40.753498..40.756626), categoricalFilters={}, groupByCols=null, measureCols=[12, 17, 4, 3], aggregateTypes=[COUNT, MIN, MAX, SUM, AVG]}",0.0,21689,19540,1578,1314,0,78584,0.21062848,"{null={17=Stats{count=1315587, mean=14.108060045415954, populationStandardDeviation=11.794863792751887, min=0.0, max=495.5}, 3=Stats{count=1315587, mean=1.7182269207586058, populationStandardDeviation=1.3640764034613917, min=0.0, max=8.0}, 4=Stats{count=1315587, mean=2.5439294929990575, populationStandardDeviation=3.072889552407894, min=0.0, max=100.0}, 12=Stats{count=1315587, mean=11.586974688928798, populationStandardDeviation=9.413901417122853, min=0.0, max=400.0}}}","{17=1.856038039096864E7, 3=2260477.000000052, 4=3346760.569906151, 12=1.524367327008377E7}"
/data-nonraid/maroulis/data/taxi_data/yellow_tripdata_2014_cleaned.csv,0,valinor,32,"Query{op=P, rect=(-73.98463..-73.97838),(40.753498..40.756626), categoricalFilters={}, groupByCols=null, measureCols=[12, 17, 4, 3], aggregateTypes=[COUNT, MIN, MAX, SUM, AVG]}",0.0,21949,19735,1809,1523,0,71429,0.197591035,"{null={17=Stats{count=1375792, mean=13.914248665973597, populationStandardDeviation=11.568571878564349, min=0.0, max=410.0}, 3=Stats{count=1375792, mean=1.7098493086164352, populationStandardDeviation=1.3586636777238106, min=0.0, max=8.0}, 4=Stats{count=1375792, mean=2.4897250673345384, populationStandardDeviation=3.0139576282354743, min=0.0, max=100.0}, 12=Stats{count=1375792, mean=11.443971974024752, populationStandardDeviation=9.236192467831176, min=0.0, max=400.0}}}","{17=1.914311200065715E7, 3=2352397.000000023, 4=3425343.829838319, 12=1.5744525090087462E7}"
/data-nonraid/maroulis/data/taxi_data/yellow_tripdata_2014_cleaned.csv,0,valinor,33,"Query{op=P, rect=(-73.985504..-73.979256),(40.753498..40.756626), categoricalFilters={}, groupByCols=null, measureCols=[12, 17, 4, 3], aggregateTypes=[COUNT, MIN, MAX, SUM, AVG]}",0.0,22241,19954,1644,1340,0,31513,0.09727924,"{null={17=Stats{count=1307327, mean=14.126626682388476, populationStandardDeviation=11.819653467934597, min=0.0, max=495.5}, 3=Stats{count=1307327, mean=1.7188002695576468, populationStandardDeviation=1.364408391582493, min=0.0, max=8.0}, 4=Stats{count=1307327, mean=2.548619358363296, populationStandardDeviation=3.078523886599232, min=0.0, max=100.0}, 12=Stats{count=1307327, mean=11.600590173757531, populationStandardDeviation=9.432555053414804, min=0.0, max=400.0}}}","{17=1.846812048080688E7, 3=2247033.9999999898, 4=3331878.8999110125, 12=1.5165764750087913E7}"
/data-nonraid/maroulis/data/taxi_data/yellow_tripdata_2014_cleaned.csv,0,valinor,34,"Query{op=P, rect=(-73.98482..-73.97857),(40.753498..40.756626), categoricalFilters={}, groupByCols=null, measureCols=[12, 17, 4, 3], aggregateTypes=[COUNT, MIN, MAX, SUM, AVG]}",0.0,22461,20119,1622,1364,0,37339,0.112894056,"{null={17=Stats{count=1375351, mean=13.950209380151511, populationStandardDeviation=11.613615342080227, min=0.0, max=410.0}, 3=Stats{count=1375351, mean=1.7119360803169783, populationStandardDeviation=1.3601336582749863, min=0.0, max=8.0}, 4=Stats{count=1375351, mean=2.500269552901229, populationStandardDeviation=3.0253421541895764, min=0.0, max=100.0}, 12=Stats{count=1375351, mean=11.46939169716463, populationStandardDeviation=9.271426887507186, min=0.0, max=400.0}}}","{17=1.918643442120076E7, 3=2354513.0000000363, 4=3438748.229852258, 12=1.5774439340087071E7}"
/data-nonraid/maroulis/data/taxi_data/yellow_tripdata_2014_cleaned.csv,0,valinor,35,"Query{op=P, rect=(-73.98419..-73.97794),(40.753498..40.756626), categoricalFilters={}, groupByCols=null, measureCols=[12, 17, 4, 3], aggregateTypes=[COUNT, MIN, MAX, SUM, AVG]}",0.0,22809,20380,1763,1507,0,106843,0.279690317,"{null={17=Stats{count=1344716, mean=13.858938035434551, populationStandardDeviation=11.53813162237997, min=0.0, max=410.0}, 3=Stats{count=1344716, mean=1.7124344471248767, populationStandardDeviation=1.3617430225037994, min=0.0, max=8.0}, 4=Stats{count=1344716, mean=2.4713412645308117, populationStandardDeviation=3.0048242661424935, min=0.0, max=100.0}, 12=Stats{count=1344716, mean=11.41326643699413, populationStandardDeviation=9.21611960657962, min=0.0, max=400.0}}}","{17=1.8636335719257407E7, 3=2302737.999999976, 4=3323252.139874815, 12=1.5347601990089E7}"
/data-nonraid/maroulis/data/taxi_data/yellow_tripdata_2014_cleaned.csv,0,valinor,36,"Query{op=P, rect=(-73.983505..-73.97726),(40.75384..40.75697), categoricalFilters={}, groupByCols=null, measureCols=[12, 17, 4, 3], aggregateTypes=[COUNT, MIN, MAX, SUM, AVG]}",0.0,23381,20809,1106,982,0,174731,0.419525488,"{null={17=Stats{count=1282087, mean=13.942381539159012, populationStandardDeviation=11.703580390210409, min=0.0, max=400.0}, 3=Stats{count=1282087, mean=1.7214549402653396, populationStandardDeviation=1.3655252318099902, min=0.0, max=8.0}, 4=Stats{count=1282087, mean=2.487502821567255, populationStandardDeviation=3.065586997092408, min=0.0, max=100.0}, 12=Stats{count=1282087, mean=11.521499118281957, populationStandardDeviation=9.37135241266287, min=0.0, max=400.0}}}","{17=1.787534612039576E7, 3=2207054.9999999683, 4=3189195.0299946973, 12=1.477156424006076E7}"
/data-nonraid/maroulis/data/taxi_data/yellow_tripdata_2014_cleaned.csv,0,valinor,37,"Query{op=P, rect=(-73.983505..-73.97726),(40.753216..40.756344), categoricalFilters={}, groupByCols=null, measureCols=[12, 17, 4, 3], aggregateTypes=[COUNT, MIN, MAX, SUM, AVG]}",0.0,24141,21379,1498,1380,0,373401,0.894526312,"{null={17=Stats{count=1360252, mean=13.673004977986974, populationStandardDeviation=11.382743904449695, min=0.0, max=410.0}, 3=Stats{count=1360252, mean=1.7098177396541245, populationStandardDeviation=1.3636411491264866, min=0.0, max=8.0}, 4=Stats{count=1360252, mean=2.4133216712836254, populationStandardDeviation=2.9507352109174936, min=0.0, max=100.0}, 12=Stats{count=1360252, mean=11.281970480508619, populationStandardDeviation=9.096369097242343, min=0.0, max=400.0}}}","{17=1.8598732367316738E7, 3=2325783.0000000023, 4=3282725.630006894, 12=1.534632291005281E7}"
/data-nonraid/maroulis/data/taxi_data/yellow_tripdata_2014_cleaned.csv,0,valinor,38,"Query{op=P, rect=(-73.98419..-73.97794),(40.753216..40.756344), categoricalFilters={}, groupByCols=null, measureCols=[12, 17, 4, 3], aggregateTypes=[COUNT, MIN, MAX, SUM, AVG]}",0.0,24809,21880,1878,1677,0,126007,0.287097231,"{null={17=Stats{count=1346641, mean=13.762517936613378, populationStandardDeviation=11.446963893999328, min=0.0, max=410.0}, 3=Stats{count=1346641, mean=1.7088867782876274, populationStandardDeviation=1.3617429136704708, min=0.0, max=8.0}, 4=Stats{count=1346641, mean=2.447343850315472, populationStandardDeviation=2.966792612254978, min=0.0, max=100.0}, 12=Stats{count=1346641, mean=11.325928803647605, populationStandardDeviation=9.136262779596048, min=0.0, max=400.0}}}","{17=1.8533170916678976E7, 3=2301257.000000029, 4=3295693.5699326773, 12=1.5251960090072814E7}"
/data-nonraid/maroulis/data/taxi_data/yellow_tripdata_2014_cleaned.csv,0,valinor,39,"Query{op=P, rect=(-73.98419..-73.97794),(40.752747..40.755875), categoricalFilters={}, groupByCols=null, measureCols=[12, 17, 4, 3], aggregateTypes=[COUNT, MIN, MAX, SUM, AVG]}",0.0,25741,22579,1888,1695,0,332880,0.717892233,"{null={17=Stats{count=1346067, mean=13.67164102759884, populationStandardDeviation=11.355588331086715, min=3.0, max=410.0}, 3=Stats{count=1346067, mean=1.7026069281840648, populationStandardDeviation=1.362514746329494, min=0.0, max=8.0}, 4=Stats{count=1346067, mean=2.423324329221314, populationStandardDeviation=2.932138502397736, min=0.0, max=176.5}, 12=Stats{count=1346067, mean=11.225078335676734, populationStandardDeviation=9.043300800207811, min=0.009999999776482582, max=400.0}}}","{17=1.8402944823096886E7, 3=2291822.9999999395, 4=3261956.909861946, 12=1.5109707520069376E7}"
/data-nonraid/maroulis/data/taxi_data/yellow_tripdata_2014_cleaned.csv,0,valinor,40,"Query{op=P, rect=(-73.98419..-73.97794),(40.752308..40.755436), categoricalFilters={}, groupByCols=null, measureCols=[12, 17, 4, 3], aggregateTypes=[COUNT, MIN, MAX, SUM, AVG]}",0.0,26225,22942,2135,1953,0,605174,1.271827287,"{null={17=Stats{count=1483768, mean=13.613346913803982, populationStandardDeviation=11.122214110365247, min=0.0, max=410.0}, 3=Stats{count=1483768, mean=1.6860304306333218, populationStandardDeviation=1.3541505996580199, min=0.0, max=8.0}, 4=Stats{count=1483768, mean=2.406835906740925, populationStandardDeviation=2.8714554627061326, min=0.0, max=176.5}, 12=Stats{count=1483768, mean=11.16959087272724, populationStandardDeviation=8.846141296856247, min=0.0, max=395.20001220703125}}}","{17=2.0199048523601107E7, 3=2501677.9999999427, 4=3571186.0996731687, 12=1.657308151004475E7}"
/data-nonraid/maroulis/data/taxi_data/yellow_tripdata_2014_cleaned.csv,0,valinor,41,"Query{op=P, rect=(-73.98419..-73.97794),(40.752716..40.755844), categoricalFilters={}, groupByCols=null, measureCols=[12, 17, 4, 3], aggregateTypes=[COUNT, MIN, MAX, SUM, AVG]}",0.0,26453,23113,2641,2371,0,72761,0.190597328,"{null={17=Stats{count=1348229, mean=13.669494806102508, populationStandardDeviation=11.353112558099927, min=3.0, max=410.0}, 3=Stats{count=1348229, mean=1.7018014002072406, populationStandardDeviation=1.362389893358047, min=0.0, max=8.0}, 4=Stats{count=1348229, mean=2.4226216910193585, populationStandardDeviation=2.930596089066153, min=0.0, max=176.5}, 12=Stats{count=1348229, mean=11.220914725961462, populationStandardDeviation=9.037789206278159, min=0.009999999776482582, max=400.0}}}","{17=1.842960931293678E7, 3=2294418.000000008, 4=3266248.819861339, 12=1.5128362640068296E7}"
/data-nonraid/maroulis/data/taxi_data/yellow_tripdata_2014_cleaned.csv,0,valinor,42,"Query{op=P, rect=(-73.98494..-73.97869),(40.752716..40.755844), categoricalFilters={}, groupByCols=null, measureCols=[12, 17, 4, 3], aggregateTypes=[COUNT, MIN, MAX, SUM, AVG]}",0.0,26921,23464,1881,1661,0,101644,0.243906614,"{null={17=Stats{count=1308763, mean=13.774188025291911, populationStandardDeviation=11.486463091918909, min=3.0, max=410.0}, 3=Stats{count=1308763, mean=1.69781541807032, populationStandardDeviation=1.3547484890749206, min=0.0, max=8.0}, 4=Stats{count=1308763, mean=2.455890921311135, populationStandardDeviation=2.960861793889624, min=0.0, max=100.0}, 12=Stats{count=1308763, mean=11.27892265449728, populationStandardDeviation=9.134945637934717, min=0.009999999776482582, max=400.0}}}","{17=1.802714764254512E7, 3=2222037.999999966, 4=3214179.169847925, 12=1.4761436650067823E7}"
/data-nonraid/maroulis/data/taxi_data/yellow_tripdata_2014_cleaned.csv,0,valinor,43,"Query{op=P, rect=(-73.98569..-73.97944),(40.752716..40.755844), categoricalFilters={}, groupByCols=null, measureCols=[12, 17, 4, 3], aggregateTypes=[COUNT, MIN, MAX, SUM, AVG]}",0.0,27461,23869,1784,1537,0,131897,0.293862054,"{null={17=Stats{count=1264745, mean=13.910416442645742, populationStandardDeviation=11.707799930889259, min=3.0, max=495.5}, 3=Stats{count=1264745, mean=1.7064364753369354, populationStandardDeviation=1.3587888882608667, min=0.0, max=8.0}, 4=Stats{count=1264745, mean=2.498968013227937, populationStandardDeviation=3.0228740237689506, min=0.0, max=100.0}, 12=Stats{count=1264745, mean=11.387733930618856, populationStandardDeviation=9.326701309735535, min=0.009999999776482582, max=400.0}}}","{17=1.759312964375399E7, 3=2158207.0000000126, 4=3160557.2998899673, 12=1.4402579550080545E7}"
/data-nonraid/maroulis/data/taxi_data/yellow_tripdata_2014_cleaned.csv,0,valinor,44,"Query{op=P, rect=(-73.984566..-73.97832),(40.752716..40.755844), categoricalFilters={}, groupByCols=null, measureCols=[12, 17, 4, 3], aggregateTypes=[COUNT, MIN, MAX, SUM, AVG]}",0.0,27853,24163,2457,2155,0,44764,0.114596333,"{null={17=Stats{count=1321278, mean=13.723964171204985, populationStandardDeviation=11.41555316285028, min=3.0, max=410.0}, 3=Stats{count=1321278, mean=1.6968616748330083, populationStandardDeviation=1.3561246227646475, min=0.0, max=8.0}, 4=Stats{count=1321278, mean=2.4398659781099754, populationStandardDeviation=2.9462462534792775, min=0.0, max=176.5}, 12=Stats{count=1321278, mean=11.246292899805503, populationStandardDeviation=9.081399577588098, min=0.009999999776482582, max=400.0}}}","{17=1.813317193220138E7, 3=2242026.0000000075, 4=3223741.239825192, 12=1.4859479390069216E7}"
/data-nonraid/maroulis/data/taxi_data/yellow_tripdata_2014_cleaned.csv,0,valinor,45,"Query{op=P, rect=(-73.984566..-73.97832),(40.752403..40.75553), categoricalFilters={}, groupByCols=null, measureCols=[12, 17, 4, 3], aggregateTypes=[COUNT, MIN, MAX, SUM, AVG]}",0.0,28541,24679,2417,2178,0,194148,0.532645216,"{null={17=Stats{count=1314494, mean=13.714297691608538, populationStandardDeviation=11.376816625992992, min=0.009999999776482582, max=410.0}, 3=Stats{count=1314494, mean=1.68728575406201, populationStandardDeviation=1.3519689194376139, min=0.0, max=8.0}, 4=Stats{count=1314494, mean=2.438502480600022, populationStandardDeviation=2.9336598287256375, min=0.0, max=176.5}, 12=Stats{count=1314494, mean=11.210013472900668, populationStandardDeviation=9.029438999901883, min=0.009999999776482582, max=395.20001220703125}}}","{17=1.8027362029833272E7, 3=2217926.999999988, 4=3205396.8797338456, 12=1.473549545004709E7}"
/data-nonraid/maroulis/data/taxi_data/yellow_tripdata_2014_cleaned.csv,0,valinor,46,"Query{op=P, rect=(-73.98525..-73.979004),(40.752403..40.75553), categoricalFilters={}, groupByCols=null, measureCols=[12, 17, 4, 3], aggregateTypes=[COUNT, MIN, MAX, SUM, AVG]}",0.0,29249,25210,2345,2115,0,93993,0.263942096,"{null={17=Stats{count=1264208, mean=13.794864768757156, populationStandardDeviation=11.516868167925477, min=0.009999999776482582, max=495.5}, 3=Stats{count=1264208, mean=1.6917050042398274, populationStandardDeviation=1.3506169204433196, min=0.0, max=8.0}, 4=Stats{count=1264208, mean=2.4675170144551344, populationStandardDeviation=2.9682414477532792, min=0.0, max=98.5999984741211}, 12=Stats{count=1264208, mean=11.263049213450891, populationStandardDeviation=9.141564308554129, min=0.009999999776482582, max=395.20001220703125}}}","{17=1.7439578399580948E7, 3=2138667.0000000237, 4=3119454.7498102966, 12=1.4238836920038324E7}"
/data-nonraid/maroulis/data/taxi_data/yellow_tripdata_2014_cleaned.csv,0,valinor,47,"Query{op=P, rect=(-73.986..-73.97975),(40.752403..40.75553), categoricalFilters={}, groupByCols=null, measureCols=[12, 17, 4, 3], aggregateTypes=[COUNT, MIN, MAX, SUM, AVG]}",0.0,29593,25468,2327,2037,0,143715,0.362004864,"{null={17=Stats{count=1200790, mean=13.897366110419036, populationStandardDeviation=11.808048383326467, min=2.5, max=495.5}, 3=Stats{count=1200790, mean=1.7068854670675178, populationStandardDeviation=1.3592290226340906, min=0.0, max=8.0}, 4=Stats{count=1200790, mean=2.5039663720614262, populationStandardDeviation=3.049809801360023, min=0.0, max=98.5999984741211}, 12=Stats{count=1200790, mean=11.36840503340137, populationStandardDeviation=9.411328237151576, min=0.009999999776482582, max=395.20001220703125}}}","{17=1.6687818251730073E7, 3=2049611.0000000047, 4=3006737.77990764, 12=1.365106708005803E7}"
/data-nonraid/maroulis/data/taxi_data/yellow_tripdata_2014_cleaned.csv,0,valinor,48,"Query{op=P, rect=(-73.98694..-73.98069),(40.752403..40.75553), categoricalFilters={}, groupByCols=null, measureCols=[12, 17, 4, 3], aggregateTypes=[COUNT, MIN, MAX, SUM, AVG]}",0.0,29869,25675,2011,1753,0,128020,0.334397143,"{null={17=Stats{count=1064698, mean=14.039373369410397, populationStandardDeviation=11.910373178874734, min=0.0, max=495.5}, 3=Stats{count=1064698, mean=1.7102295674454244, populationStandardDeviation=1.3590242231444762, min=0.0, max=8.0}, 4=Stats{count=1064698, mean=2.54524988301581, populationStandardDeviation=3.08334549915422, min=0.0, max=98.5999984741211}, 12=Stats{count=1064698, mean=11.47698870482583, populationStandardDeviation=9.495387182721522, min=0.0, max=395.20001220703125}}}","{17=1.4947692747664511E7, 3=1820878.0000000084, 4=2709922.459947167, 12=1.221952692005065E7}"
/data-nonraid/maroulis/data/taxi_data/yellow_tripdata_2014_cleaned.csv,0,valinor,49,"Query{op=P, rect=(-73.987625..-73.98138),(40.752403..40.75553), categoricalFilters={}, groupByCols=null, measureCols=[12, 17, 4, 3], aggregateTypes=[COUNT, MIN, MAX, SUM, AVG]}",0.0,30145,25882,1603,1372,0,145058,0.371287969,"{null={17=Stats{count=1034997, mean=14.020246014386444, populationStandardDeviation=11.787336030613051, min=0.0, max=495.5}, 3=Stats{count=1034997, mean=1.710529595737941, populationStandardDeviation=1.359392064056354, min=0.0, max=8.0}, 4=Stats{count=1034997, mean=2.5399176422964707, populationStandardDeviation=3.0540291423042927, min=0.0, max=98.5999984741211}, 12=Stats{count=1034997, mean=11.462919167924717, populationStandardDeviation=9.406804718770932, min=0.0, max=300.0}}}","{17=1.4510912564151926E7, 3=1770392.9999999816, 4=2628807.14002392, 12=1.1864086950044578E7}"
/data-nonraid/maroulis/data/taxi_data/yellow_tripdata_2014_cleaned.csv,0,valinor,50,"Query{op=P, rect=(-73.988625..-73.982376),(40.751904..40.75503), categoricalFilters={}, groupByCols=null, measureCols=[12, 17, 4, 3], aggregateTypes=[COUNT, MIN, MAX, SUM, AVG]}",0.0,30609,26230,891,808,0,246911,0.625893108,"{null={17=Stats{count=1030431, mean=13.799708318158912, populationStandardDeviation=11.60843230126297, min=0.0, max=495.5}, 3=Stats{count=1030431, mean=1.7105735367045283, populationStandardDeviation=1.361962357938413, min=0.0, max=7.0}, 4=Stats{count=1030431, mean=2.4872471908461296, populationStandardDeviation=3.005768453125875, min=0.0, max=85.30000305175781}, 12=Stats{count=1030431, mean=11.305344647071626, populationStandardDeviation=9.291676950074189, min=0.0, max=300.0}}}","{17=1.4219647241988806E7, 3=1762627.9999999837, 4=2562936.610110768, 12=1.1649377590026664E7}"
/data-nonraid/maroulis/data/taxi_data/yellow_tripdata_2014_cleaned.csv,0,valinor,51,"Query{op=P, rect=(-73.98937..-73.98312),(40.751904..40.75503), categoricalFilters={}, groupByCols=null, measureCols=[12, 17, 4, 3], aggregateTypes=[COUNT, MIN, MAX, SUM, AVG]}",0.0,30897,26446,1002,896,0,149521,0.333759662,"{null={17=Stats{count=1119003, mean=13.647305898824387, populationStandardDeviation=11.34657767402923, min=0.0, max=495.5}, 3=Stats{count=1119003, mean=1.7083376898900358, populationStandardDeviation=1.3627330568853047, min=0.0, max=7.0}, 4=Stats{count=1119003, mean=2.4425966329605546, populationStandardDeviation=2.933558690868264, min=0.0, max=85.30000305175781}, 12=Stats{count=1119003, mean=11.187945447889696, populationStandardDeviation=9.107011901308773, min=0.0, max=395.0}}}","{17=1.5271376242702186E7, 3=1911635.0000000198, 4=2733272.9600727595, 12=1.2519344520024914E7}"
/data-nonraid/maroulis/data/taxi_data/yellow_tripdata_2014_cleaned.csv,0,valinor,52,"Query{op=P, rect=(-73.99049..-73.984245),(40.751904..40.75503), categoricalFilters={}, groupByCols=null, measureCols=[12, 17, 4, 3], aggregateTypes=[COUNT, MIN, MAX, SUM, AVG]}",0.0,31325,26767,767,624,0,124234,0.369212437,"{null={17=Stats{count=1113154, mean=13.474304759652904, populationStandardDeviation=11.123927687914135, min=0.0, max=495.5}, 3=Stats{count=1113154, mean=1.707574154160173, populationStandardDeviation=1.364946571628079, min=0.0, max=7.0}, 4=Stats{count=1113154, mean=2.386732159338873, populationStandardDeviation=2.8674516795158245, min=0.0, max=85.30000305175781}, 12=Stats{count=1113154, mean=11.069793954866912, populationStandardDeviation=8.95481811846736, min=0.0, max=395.0}}}","{17=1.4998976240426669E7, 3=1900793.0000000133, 4=2656800.450096704, 12=1.2322385420035923E7}"
/data-nonraid/maroulis/data/taxi_data/yellow_tripdata_2014_cleaned.csv,0,valinor,53,"Query{op=P, rect=(-73.99143..-73.98518),(40.751904..40.75503), categoricalFilters={}, groupByCols=null, measureCols=[12, 17, 4, 3], aggregateTypes=[COUNT, MIN, MAX, SUM, AVG]}",0.0,31837,27151,913,745,0,232695,0.578358515,"{null={17=Stats{count=963790, mean=13.42569859079076, populationStandardDeviation=11.08163724441027, min=0.0, max=395.5}, 3=Stats{count=963790, mean=1.7086419240705966, populationStandardDeviation=1.368671292189996, min=0.0, max=7.0}, 4=Stats{count=963790, mean=2.362798244508757, populationStandardDeviation=2.8496992566552026, min=0.0, max=85.30000305175781}, 12=Stats{count=963790, mean=11.055091150609151, populationStandardDeviation=8.95040614822594, min=0.0, max=395.0}}}","{17=1.2939554044818226E7, 3=1646772.0000000002, 4=2277241.3200750947, 12=1.0654786300045593E7}"
/data-nonraid/maroulis/data/taxi_data/yellow_tripdata_2014_cleaned.csv,0,valinor,54,"Query{op=P, rect=(-73.99081..-73.98456),(40.751904..40.75503), categoricalFilters={}, groupByCols=null, measureCols=[12, 17, 4, 3], aggregateTypes=[COUNT, MIN, MAX, SUM, AVG]}",0.0,32137,27376,911,664,0,36622,0.103454637,"{null={17=Stats{count=1058253, mean=13.46176366959222, populationStandardDeviation=11.140020670557185, min=0.0, max=495.5}, 3=Stats{count=1058253, mean=1.7106296887417196, populationStandardDeviation=1.3680994428837383, min=0.0, max=7.0}, 4=Stats{count=1058253, mean=2.3814350255888437, populationStandardDeviation=2.8696378537689373, min=0.0, max=85.30000305175781}, 12=Stats{count=1058253, mean=11.067979320672356, populationStandardDeviation=8.977103575062253, min=0.0, max=395.0}}}","{17=1.4245951788636975E7, 3=1810278.999999991, 4=2520160.7601344706, 12=1.1712722320039483E7}"
/data-nonraid/maroulis/data/taxi_data/yellow_tripdata_2014_cleaned.csv,0,valinor,55,"Query{op=P, rect=(-73.991615..-73.98537),(40.751904..40.75503), categoricalFilters={}, groupByCols=null, measureCols=[12, 17, 4, 3], aggregateTypes=[COUNT, MIN, MAX, SUM, AVG]}",0.0,32325,27517,981,760,0,90367,0.201941436,"{null={17=Stats{count=960755, mean=13.394335396453108, populationStandardDeviation=10.98667624187537, min=0.0, max=395.5}, 3=Stats{count=960755, mean=1.7048685669083192, populationStandardDeviation=1.3665310723627748, min=0.0, max=7.0}, 4=Stats{count=960755, mean=2.3501142747478325, populationStandardDeviation=2.8240670389952074, min=0.0, max=80.0}, 12=Stats{count=960755, mean=11.038154430673561, populationStandardDeviation=8.880727528819891, min=0.0, max=395.0}}}","{17=1.2868674703819307E7, 3=1637961.0000000023, 4=2257884.040035354, 12=1.0604962060041778E7}"
/data-nonraid/maroulis/data/taxi_data/yellow_tripdata_2014_cleaned.csv,0,valinor,56,"Query{op=P, rect=(-73.990616..-73.98437),(40.751404..40.75453), categoricalFilters={}, groupByCols=null, measureCols=[12, 17, 4, 3], aggregateTypes=[COUNT, MIN, MAX, SUM, AVG]}",0.0,32905,27952,876,763,0,248263,0.557101504,"{null={17=Stats{count=1129640, mean=13.557203253299507, populationStandardDeviation=11.255559865642656, min=0.0, max=495.5}, 3=Stats{count=1129640, mean=1.7170753514393968, populationStandardDeviation=1.3718403549148874, min=0.0, max=7.0}, 4=Stats{count=1129640, mean=2.398018634337886, populationStandardDeviation=2.904906219358096, min=0.0, max=85.30000305175781}, 12=Stats{count=1129640, mean=11.162554902485194, populationStandardDeviation=9.07943212364891, min=0.0, max=395.0}}}","{17=1.5314759083057255E7, 3=1939677.0000000002, 4=2708897.77009345, 12=1.2609668520043375E7}"
/data-nonraid/maroulis/data/taxi_data/yellow_tripdata_2014_cleaned.csv,0,valinor,57,"Query{op=P, rect=(-73.991806..-73.98556),(40.751404..40.75453), categoricalFilters={}, groupByCols=null, measureCols=[12, 17, 4, 3], aggregateTypes=[COUNT, MIN, MAX, SUM, AVG]}",0.0,33401,28324,1035,905,0,163973,0.366767074,"{null={17=Stats{count=959911, mean=13.367138414855903, populationStandardDeviation=10.88237718516451, min=0.0, max=395.5}, 3=Stats{count=959911, mean=1.710087706047756, populationStandardDeviation=1.3710601169184353, min=0.0, max=7.0}, 4=Stats{count=959911, mean=2.3287339034542027, populationStandardDeviation=2.7909986619263623, min=0.0, max=80.0}, 12=Stats{count=959911, mean=11.041249042916728, populationStandardDeviation=8.817762287442378, min=0.0, max=395.0}}}","{17=1.2831263202942746E7, 3=1641532.0000000075, 4=2235377.2899986273, 12=1.059861641003524E7}"
/data-nonraid/maroulis/data/taxi_data/yellow_tripdata_2014_cleaned.csv,0,valinor,58,"Query{op=P, rect=(-73.991806..-73.98556),(40.750935..40.754063), categoricalFilters={}, groupByCols=null, measureCols=[12, 17, 4, 3], aggregateTypes=[COUNT, MIN, MAX, SUM, AVG]}",0.0,33921,28714,1070,940,0,401765,0.888871894,"{null={17=Stats{count=1136337, mean=13.160827954264361, populationStandardDeviation=10.45991379143784, min=0.0, max=395.5}, 3=Stats{count=1136337, mean=1.7118953268264752, populationStandardDeviation=1.3694346867055527, min=0.0, max=7.0}, 4=Stats{count=1136337, mean=2.2871814610540735, populationStandardDeviation=2.698391373237896, min=0.0, max=100.0}, 12=Stats{count=1136337, mean=10.92890487596559, populationStandardDeviation=8.516983961950503, min=0.0, max=395.0}}}","{17=1.4955135755064901E7, 3=1945290.0000000163, 4=2599008.9199098027, 12=1.2418918980040109E7}"
/data-nonraid/maroulis/data/taxi_data/yellow_tripdata_2014_cleaned.csv,0,valinor,59,"Query{op=P, rect=(-73.992615..-73.98637),(40.750935..40.754063), categoricalFilters={}, groupByCols=null, measureCols=[12, 17, 4, 3], aggregateTypes=[COUNT, MIN, MAX, SUM, AVG]}",0.0,34437,29101,893,798,0,301913,0.641002941,"{null={17=Stats{count=1045855, mean=13.09698701840402, populationStandardDeviation=10.070038829778246, min=0.0, max=395.5}, 3=Stats{count=1045855, mean=1.7010924076473137, populationStandardDeviation=1.3628822483388192, min=0.0, max=9.0}, 4=Stats{count=1045855, mean=2.2471922301903047, populationStandardDeviation=2.5895993921362206, min=0.0, max=100.0}, 12=Stats{count=1045855, mean=10.90377154579225, populationStandardDeviation=8.24880093108597, min=0.0, max=395.0}}}","{17=1.3697549358132936E7, 3=1779095.9999999814, 4=2350237.229905681, 12=1.1403763990024554E7}"
/data-nonraid/maroulis/data/taxi_data/yellow_tripdata_2014_cleaned.csv,0,valinor,60,"Query{op=P, rect=(-73.993805..-73.98756),(40.750935..40.754063), categoricalFilters={}, groupByCols=null, measureCols=[12, 17, 4, 3], aggregateTypes=[COUNT, MIN, MAX, SUM, AVG]}",0.0,34913,29458,784,677,0,788359,1.870923791,"{null={17=Stats{count=1269757, mean=13.37316235110663, populationStandardDeviation=10.315601291963036, min=0.009999999776482582, max=395.5}, 3=Stats{count=1269757, mean=1.7021548217493552, populationStandardDeviation=1.3605795633270714, min=0.0, max=9.0}, 4=Stats{count=1269757, mean=2.3151180580694213, populationStandardDeviation=2.6890900786359295, min=0.0, max=83.0999984741211}, 12=Stats{count=1269757, mean=11.169123131461264, populationStandardDeviation=8.49640634798321, min=0.0, max=395.0}}}","{17=1.69806665074541E7, 3=2161322.999999996, 4=2939637.3600600543, 12=1.418207228003486E7}"
/data-nonraid/maroulis/data/taxi_data/yellow_tripdata_2014_cleaned.csv,0,valinor,61,"Query{op=P, rect=(-73.993805..-73.98756),(40.75031..40.753437), categoricalFilters={}, groupByCols=null, measureCols=[12, 17, 4, 3], aggregateTypes=[COUNT, MIN, MAX, SUM, AVG]}",0.0,35453,29863,923,858,0,1029070,2.253317765,"{null={17=Stats{count=1554823, mean=13.21290099352307, populationStandardDeviation=9.934587138652828, min=0.009999999776482582, max=384.5}, 3=Stats{count=1554823, mean=1.701635491628252, populationStandardDeviation=1.358746889894046, min=0.0, max=9.0}, 4=Stats{count=1554823, mean=2.29213806316365, populationStandardDeviation=2.5997231456999454, min=0.0, max=89.5}, 12=Stats{count=1554823, mean=11.112655401951452, populationStandardDeviation=8.232739522373073, min=0.0, max=322.8399963378906}}}","{17=2.054372236145252E7, 3=2645741.9999999134, 4=3563868.9797822954, 12=1.727821221002836E7}"
/data-nonraid/maroulis/data/taxi_data/yellow_tripdata_2014_cleaned.csv,0,valinor,62,"Query{op=P, rect=(-73.99312..-73.98687),(40.75031..40.753437), categoricalFilters={}, groupByCols=null, measureCols=[12, 17, 4, 3], aggregateTypes=[COUNT, MIN, MAX, SUM, AVG]}",0.0,35813,30133,1177,1085,0,619406,1.245278635,"{null={17=Stats{count=1499603, mean=13.092851407831725, populationStandardDeviation=9.8629203109523, min=0.009999999776482582, max=353.29998779296875}, 3=Stats{count=1499603, mean=1.7095971400430918, populationStandardDeviation=1.366144621509147, min=0.0, max=9.0}, 4=Stats{count=1499603, mean=2.2650797642841787, populationStandardDeviation=2.57455373768653, min=0.0, max=100.0}, 12=Stats{count=1499603, mean=10.999115832671176, populationStandardDeviation=8.145172998155633, min=0.0, max=322.8399963378906}}}","{17=1.963407924973868E7, 3=2563717.0000000405, 4=3396720.409759847, 12=1.6494307100021195E7}"
/data-nonraid/maroulis/data/taxi_data/yellow_tripdata_2014_cleaned.csv,0,valinor,63,"Query{op=P, rect=(-73.993744..-73.987495),(40.749996..40.753124), categoricalFilters={}, groupByCols=null, measureCols=[12, 17, 4, 3], aggregateTypes=[COUNT, MIN, MAX, SUM, AVG]}",0.0,36253,30463,785,699,0,967542,2.050105419,"{null={17=Stats{count=2054441, mean=13.231420606964585, populationStandardDeviation=9.665778836109517, min=0.009999999776482582, max=466.70001220703125}, 3=Stats{count=2054441, mean=1.688517217092176, populationStandardDeviation=1.3453757537685185, min=0.0, max=9.0}, 4=Stats{count=2054441, mean=2.284723805454149, populationStandardDeviation=2.519944011243864, min=0.0, max=100.0}, 12=Stats{count=2054441, mean=11.171745097589337, populationStandardDeviation=8.023638030039256, min=0.0, max=380.010009765625}}}","{17=2.7183172983192928E7, 3=3468959.000000067, 4=4693830.259601028, 12=2.2951691170036536E7}"
/data-nonraid/maroulis/data/taxi_data/yellow_tripdata_2014_cleaned.csv,0,valinor,64,"Query{op=P, rect=(-73.992935..-73.98669),(40.749996..40.753124), categoricalFilters={}, groupByCols=null, measureCols=[12, 17, 4, 3], aggregateTypes=[COUNT, MIN, MAX, SUM, AVG]}",0.0,36709,30805,540,429,0,760931,1.785556365,"{null={17=Stats{count=2007624, mean=13.13384756925297, populationStandardDeviation=9.631040776453897, min=0.009999999776482582, max=466.70001220703125}, 3=Stats{count=2007624, mean=1.6949209612955378, populationStandardDeviation=1.3507641348590613, min=0.0, max=9.0}, 4=Stats{count=2007624, mean=2.2674767981772455, populationStandardDeviation=2.5076264731487288, min=0.0, max=100.0}, 12=Stats{count=2007624, mean=11.073879441583589, populationStandardDeviation=7.963143472690457, min=0.0, max=380.010009765625}}}","{17=2.6367827592373922E7, 3=3402763.999999993, 4=4552240.839463795, 12=2.223218614002981E7}"
/data-nonraid/maroulis/data/taxi_data/yellow_tripdata_2014_cleaned.csv,0,valinor,65,"Query{op=P, rect=(-73.993935..-73.987686),(40.749996..40.753124), categoricalFilters={}, groupByCols=null, measureCols=[12, 17, 4, 3], aggregateTypes=[COUNT, MIN, MAX, SUM, AVG]}",0.0,37037,31051,1056,903,0,804932,1.802498596,"{null={17=Stats{count=2099409, mean=13.293214149678189, populationStandardDeviation=9.711768596818487, min=0.009999999776482582, max=466.70001220703125}, 3=Stats{count=2099409, mean=1.6864631903549065, populationStandardDeviation=1.344247149997827, min=0.0, max=9.0}, 4=Stats{count=2099409, mean=2.2991905148056735, populationStandardDeviation=2.5346900945968125, min=0.0, max=100.0}, 12=Stats{count=2099409, mean=11.222321953483057, populationStandardDeviation=8.062151562960375, min=0.0, max=380.010009765625}}}","{17=2.7907893424761735E7, 3=3540575.999999804, 4=4826941.259497664, 12=2.356024371003991E7}"
/data-nonraid/maroulis/data/taxi_data/yellow_tripdata_2014_cleaned.csv,0,valinor,66,"Query{op=P, rect=(-73.992744..-73.986496),(40.75059..40.75372), categoricalFilters={}, groupByCols=null, measureCols=[12, 17, 4, 3], aggregateTypes=[COUNT, MIN, MAX, SUM, AVG]}",0.0,37577,31456,1124,987,0,72649,0.191744821,"{null={17=Stats{count=1253257, mean=13.017508988762533, populationStandardDeviation=9.889112912263107, min=0.0, max=395.5}, 3=Stats{count=1253257, mean=1.7088091269388626, populationStandardDeviation=1.3672086886342272, min=0.0, max=9.0}, 4=Stats{count=1253257, mean=2.2458720596215245, populationStandardDeviation=2.5685225882322205, min=0.0, max=100.0}, 12=Stats{count=1253257, mean=10.890157302147166, populationStandardDeviation=8.134824390714094, min=0.0, max=395.0}}}","{17=1.6314284262729565E7, 3=2141577.000000018, 4=2814654.879825093, 12=1.3648165870017052E7}"
/data-nonraid/maroulis/data/taxi_data/yellow_tripdata_2014_cleaned.csv,0,valinor,67,"Query{op=P, rect=(-73.992744..-73.986496),(40.750248..40.753376), categoricalFilters={}, groupByCols=null, measureCols=[12, 17, 4, 3], aggregateTypes=[COUNT, MIN, MAX, SUM, AVG]}",0.0,38053,31813,795,579,0,102155,0.262870944,"{null={17=Stats{count=1551908, mean=13.089992165759943, populationStandardDeviation=9.868586684573026, min=2.5, max=353.29998779296875}, 3=Stats{count=1551908, mean=1.7091431966327817, populationStandardDeviation=1.364223091175089, min=0.0, max=9.0}, 4=Stats{count=1551908, mean=2.2700344283474156, populationStandardDeviation=2.5739800603161, min=0.0, max=100.0}, 12=Stats{count=1551908, mean=10.994725015927662, populationStandardDeviation=8.138244560508603, min=0.0, max=322.8399963378906}}}","{17=2.031446356198018E7, 3=2652432.999999987, 4=3522884.589627781, 12=1.7062801710018266E7}"
/data-nonraid/maroulis/data/taxi_data/yellow_tripdata_2014_cleaned.csv,0,valinor,68,"Query{op=P, rect=(-73.991684..-73.985435),(40.75078..40.753906), categoricalFilters={}, groupByCols=null, measureCols=[12, 17, 4, 3], aggregateTypes=[COUNT, MIN, MAX, SUM, AVG]}",0.0,38521,32164,1638,1471,0,93516,0.213089209,"{null={17=Stats{count=1262541, mean=13.132845894730009, populationStandardDeviation=10.38773843245208, min=0.0, max=395.5}, 3=Stats{count=1262541, mean=1.7137795921082823, populationStandardDeviation=1.3695523760111326, min=0.0, max=7.0}, 4=Stats{count=1262541, mean=2.2909280964523173, populationStandardDeviation=2.693075415647478, min=0.0, max=100.0}, 12=Stats{count=1262541, mean=10.923900000116342, populationStandardDeviation=8.469777038571591, min=0.0, max=395.0}}}","{17=1.658075638877832E7, 3=2163716.999999983, 4=2892390.6498230053, 12=1.3791871630046887E7}"
/data-nonraid/maroulis/data/taxi_data/yellow_tripdata_2014_cleaned.csv,0,valinor,69,"Query{op=ZO, rect=(-73.994804..-73.98231),(40.749214..40.75547), categoricalFilters={}, groupByCols=null, measureCols=[12, 17, 4, 3], aggregateTypes=[COUNT, MIN, MAX, SUM, AVG]}",0.0,39881,33184,1637,1504,0,3757176,8.290342614,"{null={17=Stats{count=7270425, mean=13.740972460146306, populationStandardDeviation=10.453043775788244, min=0.0, max=495.5}, 3=Stats{count=7270425, mean=1.693330995093165, populationStandardDeviation=1.3486589941013327, min=0.0, max=9.0}, 4=Stats{count=7270425, mean=2.403234597495054, populationStandardDeviation=2.716508815602216, min=0.0, max=100.0}, 12=Stats{count=7270425, mean=11.496904750440699, populationStandardDeviation=8.566576500142256, min=0.0, max=400.0}}}","{17=9.990270969855921E7, 3=1.2311236000000224E7, 4=1.747253689849298E7, 12=8.358738372022282E7}"
/data-nonraid/maroulis/data/taxi_data/yellow_tripdata_2014_cleaned.csv,0,valinor,70,"Query{op=ZO, rect=(-74.00105..-73.97606),(40.746086..40.7586), categoricalFilters={}, groupByCols=null, measureCols=[12, 17, 4, 3], aggregateTypes=[COUNT, MIN, MAX, SUM, AVG]}",0.0,40233,33448,255,166,0,2445445,5.293581708,"{null={17=Stats{count=22303815, mean=13.663195705145208, populationStandardDeviation=10.839885595432438, min=0.0, max=495.5}, 3=Stats{count=22303815, mean=1.7002450029287197, populationStandardDeviation=1.3560040079553182, min=0.0, max=9.0}, 4=Stats{count=22303815, mean=2.416896142474118, populationStandardDeviation=2.8290688979212204, min=0.0, max=504.29998779296875}, 12=Stats{count=22303815, mean=11.369518933901974, populationStandardDeviation=8.84577596846978, min=0.0, max=400.0}}}","{17=3.0474138931635326E8, 3=3.7921949999996625E7, 4=5.3906004435956374E7, 12=2.5358364694074684E8}"
/data-nonraid/maroulis/data/taxi_data/yellow_tripdata_2014_cleaned.csv,0,valinor,71,"Query{op=ZO, rect=(-74.01355..-73.96356),(40.73983..40.764854), categoricalFilters={}, groupByCols=null, measureCols=[12, 17, 4, 3], aggregateTypes=[COUNT, MIN, MAX, SUM, AVG]}",0.0,40469,33625,350,272,0,5853611,11.674894183,"{null={17=Stats{count=65170683, mean=13.719606669445545, populationStandardDeviation=10.607705392208139, min=0.0, max=1007.510009765625}, 3=Stats{count=65170683, mean=1.7025232189141521, populationStandardDeviation=1.3595506037857132, min=0.0, max=9.0}, 4=Stats{count=65170683, mean=2.4407727343383137, populationStandardDeviation=2.8017927312710023, min=0.0, max=504.29998779296875}, 12=Stats{count=65170683, mean=11.349959098514097, populationStandardDeviation=8.646353729344371, min=0.0, max=400.0}}}","{17=8.941161371391214E8, 3=1.1095460099999382E8, 4=1.5906682614460546E8, 12=7.396845864722279E8}"
/data-nonraid/maroulis/data/taxi_data/yellow_tripdata_2014_cleaned.csv,0,valinor,72,"Query{op=P, rect=(-74.01755..-73.96756),(40.741833..40.766857), categoricalFilters={}, groupByCols=null, measureCols=[12, 17, 4, 3], aggregateTypes=[COUNT, MIN, MAX, SUM, AVG]}",0.0,40725,33817,375,290,0,3033402,6.505653382,"{null={17=Stats{count=60327809, mean=13.805484015436212, populationStandardDeviation=10.774138243758268, min=0.0, max=626.6699829101562}, 3=Stats{count=60327809, mean=1.7049675216946414, populationStandardDeviation=1.3605452555793764, min=0.0, max=9.0}, 4=Stats{count=60327809, mean=2.460084464835426, populationStandardDeviation=2.8466542616068407, min=0.0, max=504.29998779296875}, 12=Stats{count=60327809, mean=11.428842969785432, populationStandardDeviation=8.781354826518397, min=0.0, max=400.0}}}","{17=8.328546028357888E8, 3=1.0285695499999768E8, 4=1.484115057184588E8, 12=6.894770557722083E8}"
/data-nonraid/maroulis/data/taxi_data/yellow_tripdata_2014_cleaned.csv,0,valinor,73,"Query{op=P, rect=(-74.01305..-73.96306),(40.744083..40.769108), categoricalFilters={}, groupByCols=null, measureCols=[12, 17, 4, 3], aggregateTypes=[COUNT, MIN, MAX, SUM, AVG]}",0.0,40985,34012,356,268,0,4708967,9.325442086,"{null={17=Stats{count=61873909, mean=13.716254343270958, populationStandardDeviation=10.711142883548913, min=0.0, max=626.6699829101562}, 3=Stats{count=61873909, mean=1.7007667480649689, populationStandardDeviation=1.3589732945823503, min=0.0, max=9.0}, 4=Stats{count=61873909, mean=2.4405466352317884, populationStandardDeviation=2.835367480221406, min=0.0, max=504.29998779296875}, 12=Stats{count=61873909, mean=11.370972025095353, populationStandardDeviation=8.745692505327595, min=0.0, max=400.0}}}","{17=8.48678273056402E8, 3=1.0523308699999781E8, 4=1.5100616041858786E8, 12=7.035664883222957E8}"
/data-nonraid/maroulis/data/taxi_data/yellow_tripdata_2014_cleaned.csv,0,valinor,74,"Query{op=P, rect=(-74.01305..-73.96306),(40.74158..40.766605), categoricalFilters={}, groupByCols=null, measureCols=[12, 17, 4, 3], aggregateTypes=[COUNT, MIN, MAX, SUM, AVG]}",0.0,41385,34312,421,280,0,1947262,3.963398094,"{null={17=Stats{count=64394773, mean=13.7037015150992, populationStandardDeviation=10.649408116907708, min=0.0, max=1007.510009765625}, 3=Stats{count=64394773, mean=1.7022607409453918, populationStandardDeviation=1.3596209608498044, min=0.0, max=9.0}, 4=Stats{count=64394773, mean=2.4389659466062668, populationStandardDeviation=2.8165976577124305, min=0.0, max=504.29998779296875}, 12=Stats{count=64394773, mean=11.347545852242494, populationStandardDeviation=8.688291835768439, min=0.0, max=400.0}}}","{17=8.82446748324569E8, 3=1.0961669399999031E8, 4=1.5705665848644066E8, 12=7.30722639262247E8}"
/data-nonraid/maroulis/data/taxi_data/yellow_tripdata_2014_cleaned.csv,0,valinor,75,"Query{op=P, rect=(-74.007545..-73.95756),(40.744335..40.76936), categoricalFilters={}, groupByCols=null, measureCols=[12, 17, 4, 3], aggregateTypes=[COUNT, MIN, MAX, SUM, AVG]}",0.0,41945,34732,474,354,0,4306301,8.942418105,"{null={17=Stats{count=64173727, mean=13.672367926536692, populationStandardDeviation=10.642294235638078, min=0.0, max=626.6699829101562}, 3=Stats{count=64173727, mean=1.6983253286817388, populationStandardDeviation=1.3580723438836417, min=0.0, max=9.0}, 4=Stats{count=64173727, mean=2.432902293619224, populationStandardDeviation=2.821876721976412, min=0.0, max=504.29998779296875}, 12=Stats{count=64173727, mean=11.340702972920313, populationStandardDeviation=8.69656216433413, min=0.0, max=400.0}}}","{17=8.774068067611217E8, 3=1.0898786600000718E8, 4=1.561284076083939E8, 12=7.277751765722766E8}"
/data-nonraid/maroulis/data/taxi_data/yellow_tripdata_2014_cleaned.csv,0,valinor,76,"Query{op=P, rect=(-74.00255..-73.95256),(40.741833..40.766857), categoricalFilters={}, groupByCols=null, measureCols=[12, 17, 4, 3], aggregateTypes=[COUNT, MIN, MAX, SUM, AVG]}",0.0,42701,35299,516,338,0,2073079,4.64786,"{null={17=Stats{count=64234236, mean=13.68965945195401, populationStandardDeviation=10.660780227300814, min=0.0, max=626.6699829101562}, 3=Stats{count=64234236, mean=1.6988455190780944, populationStandardDeviation=1.3587022779912474, min=0.0, max=9.0}, 4=Stats{count=64234236, mean=2.4395909486614835, populationStandardDeviation=2.828278491939479, min=0.0, max=504.29998779296875}, 12=Stats{count=64234236, mean=11.34686164995065, populationStandardDeviation=8.706961385893853, min=0.0, max=400.0}}}","{17=8.793448159964445E8, 3=1.0912404400000483E8, 4=1.567052607397856E8, 12=7.288569890822794E8}"
/data-nonraid/maroulis/data/taxi_data/yellow_tripdata_2014_cleaned.csv,0,valinor,77,"Query{op=P, rect=(-73.99855..-73.94856),(40.741833..40.766857), categoricalFilters={}, groupByCols=null, measureCols=[12, 17, 4, 3], aggregateTypes=[COUNT, MIN, MAX, SUM, AVG]}",0.0,43965,36247,804,535,0,1403533,3.12178644,"{null={17=Stats{count=62352959, mean=13.699430942531736, populationStandardDeviation=10.685258396429086, min=0.0, max=626.6699829101562}, 3=Stats{count=62352959, mean=1.6981683419386084, populationStandardDeviation=1.3580769484390434, min=0.0, max=9.0}, 4=Stats{count=62352959, mean=2.442735802652167, populationStandardDeviation=2.8363919089282232, min=0.0, max=504.29998779296875}, 12=Stats{count=62352959, mean=11.35544596932852, populationStandardDeviation=8.728236155549366, min=0.0, max=400.0}}}","{17=8.542000558830127E8, 3=1.0588582099999604E8, 4=1.5231180535060266E8, 12=7.080456569522564E8}"
/data-nonraid/maroulis/data/taxi_data/yellow_tripdata_2014_cleaned.csv,0,valinor,78,"Query{op=P, rect=(-73.99205..-73.94206),(40.745087..40.77011), categoricalFilters={}, groupByCols=null, measureCols=[12, 17, 4, 3], aggregateTypes=[COUNT, MIN, MAX, SUM, AVG]}",0.0,44721,36814,1275,1163,0,3488455,7.618292757,"{null={17=Stats{count=55435886, mean=13.670487478067269, populationStandardDeviation=10.653745562048469, min=0.0, max=621.97998046875}, 3=Stats{count=55435886, mean=1.6966983805399862, populationStandardDeviation=1.3580131091990764, min=0.0, max=9.0}, 4=Stats{count=55435886, mean=2.441625295248085, populationStandardDeviation=2.8437078884576312, min=0.0, max=500.0}, 12=Stats{count=55435886, mean=11.347348760368874, populationStandardDeviation=8.703923359559647, min=0.0, max=400.0}}}","{17=7.578355853985646E8, 3=9.40579779999993E7, 4=1.3535366152208918E8, 12=6.290503322820503E8}"
/data-nonraid/maroulis/data/taxi_data/yellow_tripdata_2014_cleaned.csv,0,valinor,79,"Query{op=P, rect=(-73.98805..-73.938065),(40.74709..40.772114), categoricalFilters={}, groupByCols=null, measureCols=[12, 17, 4, 3], aggregateTypes=[COUNT, MIN, MAX, SUM, AVG]}",0.0,45748,37585,1244,1021,0,3793534,7.983593214,"{null={17=Stats{count=48513442, mean=13.633028511564053, populationStandardDeviation=10.577035540601345, min=0.0, max=621.97998046875}, 3=Stats{count=48513442, mean=1.6960986812683998, populationStandardDeviation=1.3583195960991368, min=0.0, max=9.0}, 4=Stats{count=48513442, mean=2.4344302503385227, populationStandardDeviation=2.8322712323537083, min=0.0, max=500.0}, 12=Stats{count=48513442, mean=11.306620990770622, populationStandardDeviation=8.631558759635563, min=0.0, max=400.0}}}","{17=6.61385137980109E8, 3=8.2283584999991E7, 4=1.181025907528434E8, 12=5.48523101651733E8}"
/data-nonraid/maroulis/data/taxi_data/yellow_tripdata_2014_cleaned.csv,0,valinor,80,"Query{op=P, rect=(-73.98155..-73.931564),(40.74709..40.772114), categoricalFilters={}, groupByCols=null, measureCols=[12, 17, 4, 3], aggregateTypes=[COUNT, MIN, MAX, SUM, AVG]}",0.0,46912,38458,2123,1880,0,3235774,7.368890623,"{null={17=Stats{count=36108286, mean=13.438033591301108, populationStandardDeviation=10.258926453818868, min=0.0, max=621.97998046875}, 3=Stats{count=36108286, mean=1.6838253690580918, populationStandardDeviation=1.3565309454738257, min=0.0, max=9.0}, 4=Stats{count=36108286, mean=2.3810831363358163, populationStandardDeviation=2.7451478785467955, min=0.0, max=500.0}, 12=Stats{count=36108286, mean=11.142197800281071, populationStandardDeviation=8.374387112877375, min=0.0, max=400.0}}}","{17=4.8522436019230753E8, 3=6.0800048000005126E7, 4=8.597683087659064E7, 12=4.0232566484111977E8}"
/data-nonraid/maroulis/data/taxi_data/yellow_tripdata_2014_cleaned.csv,0,valinor,81,"Query{op=P, rect=(-73.98155..-73.931564),(40.744587..40.76961), categoricalFilters={}, groupByCols=null, measureCols=[12, 17, 4, 3], aggregateTypes=[COUNT, MIN, MAX, SUM, AVG]}",0.0,47996,39271,2543,2206,0,1721249,3.721818735,"{null={17=Stats{count=34846579, mean=13.51110867949153, populationStandardDeviation=10.39847334754511, min=0.0, max=621.97998046875}, 3=Stats{count=34846579, mean=1.6840418682133795, populationStandardDeviation=1.3560921065661997, min=0.0, max=9.0}, 4=Stats{count=34846579, mean=2.3946806846286113, populationStandardDeviation=2.7741452288215775, min=0.0, max=500.0}, 12=Stats{count=34846579, mean=11.1895045384844, populationStandardDeviation=8.480222663390254, min=0.0, max=400.0}}}","{17=4.7081591597748727E8, 3=5.868309800000512E7, 4=8.3446429656685E7, 12=3.8991595387115514E8}"
/data-nonraid/maroulis/data/taxi_data/yellow_tripdata_2014_cleaned.csv,0,valinor,82,"Query{op=P, rect=(-73.98855..-73.93856),(40.741085..40.76611), categoricalFilters={}, groupByCols=null, measureCols=[12, 17, 4, 3], aggregateTypes=[COUNT, MIN, MAX, SUM, AVG]}",0.0,49679,40534,1466,1229,0,3826376,8.713595481,"{null={17=Stats{count=45987771, mean=13.750006375322716, populationStandardDeviation=10.80280198566007, min=0.0, max=1007.510009765625}, 3=Stats{count=45987771, mean=1.7009192509027784, populationStandardDeviation=1.3602466711516819, min=0.0, max=9.0}, 4=Stats{count=45987771, mean=2.4572880260732872, populationStandardDeviation=2.873961468560998, min=0.0, max=500.0}, 12=Stats{count=45987771, mean=11.3688100845716, populationStandardDeviation=8.791999508624713, min=0.0, max=400.0}}}","{17=6.323321444368811E8, 3=7.822148500000852E7, 4=1.1300519902410036E8, 12=5.2282623471176934E8}"
/data-nonraid/maroulis/data/taxi_data/yellow_tripdata_2014_cleaned.csv,0,valinor,83,"Query{op=P, rect=(-73.98355..-73.93356),(40.738583..40.763607), categoricalFilters={}, groupByCols=null, measureCols=[12, 17, 4, 3], aggregateTypes=[COUNT, MIN, MAX, SUM, AVG]}",0.0,50658,41269,1702,1553,0,2414064,5.739493387,"{null={17=Stats{count=31579782, mean=13.717260490197205, populationStandardDeviation=10.744485303928718, min=0.0, max=1007.510009765625}, 3=Stats{count=31579782, mean=1.6891507674120363, populationStandardDeviation=1.359413180870241, min=0.0, max=9.0}, 4=Stats{count=31579782, mean=2.4402216955479816, populationStandardDeviation=2.841297084038794, min=0.0, max=500.0}, 12=Stats{count=31579782, mean=11.311821239652167, populationStandardDeviation=8.711606626836916, min=0.0, max=400.0}}}","{17=4.3318809591764086E8, 3=5.334301300000481E7, 4=7.706166917707562E7, 12=3.5722484877118516E8}"
/data-nonraid/maroulis/data/taxi_data/yellow_tripdata_2014_cleaned.csv,0,valinor,84,"Query{op=P, rect=(-73.98955..-73.93956),(40.741585..40.76661), categoricalFilters={}, groupByCols=null, measureCols=[12, 17, 4, 3], aggregateTypes=[COUNT, MIN, MAX, SUM, AVG]}",0.0,52018,42289,2108,1683,0,1965215,4.330641446,"{null={17=Stats{count=48423630, mean=13.74539545031732, populationStandardDeviation=10.784473443074775, min=0.0, max=1007.510009765625}, 3=Stats{count=48423630, mean=1.7016919632006786, populationStandardDeviation=1.3601936904618492, min=0.0, max=9.0}, 4=Stats{count=48423630, mean=2.4583061278883767, populationStandardDeviation=2.874123510809114, min=0.0, max=500.0}, 12=Stats{count=48423630, mean=11.370835105957408, populationStandardDeviation=8.780879181629741, min=0.0, max=400.0}}}","{17=6.656019434898493E8, 3=8.240210200000328E7, 4=1.1904010636359943E8, 12=5.506171119618924E8}"
/data-nonraid/maroulis/data/taxi_data/yellow_tripdata_2014_cleaned.csv,0,valinor,85,"Query{op=P, rect=(-73.996544..-73.946556),(40.738083..40.763107), categoricalFilters={}, groupByCols=null, measureCols=[12, 17, 4, 3], aggregateTypes=[COUNT, MIN, MAX, SUM, AVG]}",0.0,52834,42901,601,458,0,6161580,12.946833083,"{null={17=Stats{count=55860566, mean=13.699231363816017, populationStandardDeviation=10.68500777455888, min=0.0, max=1007.510009765625}, 3=Stats{count=55860566, mean=1.697011770342864, populationStandardDeviation=1.357894239287278, min=0.0, max=9.0}, 4=Stats{count=55860566, mean=2.4332203338519984, populationStandardDeviation=2.82122836552537, min=0.0, max=504.29998779296875}, 12=Stats{count=55860566, mean=11.33061131482282, populationStandardDeviation=8.701294166493081, min=0.0, max=400.0}}}","{17=7.652468177477146E8, 3=9.47960380000144E7, 4=1.3592106505168158E8, 12=6.329343611720068E8}"
/data-nonraid/maroulis/data/taxi_data/yellow_tripdata_2014_cleaned.csv,0,valinor,86,"Query{op=P, rect=(-74.00404..-73.954056),(40.738083..40.763107), categoricalFilters={}, groupByCols=null, measureCols=[12, 17, 4, 3], aggregateTypes=[COUNT, MIN, MAX, SUM, AVG]}",0.0,53730,43573,953,775,0,4481416,9.771506447,"{null={17=Stats{count=61519656, mean=13.663030439025498, populationStandardDeviation=10.589161940333737, min=0.0, max=1007.510009765625}, 3=Stats{count=61519656, mean=1.6974168548666222, populationStandardDeviation=1.35861260738494, min=0.0, max=9.0}, 4=Stats{count=61519656, mean=2.4255976226231812, populationStandardDeviation=2.7957696674418706, min=0.0, max=504.29998779296875}, 12=Stats{count=61519656, mean=11.29842869085676, populationStandardDeviation=8.625613211068945, min=0.0, max=400.0}}}","{17=8.405449325263776E8, 3=1.0442450099999653E8, 4=1.4922193133819592E8, 12=6.950754464020382E8}"
/data-nonraid/maroulis/data/taxi_data/yellow_tripdata_2014_cleaned.csv,0,valinor,87,"Query{op=P, rect=(-74.01154..-73.961555),(40.741837..40.76686), categoricalFilters={}, groupByCols=null, measureCols=[12, 17, 4, 3], aggregateTypes=[COUNT, MIN, MAX, SUM, AVG]}",0.0,55550,44938,2132,1625,0,1310440,2.887361782,"{null={17=Stats{count=64808798, mean=13.695521228149985, populationStandardDeviation=10.639243722603378, min=0.0, max=626.6699829101562}, 3=Stats{count=64808798, mean=1.7014543457511204, populationStandardDeviation=1.359204384395409, min=0.0, max=9.0}, 4=Stats{count=64808798, mean=2.4379895806242273, populationStandardDeviation=2.81555237974431, min=0.0, max=504.29998779296875}, 12=Stats{count=64808798, mean=11.34379880062334, populationStandardDeviation=8.683932912108052, min=0.0, max=400.0}}}","{17=8.875902687798843E8, 3=1.1026921100000653E8, 4=1.5800317425678027E8, 12=7.351779650222403E8}"
/data-nonraid/maroulis/data/taxi_data/yellow_tripdata_2014_cleaned.csv,0,valinor,88,"Query{op=P, rect=(-74.01154..-73.961555),(40.738583..40.763607), categoricalFilters={}, groupByCols=null, measureCols=[12, 17, 4, 3], aggregateTypes=[COUNT, MIN, MAX, SUM, AVG]}",0.0,56374,45556,1122,904,0,1438250,3.525947159,"{null={17=Stats{count=64789377, mean=13.706409342266706, populationStandardDeviation=10.549416629707736, min=0.0, max=1007.510009765625}, 3=Stats{count=64789377, mean=1.7003540719337151, populationStandardDeviation=1.3587913815371893, min=0.0, max=9.0}, 4=Stats{count=64789377, mean=2.436219838236231, populationStandardDeviation=2.784982701157668, min=0.0, max=504.29998779296875}, 12=Stats{count=64789377, mean=11.334158855582514, populationStandardDeviation=8.597057767312432, min=0.0, max=400.0}}}","{17=8.880297221924397E8, 3=1.1016488099999858E8, 4=1.5784116555436617E8, 12=7.34333091072224E8}"
/data-nonraid/maroulis/data/taxi_data/yellow_tripdata_2014_cleaned.csv,0,valinor,89,"Query{op=P, rect=(-74.00455..-73.95456),(40.738583..40.763607), categoricalFilters={}, groupByCols=null, measureCols=[12, 17, 4, 3], aggregateTypes=[COUNT, MIN, MAX, SUM, AVG]}",0.0,57894,46696,1106,732,0,1992792,4.326434856,"{null={17=Stats{count=62626517, mean=13.66912599266272, populationStandardDeviation=10.58686342824789, min=0.0, max=1007.510009765625}, 3=Stats{count=62626517, mean=1.6979052020408312, populationStandardDeviation=1.358572549910822, min=0.0, max=9.0}, 4=Stats{count=62626517, mean=2.4286823458108273, populationStandardDeviation=2.7968870527991263, min=0.0, max=504.29998779296875}, 12=Stats{count=62626517, mean=11.306118837202165, populationStandardDeviation=8.626626532944192, min=0.0, max=400.0}}}","{17=8.560497513546337E8, 3=1.0633388899999855E8, 4=1.5209991621752167E8, 12=7.080628435620617E8}"
/data-nonraid/maroulis/data/taxi_data/yellow_tripdata_2014_cleaned.csv,0,valinor,90,"Query{op=P, rect=(-74.00455..-73.95456),(40.741585..40.76661), categoricalFilters={}, groupByCols=null, measureCols=[12, 17, 4, 3], aggregateTypes=[COUNT, MIN, MAX, SUM, AVG]}",0.0,59618,47989,2280,1743,0,1636679,3.438556097,"{null={17=Stats{count=65405857, mean=13.682530658038033, populationStandardDeviation=10.630286966698678, min=0.0, max=1007.510009765625}, 3=Stats{count=65405857, mean=1.7000298459509628, populationStandardDeviation=1.3590253269324721, min=0.0, max=9.0}, 4=Stats{count=65405857, mean=2.4378115381640626, populationStandardDeviation=2.8183786395026935, min=0.0, max=504.29998779296875}, 12=Stats{count=65405857, mean=11.33771215920762, populationStandardDeviation=8.679186714678718, min=0.0, max=400.0}}}","{17=8.949176436177515E8, 3=1.111919090000007E8, 4=1.5944715285810873E8, 12=7.415527801922948E8}"
/data-nonraid/maroulis/data/taxi_data/yellow_tripdata_2014_cleaned.csv,0,valinor,91,"Query{op=P, rect=(-73.99855..-73.94856),(40.744587..40.76961), categoricalFilters={}, groupByCols=null, measureCols=[12, 17, 4, 3], aggregateTypes=[COUNT, MIN, MAX, SUM, AVG]}",0.0,60702,48802,1067,796,0,1210861,2.974266441,"{null={17=Stats{count=62655435, mean=13.694996429447528, populationStandardDeviation=10.667217484582586, min=0.0, max=626.6699829101562}, 3=Stats{count=62655435, mean=1.6960011210520585, populationStandardDeviation=1.3569779700074733, min=0.0, max=9.0}, 4=Stats{count=62655435, mean=2.443410198500298, populationStandardDeviation=2.8367689101967564, min=0.0, max=504.29998779296875}, 12=Stats{count=62655435, mean=11.36852080545331, populationStandardDeviation=8.723872128269338, min=0.0, max=400.0}}}","{17=8.580659586104816E8, 3=1.0626368800000438E8, 4=1.5309292887047252E8, 12=7.122996163722274E8}"
/data-nonraid/maroulis/data/taxi_data/yellow_tripdata_2014_cleaned.csv,0,valinor,92,"Query{op=P, rect=(-73.99455..-73.944565),(40.744587..40.76961), categoricalFilters={}, groupByCols=null, measureCols=[12, 17, 4, 3], aggregateTypes=[COUNT, MIN, MAX, SUM, AVG]}",0.0,61950,49738,2109,1718,0,2605562,5.546448531,"{null={17=Stats{count=59631253, mean=13.692605047565584, populationStandardDeviation=10.667953626340026, min=0.0, max=626.6699829101562}, 3=Stats{count=59631253, mean=1.695970970121929, populationStandardDeviation=1.3570138060107404, min=0.0, max=9.0}, 4=Stats{count=59631253, mean=2.4430312599868853, populationStandardDeviation=2.839525143548296, min=0.0, max=500.0}, 12=Stats{count=59631253, mean=11.36714547423981, populationStandardDeviation=8.720319286071943, min=0.0, max=400.0}}}","{17=8.165071958204603E8, 3=1.0113287399999619E8, 4=1.4568101515118673E8, 12=6.778371276621991E8}"
/data-nonraid/maroulis/data/taxi_data/yellow_tripdata_2014_cleaned.csv,0,valinor,93,"Query{op=P, rect=(-73.99455..-73.944565),(40.746838..40.771862), categoricalFilters={}, groupByCols=null, measureCols=[12, 17, 4, 3], aggregateTypes=[COUNT, MIN, MAX, SUM, AVG]}",0.0,62786,50365,1410,1179,0,2258203,4.779122325,"{null={17=Stats{count=59677803, mean=13.651912766667106, populationStandardDeviation=10.56879885186951, min=0.0, max=621.97998046875}, 3=Stats{count=59677803, mean=1.695450484328279, populationStandardDeviation=1.3569632558679838, min=0.0, max=9.0}, 4=Stats{count=59677803, mean=2.437999077830937, populationStandardDeviation=2.8212185006892696, min=0.0, max=500.0}, 12=Stats{count=59677803, mean=11.346450488334252, populationStandardDeviation=8.649199498137135, min=0.0, max=400.0}}}","{17=8.147161606623446E8, 3=1.0118075999999762E8, 4=1.454944286809763E8, 12=6.771312369920653E8}"
/data-nonraid/maroulis/data/taxi_data/yellow_tripdata_2014_cleaned.csv,0,valinor,94,"Query{op=P, rect=(-73.99955..-73.94956),(40.74934..40.774364), categoricalFilters={}, groupByCols=null, measureCols=[12, 17, 4, 3], aggregateTypes=[COUNT, MIN, MAX, SUM, AVG]}",0.0,64330,51523,1530,1302,0,2097250,5.095500706,"{null={17=Stats{count=61444493, mean=13.621489160820847, populationStandardDeviation=10.483421829010991, min=0.0, max=621.97998046875}, 3=Stats{count=61444493, mean=1.6946499013346077, populationStandardDeviation=1.3565670235916403, min=0.0, max=9.0}, 4=Stats{count=61444493, mean=2.43220990707594, populationStandardDeviation=2.8013531778447036, min=0.0, max=500.0}, 12=Stats{count=61444493, mean=11.328882939141794, populationStandardDeviation=8.589949949406389, min=0.0, max=400.0}}}","{17=8.369654953916324E8, 3=1.0412690400000499E8, 4=1.4944590460985824E8, 12=6.960974684519174E8}"
/data-nonraid/maroulis/data/taxi_data/yellow_tripdata_2014_cleaned.csv,0,valinor,95,"Query{op=P, rect=(-73.99955..-73.94956),(40.75159..40.776615), categoricalFilters={}, groupByCols=null, measureCols=[12, 17, 4, 3], aggregateTypes=[COUNT, MIN, MAX, SUM, AVG]}",0.0,65122,52117,1686,1399,0,1055385,2.204476501,"{null={17=Stats{count=57394335, mean=13.538485431938927, populationStandardDeviation=10.390000372421722, min=0.0, max=621.97998046875}, 3=Stats{count=57394335, mean=1.694923340430693, populationStandardDeviation=1.3573903505943141, min=0.0, max=9.0}, 4=Stats{count=57394335, mean=2.421663449719488, populationStandardDeviation=2.7884950512129185, min=0.0, max=500.0}, 12=Stats{count=57394335, mean=11.25654811179331, populationStandardDeviation=8.523350036707626, min=0.0, max=400.0}}}","{17=7.770323682733225E8, 3=9.727899799999823E7, 4=1.3898976329045594E8, 12=6.460620932718827E8}"
/data-nonraid/maroulis/data/taxi_data/yellow_tripdata_2014_cleaned.csv,0,valinor,96,"Query{op=P, rect=(-73.99505..-73.94506),(40.75384..40.778866), categoricalFilters={}, groupByCols=null, measureCols=[12, 17, 4, 3], aggregateTypes=[COUNT, MIN, MAX, SUM, AVG]}",0.0,66362,53047,2394,2097,0,3010774,6.790935048,"{null={17=Stats{count=54695827, mean=13.464433345007018, populationStandardDeviation=10.215230210548867, min=0.0, max=621.97998046875}, 3=Stats{count=54695827, mean=1.6934152398864935, populationStandardDeviation=1.3570831244062045, min=0.0, max=9.0}, 4=Stats{count=54695827, mean=2.410985849625867, populationStandardDeviation=2.7550855593367074, min=0.0, max=500.0}, 12=Stats{count=54695827, mean=11.205112818235321, populationStandardDeviation=8.39307220994548, min=0.0, max=400.0}}}","{17=7.364483168915352E8, 3=9.262274699999514E7, 4=1.3187086493058445E8, 12=6.128729122216816E8}"
/data-nonraid/maroulis/data/taxi_data/yellow_tripdata_2014_cleaned.csv,0,valinor,97,"Query{op=P, rect=(-73.98805..-73.938065),(40.75384..40.778866), categoricalFilters={}, groupByCols=null, measureCols=[12, 17, 4, 3], aggregateTypes=[COUNT, MIN, MAX, SUM, AVG]}",0.0,67710,54058,2436,1993,0,2323047,5.191113431,"{null={17=Stats{count=48333359, mean=13.422517512475702, populationStandardDeviation=10.126282217772244, min=0.0, max=621.97998046875}, 3=Stats{count=48333359, mean=1.6929258113428154, populationStandardDeviation=1.3572104227613901, min=0.0, max=9.0}, 4=Stats{count=48333359, mean=2.3934667745944234, populationStandardDeviation=2.7356670174344737, min=0.0, max=500.0}, 12=Stats{count=48333359, mean=11.160487155288951, populationStandardDeviation=8.305005695851044, min=0.0, max=400.0}}}","{17=6.487553576142751E8, 3=8.182479099999857E7, 4=1.1568428887104434E8, 12=5.394238322914696E8}"
/data-nonraid/maroulis/data/taxi_data/yellow_tripdata_2014_cleaned.csv,0,valinor,98,"Query{op=P, rect=(-73.98805..-73.938065),(40.75184..40.776863), categoricalFilters={}, groupByCols=null, measureCols=[12, 17, 4, 3], aggregateTypes=[COUNT, MIN, MAX, SUM, AVG]}",0.0,69074,55081,2359,1820,0,582213,1.347092529,"{null={17=Stats{count=49150181, mean=13.478202833465222, populationStandardDeviation=10.24310120607027, min=0.0, max=621.97998046875}, 3=Stats{count=49150181, mean=1.6929043252150244, populationStandardDeviation=1.3570618545971544, min=0.0, max=9.0}, 4=Stats{count=49150181, mean=2.4027035548727103, populationStandardDeviation=2.7592435590109545, min=0.0, max=500.0}, 12=Stats{count=49150181, mean=11.198254138911986, populationStandardDeviation=8.385986684234426, min=0.0, max=400.0}}}","{17=6.624561088195285E8, 3=8.320655400000131E7, 4=1.1809331461133714E8, 12=5.503962178115233E8}"
/data-nonraid/maroulis/data/taxi_data/yellow_tripdata_2014_cleaned.csv,0,valinor,99,"Query{op=P, rect=(-73.99205..-73.94206),(40.75384..40.778866), categoricalFilters={}, groupByCols=null, measureCols=[12, 17, 4, 3], aggregateTypes=[COUNT, MIN, MAX, SUM, AVG]}",0.0,69802,55627,2713,2288,0,1326704,2.909097307,"{null={17=Stats{count=53140092, mean=13.45746885603142, populationStandardDeviation=10.186611626255464, min=0.0, max=621.97998046875}, 3=Stats{count=53140092, mean=1.6935322957289498, populationStandardDeviation=1.3572630885694326, min=0.0, max=9.0}, 4=Stats{count=53140092, mean=2.408285748556553, populationStandardDeviation=2.7521406904440826, min=0.0, max=500.0}, 12=Stats{count=53140092, mean=11.200049693959663, populationStandardDeviation=8.36792561960913, min=0.0, max=400.0}}}","{17=7.151311330966444E8, 3=8.99944620000076E7, 4=1.2797652624058409E8, 12=5.951716711415883E8}"
