csv,version,i,rowCount,Time (sec),Query,errorBound
/Users/vasilisstamatopoulos/Documents/Works/01_ATHENA/01_Projects/XtremeXP/Code/approximate-valinor/data/yellow_tripdata_2014_cleaned.csv,table,0,1,2.906589458,"select count(column12) as count_column12, min(column12) as min_column12, max(column12) as max_column12, sum(column12) as sum_column12, avg(column12) as avg_column12, sum(column12 * column12) as sum_of_squares_column12 from data_table where column05 > -73.998314 AND column05 < -73.975006 AND column06 > 40.71516 AND column06 < 40.73264;",0
/Users/vasilisstamatopoulos/Documents/Works/01_ATHENA/01_Projects/XtremeXP/Code/approximate-valinor/data/yellow_tripdata_2014_cleaned.csv,table,1,1,1.654354834,"select count(column12) as count_column12, min(column12) as min_column12, max(column12) as max_column12, sum(column12) as sum_column12, avg(column12) as avg_column12, sum(column12 * column12) as sum_of_squares_column12 from data_table where column05 > -74.00064 AND column05 < -73.97734 AND column06 > 40.716908 AND column06 < 40.734386;",0
/Users/vasilisstamatopoulos/Documents/Works/01_ATHENA/01_Projects/XtremeXP/Code/approximate-valinor/data/yellow_tripdata_2014_cleaned.csv,table,2,1,1.034194333,"select count(column12) as count_column12, min(column12) as min_column12, max(column12) as max_column12, sum(column12) as sum_column12, avg(column12) as avg_column12, sum(column12 * column12) as sum_of_squares_column12 from data_table where column05 > -73.99691 AND column05 < -73.97361 AND column06 > 40.719704 AND column06 < 40.737183;",0
/Users/vasilisstamatopoulos/Documents/Works/01_ATHENA/01_Projects/XtremeXP/Code/approximate-valinor/data/yellow_tripdata_2014_cleaned.csv,table,3,1,1.194679083,"select count(column12) as count_column12, min(column12) as min_column12, max(column12) as max_column12, sum(column12) as sum_column12, avg(column12) as avg_column12, sum(column12 * column12) as sum_of_squares_column12 from data_table where column05 > -73.99691 AND column05 < -73.97361 AND column06 > 40.716557 AND column06 < 40.734035;",0
/Users/vasilisstamatopoulos/Documents/Works/01_ATHENA/01_Projects/XtremeXP/Code/approximate-valinor/data/yellow_tripdata_2014_cleaned.csv,table,4,1,0.983154958,"select count(column12) as count_column12, min(column12) as min_column12, max(column12) as max_column12, sum(column12) as sum_column12, avg(column12) as avg_column12, sum(column12 * column12) as sum_of_squares_column12 from data_table where column05 > -74.000404 AND column05 < -73.977104 AND column06 > 40.716557 AND column06 < 40.734035;",0
/Users/vasilisstamatopoulos/Documents/Works/01_ATHENA/01_Projects/XtremeXP/Code/approximate-valinor/data/yellow_tripdata_2014_cleaned.csv,table,5,1,1.341250042,"select count(column12) as count_column12, min(column12) as min_column12, max(column12) as max_column12, sum(column12) as sum_column12, avg(column12) as avg_column12, sum(column12 * column12) as sum_of_squares_column12 from data_table where column05 > -73.99667 AND column05 < -73.97337 AND column06 > 40.71376 AND column06 < 40.73124;",0
/Users/vasilisstamatopoulos/Documents/Works/01_ATHENA/01_Projects/XtremeXP/Code/approximate-valinor/data/yellow_tripdata_2014_cleaned.csv,table,6,1,0.989061917,"select count(column12) as count_column12, min(column12) as min_column12, max(column12) as max_column12, sum(column12) as sum_column12, avg(column12) as avg_column12, sum(column12 * column12) as sum_of_squares_column12 from data_table where column05 > -73.99388 AND column05 < -73.97058 AND column06 > 40.71376 AND column06 < 40.73124;",0
/Users/vasilisstamatopoulos/Documents/Works/01_ATHENA/01_Projects/XtremeXP/Code/approximate-valinor/data/yellow_tripdata_2014_cleaned.csv,table,7,1,0.921192208,"select count(column12) as count_column12, min(column12) as min_column12, max(column12) as max_column12, sum(column12) as sum_column12, avg(column12) as avg_column12, sum(column12 * column12) as sum_of_squares_column12 from data_table where column05 > -73.99109 AND column05 < -73.96779 AND column06 > 40.71586 AND column06 < 40.733337;",0
/Users/vasilisstamatopoulos/Documents/Works/01_ATHENA/01_Projects/XtremeXP/Code/approximate-valinor/data/yellow_tripdata_2014_cleaned.csv,table,8,1,0.949865167,"select count(column12) as count_column12, min(column12) as min_column12, max(column12) as max_column12, sum(column12) as sum_column12, avg(column12) as avg_column12, sum(column12 * column12) as sum_of_squares_column12 from data_table where column05 > -73.99482 AND column05 < -73.97152 AND column06 > 40.71586 AND column06 < 40.733337;",0
/Users/vasilisstamatopoulos/Documents/Works/01_ATHENA/01_Projects/XtremeXP/Code/approximate-valinor/data/yellow_tripdata_2014_cleaned.csv,table,9,1,3.453565666,"select count(column12) as count_column12, min(column12) as min_column12, max(column12) as max_column12, sum(column12) as sum_column12, avg(column12) as avg_column12, sum(column12 * column12) as sum_of_squares_column12 from data_table where column05 > -73.99482 AND column05 < -73.97152 AND column06 > 40.717957 AND column06 < 40.735435;",0
/Users/vasilisstamatopoulos/Documents/Works/01_ATHENA/01_Projects/XtremeXP/Code/approximate-valinor/data/yellow_tripdata_2014_cleaned.csv,table,10,1,0.473655375,"select count(column12) as count_column12, min(column12) as min_column12, max(column12) as max_column12, sum(column12) as sum_column12, avg(column12) as avg_column12, sum(column12 * column12) as sum_of_squares_column12 from data_table where column05 > -73.99482 AND column05 < -73.97152 AND column06 > 40.71621 AND column06 < 40.73369;",0
/Users/vasilisstamatopoulos/Documents/Works/01_ATHENA/01_Projects/XtremeXP/Code/approximate-valinor/data/yellow_tripdata_2014_cleaned.csv,table,11,1,0.547849,"select count(column12) as count_column12, min(column12) as min_column12, max(column12) as max_column12, sum(column12) as sum_column12, avg(column12) as avg_column12, sum(column12 * column12) as sum_of_squares_column12 from data_table where column05 > -73.99761 AND column05 < -73.97431 AND column06 > 40.71411 AND column06 < 40.73159;",0
/Users/vasilisstamatopoulos/Documents/Works/01_ATHENA/01_Projects/XtremeXP/Code/approximate-valinor/data/yellow_tripdata_2014_cleaned.csv,table,12,1,0.465724792,"select count(column12) as count_column12, min(column12) as min_column12, max(column12) as max_column12, sum(column12) as sum_column12, avg(column12) as avg_column12, sum(column12 * column12) as sum_of_squares_column12 from data_table where column05 > -73.99482 AND column05 < -73.97152 AND column06 > 40.712013 AND column06 < 40.729492;",0
/Users/vasilisstamatopoulos/Documents/Works/01_ATHENA/01_Projects/XtremeXP/Code/approximate-valinor/data/yellow_tripdata_2014_cleaned.csv,table,13,1,0.468330333,"select count(column12) as count_column12, min(column12) as min_column12, max(column12) as max_column12, sum(column12) as sum_column12, avg(column12) as avg_column12, sum(column12 * column12) as sum_of_squares_column12 from data_table where column05 > -73.99761 AND column05 < -73.97431 AND column06 > 40.71411 AND column06 < 40.73159;",0
/Users/vasilisstamatopoulos/Documents/Works/01_ATHENA/01_Projects/XtremeXP/Code/approximate-valinor/data/yellow_tripdata_2014_cleaned.csv,table,14,1,0.527455792,"select count(column12) as count_column12, min(column12) as min_column12, max(column12) as max_column12, sum(column12) as sum_column12, avg(column12) as avg_column12, sum(column12 * column12) as sum_of_squares_column12 from data_table where column05 > -74.00111 AND column05 < -73.977806 AND column06 > 40.71149 AND column06 < 40.72897;",0
/Users/vasilisstamatopoulos/Documents/Works/01_ATHENA/01_Projects/XtremeXP/Code/approximate-valinor/data/yellow_tripdata_2014_cleaned.csv,table,15,1,0.508563125,"select count(column12) as count_column12, min(column12) as min_column12, max(column12) as max_column12, sum(column12) as sum_column12, avg(column12) as avg_column12, sum(column12 * column12) as sum_of_squares_column12 from data_table where column05 > -74.0039 AND column05 < -73.9806 AND column06 > 40.71149 AND column06 < 40.72897;",0
/Users/vasilisstamatopoulos/Documents/Works/01_ATHENA/01_Projects/XtremeXP/Code/approximate-valinor/data/yellow_tripdata_2014_cleaned.csv,table,16,1,0.414402667,"select count(column12) as count_column12, min(column12) as min_column12, max(column12) as max_column12, sum(column12) as sum_column12, avg(column12) as avg_column12, sum(column12 * column12) as sum_of_squares_column12 from data_table where column05 > -74.00646 AND column05 < -73.98316 AND column06 > 40.713413 AND column06 < 40.730892;",0
/Users/vasilisstamatopoulos/Documents/Works/01_ATHENA/01_Projects/XtremeXP/Code/approximate-valinor/data/yellow_tripdata_2014_cleaned.csv,table,17,1,0.459050666,"select count(column12) as count_column12, min(column12) as min_column12, max(column12) as max_column12, sum(column12) as sum_column12, avg(column12) as avg_column12, sum(column12 * column12) as sum_of_squares_column12 from data_table where column05 > -74.00646 AND column05 < -73.98316 AND column06 > 40.710617 AND column06 < 40.728096;",0
/Users/vasilisstamatopoulos/Documents/Works/01_ATHENA/01_Projects/XtremeXP/Code/approximate-valinor/data/yellow_tripdata_2014_cleaned.csv,table,18,1,0.504472083,"select count(column12) as count_column12, min(column12) as min_column12, max(column12) as max_column12, sum(column12) as sum_column12, avg(column12) as avg_column12, sum(column12 * column12) as sum_of_squares_column12 from data_table where column05 > -74.00297 AND column05 < -73.97967 AND column06 > 40.710617 AND column06 < 40.728096;",0
/Users/vasilisstamatopoulos/Documents/Works/01_ATHENA/01_Projects/XtremeXP/Code/approximate-valinor/data/yellow_tripdata_2014_cleaned.csv,table,19,1,0.387177917,"select count(column12) as count_column12, min(column12) as min_column12, max(column12) as max_column12, sum(column12) as sum_column12, avg(column12) as avg_column12, sum(column12 * column12) as sum_of_squares_column12 from data_table where column05 > -74.00297 AND column05 < -73.97967 AND column06 > 40.71394 AND column06 < 40.73142;",0
/Users/vasilisstamatopoulos/Documents/Works/01_ATHENA/01_Projects/XtremeXP/Code/approximate-valinor/data/yellow_tripdata_2014_cleaned.csv,table,20,1,0.4793915,"select count(column12) as count_column12, min(column12) as min_column12, max(column12) as max_column12, sum(column12) as sum_column12, avg(column12) as avg_column12, sum(column12 * column12) as sum_of_squares_column12 from data_table where column05 > -73.99831 AND column05 < -73.975006 AND column06 > 40.717434 AND column06 < 40.734913;",0
/Users/vasilisstamatopoulos/Documents/Works/01_ATHENA/01_Projects/XtremeXP/Code/approximate-valinor/data/yellow_tripdata_2014_cleaned.csv,table,21,1,0.39793775,"select count(column12) as count_column12, min(column12) as min_column12, max(column12) as max_column12, sum(column12) as sum_column12, avg(column12) as avg_column12, sum(column12 * column12) as sum_of_squares_column12 from data_table where column05 > -73.99831 AND column05 < -73.975006 AND column06 > 40.72093 AND column06 < 40.738407;",0
/Users/vasilisstamatopoulos/Documents/Works/01_ATHENA/01_Projects/XtremeXP/Code/approximate-valinor/data/yellow_tripdata_2014_cleaned.csv,table,22,1,0.395567833,"select count(column12) as count_column12, min(column12) as min_column12, max(column12) as max_column12, sum(column12) as sum_column12, avg(column12) as avg_column12, sum(column12 * column12) as sum_of_squares_column12 from data_table where column05 > -73.99831 AND column05 < -73.975006 AND column06 > 40.7239 AND column06 < 40.74138;",0
/Users/vasilisstamatopoulos/Documents/Works/01_ATHENA/01_Projects/XtremeXP/Code/approximate-valinor/data/yellow_tripdata_2014_cleaned.csv,table,23,1,0.395772583,"select count(column12) as count_column12, min(column12) as min_column12, max(column12) as max_column12, sum(column12) as sum_column12, avg(column12) as avg_column12, sum(column12 * column12) as sum_of_squares_column12 from data_table where column05 > -74.002266 AND column05 < -73.978966 AND column06 > 40.72687 AND column06 < 40.74435;",0
/Users/vasilisstamatopoulos/Documents/Works/01_ATHENA/01_Projects/XtremeXP/Code/approximate-valinor/data/yellow_tripdata_2014_cleaned.csv,table,24,1,0.417950916,"select count(column12) as count_column12, min(column12) as min_column12, max(column12) as max_column12, sum(column12) as sum_column12, avg(column12) as avg_column12, sum(column12 * column12) as sum_of_squares_column12 from data_table where column05 > -74.002266 AND column05 < -73.978966 AND column06 > 40.730194 AND column06 < 40.747673;",0
/Users/vasilisstamatopoulos/Documents/Works/01_ATHENA/01_Projects/XtremeXP/Code/approximate-valinor/data/yellow_tripdata_2014_cleaned.csv,table,25,1,0.400001125,"select count(column12) as count_column12, min(column12) as min_column12, max(column12) as max_column12, sum(column12) as sum_column12, avg(column12) as avg_column12, sum(column12 * column12) as sum_of_squares_column12 from data_table where column05 > -73.997604 AND column05 < -73.974304 AND column06 > 40.73369 AND column06 < 40.751167;",0
/Users/vasilisstamatopoulos/Documents/Works/01_ATHENA/01_Projects/XtremeXP/Code/approximate-valinor/data/yellow_tripdata_2014_cleaned.csv,table,26,1,0.412776792,"select count(column12) as count_column12, min(column12) as min_column12, max(column12) as max_column12, sum(column12) as sum_column12, avg(column12) as avg_column12, sum(column12 * column12) as sum_of_squares_column12 from data_table where column05 > -73.997604 AND column05 < -73.974304 AND column06 > 40.736134 AND column06 < 40.753613;",0
/Users/vasilisstamatopoulos/Documents/Works/01_ATHENA/01_Projects/XtremeXP/Code/approximate-valinor/data/yellow_tripdata_2014_cleaned.csv,table,27,1,0.409403042,"select count(column12) as count_column12, min(column12) as min_column12, max(column12) as max_column12, sum(column12) as sum_column12, avg(column12) as avg_column12, sum(column12 * column12) as sum_of_squares_column12 from data_table where column05 > -73.997604 AND column05 < -73.974304 AND column06 > 40.73421 AND column06 < 40.75169;",0
/Users/vasilisstamatopoulos/Documents/Works/01_ATHENA/01_Projects/XtremeXP/Code/approximate-valinor/data/yellow_tripdata_2014_cleaned.csv,table,28,1,0.401283709,"select count(column12) as count_column12, min(column12) as min_column12, max(column12) as max_column12, sum(column12) as sum_column12, avg(column12) as avg_column12, sum(column12 * column12) as sum_of_squares_column12 from data_table where column05 > -74.001335 AND column05 < -73.978035 AND column06 > 40.737007 AND column06 < 40.754486;",0
/Users/vasilisstamatopoulos/Documents/Works/01_ATHENA/01_Projects/XtremeXP/Code/approximate-valinor/data/yellow_tripdata_2014_cleaned.csv,table,29,1,0.4548035,"select count(column12) as count_column12, min(column12) as min_column12, max(column12) as max_column12, sum(column12) as sum_column12, avg(column12) as avg_column12, sum(column12 * column12) as sum_of_squares_column12 from data_table where column05 > -74.004364 AND column05 < -73.981064 AND column06 > 40.737007 AND column06 < 40.754486;",0
/Users/vasilisstamatopoulos/Documents/Works/01_ATHENA/01_Projects/XtremeXP/Code/approximate-valinor/data/yellow_tripdata_2014_cleaned.csv,table,30,1,0.404982208,"select count(column12) as count_column12, min(column12) as min_column12, max(column12) as max_column12, sum(column12) as sum_column12, avg(column12) as avg_column12, sum(column12 * column12) as sum_of_squares_column12 from data_table where column05 > -74.0011 AND column05 < -73.9778 AND column06 > 40.739452 AND column06 < 40.75693;",0
/Users/vasilisstamatopoulos/Documents/Works/01_ATHENA/01_Projects/XtremeXP/Code/approximate-valinor/data/yellow_tripdata_2014_cleaned.csv,table,31,1,0.407633,"select count(column12) as count_column12, min(column12) as min_column12, max(column12) as max_column12, sum(column12) as sum_column12, avg(column12) as avg_column12, sum(column12 * column12) as sum_of_squares_column12 from data_table where column05 > -74.00366 AND column05 < -73.98036 AND column06 > 40.739452 AND column06 < 40.75693;",0
/Users/vasilisstamatopoulos/Documents/Works/01_ATHENA/01_Projects/XtremeXP/Code/approximate-valinor/data/yellow_tripdata_2014_cleaned.csv,table,32,1,0.414195416,"select count(column12) as count_column12, min(column12) as min_column12, max(column12) as max_column12, sum(column12) as sum_column12, avg(column12) as avg_column12, sum(column12 * column12) as sum_of_squares_column12 from data_table where column05 > -74.00366 AND column05 < -73.98036 AND column06 > 40.737705 AND column06 < 40.755184;",0
/Users/vasilisstamatopoulos/Documents/Works/01_ATHENA/01_Projects/XtremeXP/Code/approximate-valinor/data/yellow_tripdata_2014_cleaned.csv,table,33,1,0.40018425,"select count(column12) as count_column12, min(column12) as min_column12, max(column12) as max_column12, sum(column12) as sum_column12, avg(column12) as avg_column12, sum(column12 * column12) as sum_of_squares_column12 from data_table where column05 > -74.00366 AND column05 < -73.98036 AND column06 > 40.739628 AND column06 < 40.757107;",0
/Users/vasilisstamatopoulos/Documents/Works/01_ATHENA/01_Projects/XtremeXP/Code/approximate-valinor/data/yellow_tripdata_2014_cleaned.csv,table,34,1,0.429567792,"select count(column12) as count_column12, min(column12) as min_column12, max(column12) as max_column12, sum(column12) as sum_column12, avg(column12) as avg_column12, sum(column12 * column12) as sum_of_squares_column12 from data_table where column05 > -74.00832 AND column05 < -73.98502 AND column06 > 40.739628 AND column06 < 40.757107;",0
/Users/vasilisstamatopoulos/Documents/Works/01_ATHENA/01_Projects/XtremeXP/Code/approximate-valinor/data/yellow_tripdata_2014_cleaned.csv,table,35,1,0.423444083,"select count(column12) as count_column12, min(column12) as min_column12, max(column12) as max_column12, sum(column12) as sum_column12, avg(column12) as avg_column12, sum(column12 * column12) as sum_of_squares_column12 from data_table where column05 > -74.00576 AND column05 < -73.98246 AND column06 > 40.74155 AND column06 < 40.75903;",0
/Users/vasilisstamatopoulos/Documents/Works/01_ATHENA/01_Projects/XtremeXP/Code/approximate-valinor/data/yellow_tripdata_2014_cleaned.csv,table,36,1,0.421014167,"select count(column12) as count_column12, min(column12) as min_column12, max(column12) as max_column12, sum(column12) as sum_column12, avg(column12) as avg_column12, sum(column12 * column12) as sum_of_squares_column12 from data_table where column05 > -74.00576 AND column05 < -73.98246 AND column06 > 40.74417 AND column06 < 40.76165;",0
/Users/vasilisstamatopoulos/Documents/Works/01_ATHENA/01_Projects/XtremeXP/Code/approximate-valinor/data/yellow_tripdata_2014_cleaned.csv,table,37,1,0.402162166,"select count(column12) as count_column12, min(column12) as min_column12, max(column12) as max_column12, sum(column12) as sum_column12, avg(column12) as avg_column12, sum(column12 * column12) as sum_of_squares_column12 from data_table where column05 > -74.00576 AND column05 < -73.98246 AND column06 > 40.741726 AND column06 < 40.759205;",0
/Users/vasilisstamatopoulos/Documents/Works/01_ATHENA/01_Projects/XtremeXP/Code/approximate-valinor/data/yellow_tripdata_2014_cleaned.csv,table,38,1,0.387347959,"select count(column12) as count_column12, min(column12) as min_column12, max(column12) as max_column12, sum(column12) as sum_column12, avg(column12) as avg_column12, sum(column12 * column12) as sum_of_squares_column12 from data_table where column05 > -74.00879 AND column05 < -73.98549 AND column06 > 40.744 AND column06 < 40.76148;",0
/Users/vasilisstamatopoulos/Documents/Works/01_ATHENA/01_Projects/XtremeXP/Code/approximate-valinor/data/yellow_tripdata_2014_cleaned.csv,table,39,1,0.426042917,"select count(column12) as count_column12, min(column12) as min_column12, max(column12) as max_column12, sum(column12) as sum_column12, avg(column12) as avg_column12, sum(column12 * column12) as sum_of_squares_column12 from data_table where column05 > -74.006 AND column05 < -73.9827 AND column06 > 40.746098 AND column06 < 40.763577;",0
/Users/vasilisstamatopoulos/Documents/Works/01_ATHENA/01_Projects/XtremeXP/Code/approximate-valinor/data/yellow_tripdata_2014_cleaned.csv,table,40,1,0.405179291,"select count(column12) as count_column12, min(column12) as min_column12, max(column12) as max_column12, sum(column12) as sum_column12, avg(column12) as avg_column12, sum(column12 * column12) as sum_of_squares_column12 from data_table where column05 > -74.003204 AND column05 < -73.979904 AND column06 > 40.748196 AND column06 < 40.765675;",0
/Users/vasilisstamatopoulos/Documents/Works/01_ATHENA/01_Projects/XtremeXP/Code/approximate-valinor/data/yellow_tripdata_2014_cleaned.csv,table,41,1,0.381341375,"select count(column12) as count_column12, min(column12) as min_column12, max(column12) as max_column12, sum(column12) as sum_column12, avg(column12) as avg_column12, sum(column12 * column12) as sum_of_squares_column12 from data_table where column05 > -73.99901 AND column05 < -73.97571 AND column06 > 40.751343 AND column06 < 40.76882;",0
/Users/vasilisstamatopoulos/Documents/Works/01_ATHENA/01_Projects/XtremeXP/Code/approximate-valinor/data/yellow_tripdata_2014_cleaned.csv,table,42,1,0.432810125,"select count(column12) as count_column12, min(column12) as min_column12, max(column12) as max_column12, sum(column12) as sum_column12, avg(column12) as avg_column12, sum(column12 * column12) as sum_of_squares_column12 from data_table where column05 > -74.001335 AND column05 < -73.978035 AND column06 > 40.749596 AND column06 < 40.767075;",0
/Users/vasilisstamatopoulos/Documents/Works/01_ATHENA/01_Projects/XtremeXP/Code/approximate-valinor/data/yellow_tripdata_2014_cleaned.csv,table,43,1,0.383023542,"select count(column12) as count_column12, min(column12) as min_column12, max(column12) as max_column12, sum(column12) as sum_column12, avg(column12) as avg_column12, sum(column12 * column12) as sum_of_squares_column12 from data_table where column05 > -74.0039 AND column05 < -73.9806 AND column06 > 40.749596 AND column06 < 40.767075;",0
/Users/vasilisstamatopoulos/Documents/Works/01_ATHENA/01_Projects/XtremeXP/Code/approximate-valinor/data/yellow_tripdata_2014_cleaned.csv,table,44,1,0.386944083,"select count(column12) as count_column12, min(column12) as min_column12, max(column12) as max_column12, sum(column12) as sum_column12, avg(column12) as avg_column12, sum(column12 * column12) as sum_of_squares_column12 from data_table where column05 > -74.00111 AND column05 < -73.977806 AND column06 > 40.751694 AND column06 < 40.769173;",0
/Users/vasilisstamatopoulos/Documents/Works/01_ATHENA/01_Projects/XtremeXP/Code/approximate-valinor/data/yellow_tripdata_2014_cleaned.csv,table,45,1,0.410200083,"select count(column12) as count_column12, min(column12) as min_column12, max(column12) as max_column12, sum(column12) as sum_column12, avg(column12) as avg_column12, sum(column12 * column12) as sum_of_squares_column12 from data_table where column05 > -74.0046 AND column05 < -73.9813 AND column06 > 40.754314 AND column06 < 40.771793;",0
/Users/vasilisstamatopoulos/Documents/Works/01_ATHENA/01_Projects/XtremeXP/Code/approximate-valinor/data/yellow_tripdata_2014_cleaned.csv,table,46,1,0.465947125,"select count(column12) as count_column12, min(column12) as min_column12, max(column12) as max_column12, sum(column12) as sum_column12, avg(column12) as avg_column12, sum(column12 * column12) as sum_of_squares_column12 from data_table where column05 > -74.00204 AND column05 < -73.97874 AND column06 > 40.754314 AND column06 < 40.771793;",0
/Users/vasilisstamatopoulos/Documents/Works/01_ATHENA/01_Projects/XtremeXP/Code/approximate-valinor/data/yellow_tripdata_2014_cleaned.csv,table,47,1,0.353674208,"select count(column12) as count_column12, min(column12) as min_column12, max(column12) as max_column12, sum(column12) as sum_column12, avg(column12) as avg_column12, sum(column12 * column12) as sum_of_squares_column12 from data_table where column05 > -74.00577 AND column05 < -73.98247 AND column06 > 40.75711 AND column06 < 40.77459;",0
/Users/vasilisstamatopoulos/Documents/Works/01_ATHENA/01_Projects/XtremeXP/Code/approximate-valinor/data/yellow_tripdata_2014_cleaned.csv,table,48,1,0.403935917,"select count(column12) as count_column12, min(column12) as min_column12, max(column12) as max_column12, sum(column12) as sum_column12, avg(column12) as avg_column12, sum(column12 * column12) as sum_of_squares_column12 from data_table where column05 > -74.002975 AND column05 < -73.979675 AND column06 > 40.755013 AND column06 < 40.77249;",0
/Users/vasilisstamatopoulos/Documents/Works/01_ATHENA/01_Projects/XtremeXP/Code/approximate-valinor/data/yellow_tripdata_2014_cleaned.csv,table,49,1,0.361756125,"select count(column12) as count_column12, min(column12) as min_column12, max(column12) as max_column12, sum(column12) as sum_column12, avg(column12) as avg_column12, sum(column12 * column12) as sum_of_squares_column12 from data_table where column05 > -73.99878 AND column05 < -73.97548 AND column06 > 40.75816 AND column06 < 40.77564;",0
/Users/vasilisstamatopoulos/Documents/Works/01_ATHENA/01_Projects/XtremeXP/Code/approximate-valinor/data/yellow_tripdata_2014_cleaned.csv,table,50,1,0.363235292,"select count(column12) as count_column12, min(column12) as min_column12, max(column12) as max_column12, sum(column12) as sum_column12, avg(column12) as avg_column12, sum(column12 * column12) as sum_of_squares_column12 from data_table where column05 > -74.00227 AND column05 < -73.97897 AND column06 > 40.75816 AND column06 < 40.77564;",0
/Users/vasilisstamatopoulos/Documents/Works/01_ATHENA/01_Projects/XtremeXP/Code/approximate-valinor/data/yellow_tripdata_2014_cleaned.csv,table,51,1,0.3706535,"select count(column12) as count_column12, min(column12) as min_column12, max(column12) as max_column12, sum(column12) as sum_column12, avg(column12) as avg_column12, sum(column12 * column12) as sum_of_squares_column12 from data_table where column05 > -74.0046 AND column05 < -73.9813 AND column06 > 40.759907 AND column06 < 40.777386;",0
/Users/vasilisstamatopoulos/Documents/Works/01_ATHENA/01_Projects/XtremeXP/Code/approximate-valinor/data/yellow_tripdata_2014_cleaned.csv,table,52,1,0.4101405,"select count(column12) as count_column12, min(column12) as min_column12, max(column12) as max_column12, sum(column12) as sum_column12, avg(column12) as avg_column12, sum(column12 * column12) as sum_of_squares_column12 from data_table where column05 > -74.00157 AND column05 < -73.97827 AND column06 > 40.76218 AND column06 < 40.77966;",0
/Users/vasilisstamatopoulos/Documents/Works/01_ATHENA/01_Projects/XtremeXP/Code/approximate-valinor/data/yellow_tripdata_2014_cleaned.csv,table,53,1,0.351244833,"select count(column12) as count_column12, min(column12) as min_column12, max(column12) as max_column12, sum(column12) as sum_column12, avg(column12) as avg_column12, sum(column12 * column12) as sum_of_squares_column12 from data_table where column05 > -74.0053 AND column05 < -73.982 AND column06 > 40.76218 AND column06 < 40.77966;",0
/Users/vasilisstamatopoulos/Documents/Works/01_ATHENA/01_Projects/XtremeXP/Code/approximate-valinor/data/yellow_tripdata_2014_cleaned.csv,table,54,1,0.360778416,"select count(column12) as count_column12, min(column12) as min_column12, max(column12) as max_column12, sum(column12) as sum_column12, avg(column12) as avg_column12, sum(column12 * column12) as sum_of_squares_column12 from data_table where column05 > -74.0053 AND column05 < -73.982 AND column06 > 40.758858 AND column06 < 40.776337;",0
/Users/vasilisstamatopoulos/Documents/Works/01_ATHENA/01_Projects/XtremeXP/Code/approximate-valinor/data/yellow_tripdata_2014_cleaned.csv,table,55,1,0.406165875,"select count(column12) as count_column12, min(column12) as min_column12, max(column12) as max_column12, sum(column12) as sum_column12, avg(column12) as avg_column12, sum(column12 * column12) as sum_of_squares_column12 from data_table where column05 > -74.0088 AND column05 < -73.9855 AND column06 > 40.756237 AND column06 < 40.773716;",0
/Users/vasilisstamatopoulos/Documents/Works/01_ATHENA/01_Projects/XtremeXP/Code/approximate-valinor/data/yellow_tripdata_2014_cleaned.csv,table,56,1,0.351067667,"select count(column12) as count_column12, min(column12) as min_column12, max(column12) as max_column12, sum(column12) as sum_column12, avg(column12) as avg_column12, sum(column12 * column12) as sum_of_squares_column12 from data_table where column05 > -74.00577 AND column05 < -73.98247 AND column06 > 40.756237 AND column06 < 40.773716;",0
/Users/vasilisstamatopoulos/Documents/Works/01_ATHENA/01_Projects/XtremeXP/Code/approximate-valinor/data/yellow_tripdata_2014_cleaned.csv,table,57,1,0.37611875,"select count(column12) as count_column12, min(column12) as min_column12, max(column12) as max_column12, sum(column12) as sum_column12, avg(column12) as avg_column12, sum(column12 * column12) as sum_of_squares_column12 from data_table where column05 > -74.01019 AND column05 < -73.98689 AND column06 > 40.756237 AND column06 < 40.773716;",0
/Users/vasilisstamatopoulos/Documents/Works/01_ATHENA/01_Projects/XtremeXP/Code/approximate-valinor/data/yellow_tripdata_2014_cleaned.csv,table,58,1,0.344378083,"select count(column12) as count_column12, min(column12) as min_column12, max(column12) as max_column12, sum(column12) as sum_column12, avg(column12) as avg_column12, sum(column12 * column12) as sum_of_squares_column12 from data_table where column05 > -74.014854 AND column05 < -73.991554 AND column06 > 40.75973 AND column06 < 40.77721;",0
/Users/vasilisstamatopoulos/Documents/Works/01_ATHENA/01_Projects/XtremeXP/Code/approximate-valinor/data/yellow_tripdata_2014_cleaned.csv,table,59,1,0.347084625,"select count(column12) as count_column12, min(column12) as min_column12, max(column12) as max_column12, sum(column12) as sum_column12, avg(column12) as avg_column12, sum(column12 * column12) as sum_of_squares_column12 from data_table where column05 > -74.01742 AND column05 < -73.99412 AND column06 > 40.75973 AND column06 < 40.77721;",0
/Users/vasilisstamatopoulos/Documents/Works/01_ATHENA/01_Projects/XtremeXP/Code/approximate-valinor/data/yellow_tripdata_2014_cleaned.csv,table,60,1,0.307148333,"select count(column12) as count_column12, min(column12) as min_column12, max(column12) as max_column12, sum(column12) as sum_column12, avg(column12) as avg_column12, sum(column12 * column12) as sum_of_squares_column12 from data_table where column05 > -74.019745 AND column05 < -73.996445 AND column06 > 40.76148 AND column06 < 40.778957;",0
/Users/vasilisstamatopoulos/Documents/Works/01_ATHENA/01_Projects/XtremeXP/Code/approximate-valinor/data/yellow_tripdata_2014_cleaned.csv,table,61,1,0.34128875,"select count(column12) as count_column12, min(column12) as min_column12, max(column12) as max_column12, sum(column12) as sum_column12, avg(column12) as avg_column12, sum(column12 * column12) as sum_of_squares_column12 from data_table where column05 > -74.02277 AND column05 < -73.99947 AND column06 > 40.76148 AND column06 < 40.778957;",0
/Users/vasilisstamatopoulos/Documents/Works/01_ATHENA/01_Projects/XtremeXP/Code/approximate-valinor/data/yellow_tripdata_2014_cleaned.csv,table,62,1,0.3659265,"select count(column12) as count_column12, min(column12) as min_column12, max(column12) as max_column12, sum(column12) as sum_column12, avg(column12) as avg_column12, sum(column12 * column12) as sum_of_squares_column12 from data_table where column05 > -74.02277 AND column05 < -73.99947 AND column06 > 40.764275 AND column06 < 40.781754;",0
/Users/vasilisstamatopoulos/Documents/Works/01_ATHENA/01_Projects/XtremeXP/Code/approximate-valinor/data/yellow_tripdata_2014_cleaned.csv,table,63,1,0.365289292,"select count(column12) as count_column12, min(column12) as min_column12, max(column12) as max_column12, sum(column12) as sum_column12, avg(column12) as avg_column12, sum(column12 * column12) as sum_of_squares_column12 from data_table where column05 > -74.02277 AND column05 < -73.99947 AND column06 > 40.760952 AND column06 < 40.77843;",0
/Users/vasilisstamatopoulos/Documents/Works/01_ATHENA/01_Projects/XtremeXP/Code/approximate-valinor/data/yellow_tripdata_2014_cleaned.csv,table,64,1,0.309562334,"select count(column12) as count_column12, min(column12) as min_column12, max(column12) as max_column12, sum(column12) as sum_column12, avg(column12) as avg_column12, sum(column12 * column12) as sum_of_squares_column12 from data_table where column05 > -74.02021 AND column05 < -73.99691 AND column06 > 40.762875 AND column06 < 40.780354;",0
/Users/vasilisstamatopoulos/Documents/Works/01_ATHENA/01_Projects/XtremeXP/Code/approximate-valinor/data/yellow_tripdata_2014_cleaned.csv,table,65,1,0.286241417,"select count(column12) as count_column12, min(column12) as min_column12, max(column12) as max_column12, sum(column12) as sum_column12, avg(column12) as avg_column12, sum(column12 * column12) as sum_of_squares_column12 from data_table where column05 > -74.02021 AND column05 < -73.99691 AND column06 > 40.765846 AND column06 < 40.783325;",0
/Users/vasilisstamatopoulos/Documents/Works/01_ATHENA/01_Projects/XtremeXP/Code/approximate-valinor/data/yellow_tripdata_2014_cleaned.csv,table,66,1,0.22955425,"select count(column12) as count_column12, min(column12) as min_column12, max(column12) as max_column12, sum(column12) as sum_column12, avg(column12) as avg_column12, sum(column12 * column12) as sum_of_squares_column12 from data_table where column05 > -74.02021 AND column05 < -73.99691 AND column06 > 40.767944 AND column06 < 40.785423;",0
/Users/vasilisstamatopoulos/Documents/Works/01_ATHENA/01_Projects/XtremeXP/Code/approximate-valinor/data/yellow_tripdata_2014_cleaned.csv,table,67,1,0.273595041,"select count(column12) as count_column12, min(column12) as min_column12, max(column12) as max_column12, sum(column12) as sum_column12, avg(column12) as avg_column12, sum(column12 * column12) as sum_of_squares_column12 from data_table where column05 > -74.016014 AND column05 < -73.992714 AND column06 > 40.764797 AND column06 < 40.782276;",0
/Users/vasilisstamatopoulos/Documents/Works/01_ATHENA/01_Projects/XtremeXP/Code/approximate-valinor/data/yellow_tripdata_2014_cleaned.csv,table,68,1,0.288277542,"select count(column12) as count_column12, min(column12) as min_column12, max(column12) as max_column12, sum(column12) as sum_column12, avg(column12) as avg_column12, sum(column12 * column12) as sum_of_squares_column12 from data_table where column05 > -74.01369 AND column05 < -73.99039 AND column06 > 40.764797 AND column06 < 40.782276;",0
/Users/vasilisstamatopoulos/Documents/Works/01_ATHENA/01_Projects/XtremeXP/Code/approximate-valinor/data/yellow_tripdata_2014_cleaned.csv,table,69,1,0.275886833,"select count(column12) as count_column12, min(column12) as min_column12, max(column12) as max_column12, sum(column12) as sum_column12, avg(column12) as avg_column12, sum(column12 * column12) as sum_of_squares_column12 from data_table where column05 > -74.01369 AND column05 < -73.99039 AND column06 > 40.76707 AND column06 < 40.78455;",0
/Users/vasilisstamatopoulos/Documents/Works/01_ATHENA/01_Projects/XtremeXP/Code/approximate-valinor/data/yellow_tripdata_2014_cleaned.csv,table,70,1,0.244962625,"select count(column12) as count_column12, min(column12) as min_column12, max(column12) as max_column12, sum(column12) as sum_column12, avg(column12) as avg_column12, sum(column12 * column12) as sum_of_squares_column12 from data_table where column05 > -74.01765 AND column05 < -73.99435 AND column06 > 40.76707 AND column06 < 40.78455;",0
/Users/vasilisstamatopoulos/Documents/Works/01_ATHENA/01_Projects/XtremeXP/Code/approximate-valinor/data/yellow_tripdata_2014_cleaned.csv,table,71,1,0.265407042,"select count(column12) as count_column12, min(column12) as min_column12, max(column12) as max_column12, sum(column12) as sum_column12, avg(column12) as avg_column12, sum(column12 * column12) as sum_of_squares_column12 from data_table where column05 > -74.01765 AND column05 < -73.99435 AND column06 > 40.76969 AND column06 < 40.78717;",0
/Users/vasilisstamatopoulos/Documents/Works/01_ATHENA/01_Projects/XtremeXP/Code/approximate-valinor/data/yellow_tripdata_2014_cleaned.csv,table,72,1,0.261531708,"select count(column12) as count_column12, min(column12) as min_column12, max(column12) as max_column12, sum(column12) as sum_column12, avg(column12) as avg_column12, sum(column12 * column12) as sum_of_squares_column12 from data_table where column05 > -74.01765 AND column05 < -73.99435 AND column06 > 40.772137 AND column06 < 40.789616;",0
/Users/vasilisstamatopoulos/Documents/Works/01_ATHENA/01_Projects/XtremeXP/Code/approximate-valinor/data/yellow_tripdata_2014_cleaned.csv,table,73,1,0.264942084,"select count(column12) as count_column12, min(column12) as min_column12, max(column12) as max_column12, sum(column12) as sum_column12, avg(column12) as avg_column12, sum(column12 * column12) as sum_of_squares_column12 from data_table where column05 > -74.01462 AND column05 < -73.99132 AND column06 > 40.769863 AND column06 < 40.787342;",0
/Users/vasilisstamatopoulos/Documents/Works/01_ATHENA/01_Projects/XtremeXP/Code/approximate-valinor/data/yellow_tripdata_2014_cleaned.csv,table,74,1,0.245157042,"select count(column12) as count_column12, min(column12) as min_column12, max(column12) as max_column12, sum(column12) as sum_column12, avg(column12) as avg_column12, sum(column12 * column12) as sum_of_squares_column12 from data_table where column05 > -74.01462 AND column05 < -73.99132 AND column06 > 40.77196 AND column06 < 40.78944;",0
/Users/vasilisstamatopoulos/Documents/Works/01_ATHENA/01_Projects/XtremeXP/Code/approximate-valinor/data/yellow_tripdata_2014_cleaned.csv,table,75,1,0.239380208,"select count(column12) as count_column12, min(column12) as min_column12, max(column12) as max_column12, sum(column12) as sum_column12, avg(column12) as avg_column12, sum(column12 * column12) as sum_of_squares_column12 from data_table where column05 > -74.01811 AND column05 < -73.99481 AND column06 > 40.774582 AND column06 < 40.79206;",0
/Users/vasilisstamatopoulos/Documents/Works/01_ATHENA/01_Projects/XtremeXP/Code/approximate-valinor/data/yellow_tripdata_2014_cleaned.csv,table,76,1,0.24023725,"select count(column12) as count_column12, min(column12) as min_column12, max(column12) as max_column12, sum(column12) as sum_column12, avg(column12) as avg_column12, sum(column12 * column12) as sum_of_squares_column12 from data_table where column05 > -74.02231 AND column05 < -73.99901 AND column06 > 40.774582 AND column06 < 40.79206;",0
/Users/vasilisstamatopoulos/Documents/Works/01_ATHENA/01_Projects/XtremeXP/Code/approximate-valinor/data/yellow_tripdata_2014_cleaned.csv,table,77,1,0.232666042,"select count(column12) as count_column12, min(column12) as min_column12, max(column12) as max_column12, sum(column12) as sum_column12, avg(column12) as avg_column12, sum(column12 * column12) as sum_of_squares_column12 from data_table where column05 > -74.018814 AND column05 < -73.995514 AND column06 > 40.774582 AND column06 < 40.79206;",0
/Users/vasilisstamatopoulos/Documents/Works/01_ATHENA/01_Projects/XtremeXP/Code/approximate-valinor/data/yellow_tripdata_2014_cleaned.csv,table,78,1,0.225886292,"select count(column12) as count_column12, min(column12) as min_column12, max(column12) as max_column12, sum(column12) as sum_column12, avg(column12) as avg_column12, sum(column12 * column12) as sum_of_squares_column12 from data_table where column05 > -74.018814 AND column05 < -73.995514 AND column06 > 40.77633 AND column06 < 40.793808;",0
/Users/vasilisstamatopoulos/Documents/Works/01_ATHENA/01_Projects/XtremeXP/Code/approximate-valinor/data/yellow_tripdata_2014_cleaned.csv,table,79,1,0.245837333,"select count(column12) as count_column12, min(column12) as min_column12, max(column12) as max_column12, sum(column12) as sum_column12, avg(column12) as avg_column12, sum(column12 * column12) as sum_of_squares_column12 from data_table where column05 > -74.02301 AND column05 < -73.99971 AND column06 > 40.779476 AND column06 < 40.796955;",0
/Users/vasilisstamatopoulos/Documents/Works/01_ATHENA/01_Projects/XtremeXP/Code/approximate-valinor/data/yellow_tripdata_2014_cleaned.csv,table,80,1,0.22190775,"select count(column12) as count_column12, min(column12) as min_column12, max(column12) as max_column12, sum(column12) as sum_column12, avg(column12) as avg_column12, sum(column12 * column12) as sum_of_squares_column12 from data_table where column05 > -74.02301 AND column05 < -73.99971 AND column06 > 40.782623 AND column06 < 40.800102;",0
/Users/vasilisstamatopoulos/Documents/Works/01_ATHENA/01_Projects/XtremeXP/Code/approximate-valinor/data/yellow_tripdata_2014_cleaned.csv,table,81,1,0.226720291,"select count(column12) as count_column12, min(column12) as min_column12, max(column12) as max_column12, sum(column12) as sum_column12, avg(column12) as avg_column12, sum(column12 * column12) as sum_of_squares_column12 from data_table where column05 > -74.02604 AND column05 < -74.00274 AND column06 > 40.784897 AND column06 < 40.802376;",0
/Users/vasilisstamatopoulos/Documents/Works/01_ATHENA/01_Projects/XtremeXP/Code/approximate-valinor/data/yellow_tripdata_2014_cleaned.csv,table,82,1,0.22701125,"select count(column12) as count_column12, min(column12) as min_column12, max(column12) as max_column12, sum(column12) as sum_column12, avg(column12) as avg_column12, sum(column12 * column12) as sum_of_squares_column12 from data_table where column05 > -74.030235 AND column05 < -74.006935 AND column06 > 40.788044 AND column06 < 40.805523;",0
/Users/vasilisstamatopoulos/Documents/Works/01_ATHENA/01_Projects/XtremeXP/Code/approximate-valinor/data/yellow_tripdata_2014_cleaned.csv,table,83,1,0.226311042,"select count(column12) as count_column12, min(column12) as min_column12, max(column12) as max_column12, sum(column12) as sum_column12, avg(column12) as avg_column12, sum(column12 * column12) as sum_of_squares_column12 from data_table where column05 > -74.030235 AND column05 < -74.006935 AND column06 > 40.784897 AND column06 < 40.802376;",0
/Users/vasilisstamatopoulos/Documents/Works/01_ATHENA/01_Projects/XtremeXP/Code/approximate-valinor/data/yellow_tripdata_2014_cleaned.csv,table,84,1,0.244246875,"select count(column12) as count_column12, min(column12) as min_column12, max(column12) as max_column12, sum(column12) as sum_column12, avg(column12) as avg_column12, sum(column12 * column12) as sum_of_squares_column12 from data_table where column05 > -74.03443 AND column05 < -74.01113 AND column06 > 40.784897 AND column06 < 40.802376;",0
/Users/vasilisstamatopoulos/Documents/Works/01_ATHENA/01_Projects/XtremeXP/Code/approximate-valinor/data/yellow_tripdata_2014_cleaned.csv,table,85,1,0.203516708,"select count(column12) as count_column12, min(column12) as min_column12, max(column12) as max_column12, sum(column12) as sum_column12, avg(column12) as avg_column12, sum(column12 * column12) as sum_of_squares_column12 from data_table where column05 > -74.03443 AND column05 < -74.01113 AND column06 > 40.788044 AND column06 < 40.805523;",0
/Users/vasilisstamatopoulos/Documents/Works/01_ATHENA/01_Projects/XtremeXP/Code/approximate-valinor/data/yellow_tripdata_2014_cleaned.csv,table,86,1,0.216979042,"select count(column12) as count_column12, min(column12) as min_column12, max(column12) as max_column12, sum(column12) as sum_column12, avg(column12) as avg_column12, sum(column12 * column12) as sum_of_squares_column12 from data_table where column05 > -74.0307 AND column05 < -74.0074 AND column06 > 40.785248 AND column06 < 40.802727;",0
/Users/vasilisstamatopoulos/Documents/Works/01_ATHENA/01_Projects/XtremeXP/Code/approximate-valinor/data/yellow_tripdata_2014_cleaned.csv,table,87,1,0.226620917,"select count(column12) as count_column12, min(column12) as min_column12, max(column12) as max_column12, sum(column12) as sum_column12, avg(column12) as avg_column12, sum(column12 * column12) as sum_of_squares_column12 from data_table where column05 > -74.0307 AND column05 < -74.0074 AND column06 > 40.7821 AND column06 < 40.79958;",0
/Users/vasilisstamatopoulos/Documents/Works/01_ATHENA/01_Projects/XtremeXP/Code/approximate-valinor/data/yellow_tripdata_2014_cleaned.csv,table,88,1,0.2154535,"select count(column12) as count_column12, min(column12) as min_column12, max(column12) as max_column12, sum(column12) as sum_column12, avg(column12) as avg_column12, sum(column12 * column12) as sum_of_squares_column12 from data_table where column05 > -74.0307 AND column05 < -74.0074 AND column06 > 40.783848 AND column06 < 40.801327;",0
/Users/vasilisstamatopoulos/Documents/Works/01_ATHENA/01_Projects/XtremeXP/Code/approximate-valinor/data/yellow_tripdata_2014_cleaned.csv,table,89,1,0.209339833,"select count(column12) as count_column12, min(column12) as min_column12, max(column12) as max_column12, sum(column12) as sum_column12, avg(column12) as avg_column12, sum(column12 * column12) as sum_of_squares_column12 from data_table where column05 > -74.03466 AND column05 < -74.01136 AND column06 > 40.783848 AND column06 < 40.801327;",0
/Users/vasilisstamatopoulos/Documents/Works/01_ATHENA/01_Projects/XtremeXP/Code/approximate-valinor/data/yellow_tripdata_2014_cleaned.csv,table,90,1,0.213508,"select count(column12) as count_column12, min(column12) as min_column12, max(column12) as max_column12, sum(column12) as sum_column12, avg(column12) as avg_column12, sum(column12 * column12) as sum_of_squares_column12 from data_table where column05 > -74.03466 AND column05 < -74.01136 AND column06 > 40.78612 AND column06 < 40.8036;",0
/Users/vasilisstamatopoulos/Documents/Works/01_ATHENA/01_Projects/XtremeXP/Code/approximate-valinor/data/yellow_tripdata_2014_cleaned.csv,table,91,1,0.221896,"select count(column12) as count_column12, min(column12) as min_column12, max(column12) as max_column12, sum(column12) as sum_column12, avg(column12) as avg_column12, sum(column12 * column12) as sum_of_squares_column12 from data_table where column05 > -74.031395 AND column05 < -74.008095 AND column06 > 40.78612 AND column06 < 40.8036;",0
/Users/vasilisstamatopoulos/Documents/Works/01_ATHENA/01_Projects/XtremeXP/Code/approximate-valinor/data/yellow_tripdata_2014_cleaned.csv,table,92,1,0.274998167,"select count(column12) as count_column12, min(column12) as min_column12, max(column12) as max_column12, sum(column12) as sum_column12, avg(column12) as avg_column12, sum(column12 * column12) as sum_of_squares_column12 from data_table where column05 > -74.035126 AND column05 < -74.011826 AND column06 > 40.788918 AND column06 < 40.806396;",0
/Users/vasilisstamatopoulos/Documents/Works/01_ATHENA/01_Projects/XtremeXP/Code/approximate-valinor/data/yellow_tripdata_2014_cleaned.csv,table,93,1,0.214779417,"select count(column12) as count_column12, min(column12) as min_column12, max(column12) as max_column12, sum(column12) as sum_column12, avg(column12) as avg_column12, sum(column12 * column12) as sum_of_squares_column12 from data_table where column05 > -74.035126 AND column05 < -74.011826 AND column06 > 40.786644 AND column06 < 40.804123;",0
/Users/vasilisstamatopoulos/Documents/Works/01_ATHENA/01_Projects/XtremeXP/Code/approximate-valinor/data/yellow_tripdata_2014_cleaned.csv,table,94,1,0.210600417,"select count(column12) as count_column12, min(column12) as min_column12, max(column12) as max_column12, sum(column12) as sum_column12, avg(column12) as avg_column12, sum(column12 * column12) as sum_of_squares_column12 from data_table where column05 > -74.03979 AND column05 < -74.01649 AND column06 > 40.79014 AND column06 < 40.807617;",0
/Users/vasilisstamatopoulos/Documents/Works/01_ATHENA/01_Projects/XtremeXP/Code/approximate-valinor/data/yellow_tripdata_2014_cleaned.csv,table,95,1,0.219420458,"select count(column12) as count_column12, min(column12) as min_column12, max(column12) as max_column12, sum(column12) as sum_column12, avg(column12) as avg_column12, sum(column12 * column12) as sum_of_squares_column12 from data_table where column05 > -74.03979 AND column05 < -74.01649 AND column06 > 40.793633 AND column06 < 40.81111;",0
/Users/vasilisstamatopoulos/Documents/Works/01_ATHENA/01_Projects/XtremeXP/Code/approximate-valinor/data/yellow_tripdata_2014_cleaned.csv,table,96,1,0.220800584,"select count(column12) as count_column12, min(column12) as min_column12, max(column12) as max_column12, sum(column12) as sum_column12, avg(column12) as avg_column12, sum(column12 * column12) as sum_of_squares_column12 from data_table where column05 > -74.03583 AND column05 < -74.01253 AND column06 > 40.796604 AND column06 < 40.814083;",0
/Users/vasilisstamatopoulos/Documents/Works/01_ATHENA/01_Projects/XtremeXP/Code/approximate-valinor/data/yellow_tripdata_2014_cleaned.csv,table,97,1,0.215592709,"select count(column12) as count_column12, min(column12) as min_column12, max(column12) as max_column12, sum(column12) as sum_column12, avg(column12) as avg_column12, sum(column12 * column12) as sum_of_squares_column12 from data_table where column05 > -74.04049 AND column05 < -74.01719 AND column06 > 40.79311 AND column06 < 40.81059;",0
/Users/vasilisstamatopoulos/Documents/Works/01_ATHENA/01_Projects/XtremeXP/Code/approximate-valinor/data/yellow_tripdata_2014_cleaned.csv,table,98,1,0.223942708,"select count(column12) as count_column12, min(column12) as min_column12, max(column12) as max_column12, sum(column12) as sum_column12, avg(column12) as avg_column12, sum(column12 * column12) as sum_of_squares_column12 from data_table where column05 > -74.04305 AND column05 < -74.01975 AND column06 > 40.795033 AND column06 < 40.81251;",0
/Users/vasilisstamatopoulos/Documents/Works/01_ATHENA/01_Projects/XtremeXP/Code/approximate-valinor/data/yellow_tripdata_2014_cleaned.csv,table,99,1,0.227177125,"select count(column12) as count_column12, min(column12) as min_column12, max(column12) as max_column12, sum(column12) as sum_column12, avg(column12) as avg_column12, sum(column12 * column12) as sum_of_squares_column12 from data_table where column05 > -74.04049 AND column05 < -74.01719 AND column06 > 40.795033 AND column06 < 40.81251;",0
